name_cn,name_en,url
GarrettMotionInc,GTX,https://quote.eastmoney.com/us/GTX.html
GTxInc,GTXI,https://quote.eastmoney.com/us/GTXI.html
GETTYREALTYCORP,GTY,https://quote.eastmoney.com/us/GTY.html
GTYTechnologyHoldingsInc,GTYH,https://quote.eastmoney.com/us/GTYH.html
GTYTechnologyHoldingsIncUnitConsof1CLA+,GTYHU,https://quote.eastmoney.com/us/GTYHU.html
GTYTechnologyHoldingsIncWt,GTYHW,https://quote.eastmoney.com/us/GTYHW.html
GulfPowerCompany5.75%SrNot,GUA,https://quote.eastmoney.com/us/GUA.html
GulfPowerCompany,GUA_CL,https://quote.eastmoney.com/us/GUA_CL.html
SageESGIntermediateCreditET,GUDB,https://quote.eastmoney.com/us/GUDB.html
盖登斯软件,GUID,https://quote.eastmoney.com/us/GUID.html
GULFPOWERCOMPSERH5.25%SRNTSDUE,GUL,https://quote.eastmoney.com/us/GUL.html
WisdomtreeMiddleEastDividend,GULF,https://quote.eastmoney.com/us/GULF.html
GULFCOASTULTRADEEPROYALTYTRUSTUNIT,GULTU,https://quote.eastmoney.com/us/GULTU.html
FlexSharesGlobalUpstreamNatu,GUNR,https://quote.eastmoney.com/us/GUNR.html
SPDRS&PEmergingEuropeETF,GUR,https://quote.eastmoney.com/us/GUR.html
海湾资源,GURE,https://quote.eastmoney.com/us/GURE.html
GlobalXGuruInternationalInd,GURI,https://quote.eastmoney.com/us/GURI.html
GlobalXGuruIndexETF,GURU,https://quote.eastmoney.com/us/GURU.html
GlobalXGuruSmallCapIndexE,GURX,https://quote.eastmoney.com/us/GURX.html
DirexionDailyS&POil&GasEx,GUSH,https://quote.eastmoney.com/us/GUSH.html
GabelliUtilityTrust,GUT,https://quote.eastmoney.com/us/GUT.html
GabelliUtilityTrust5.625%Se,GUT_A,https://quote.eastmoney.com/us/GUT_A.html
GabelliUtilityTrust(The),GUT_C,https://quote.eastmoney.com/us/GUT_C.html
GOLDFIELDCORP,GV,https://quote.eastmoney.com/us/GV.html
GRANITECONSTRUCTIONINC,GVA,https://quote.eastmoney.com/us/GVA.html
CambriaGlobalValueETF,GVAL,https://quote.eastmoney.com/us/GVAL.html
iSharesIntermediateGovernment,GVI,https://quote.eastmoney.com/us/GVI.html
GOLDMANSACHSHEDGEINDVIPETF,GVIP,https://quote.eastmoney.com/us/GVIP.html
GSESYSTEMSINC,GVP,https://quote.eastmoney.com/us/GVP.html
ColumbiaSelectLargeCapValue,GVT,https://quote.eastmoney.com/us/GVT.html
GREENWAYMEDICALTECHNOLOGIES,GWAY,https://quote.eastmoney.com/us/GWAY.html
GreatWesternBancorpInc,GWB,https://quote.eastmoney.com/us/GWB.html
GWGHoldingsInc,GWGH,https://quote.eastmoney.com/us/GWGH.html
SPDRS&PWorldex-USETF,GWL,https://quote.eastmoney.com/us/GWL.html
GWPharmaceuticalsplcADR,GWPH,https://quote.eastmoney.com/us/GWPH.html
GENESEE&WYOMINGINC-CLA,GWR,https://quote.eastmoney.com/us/GWR.html
GuidewireSoftwareInc,GWRE,https://quote.eastmoney.com/us/GWRE.html
GlobalWaterResourcesInc,GWRS,https://quote.eastmoney.com/us/GWRS.html
GENESEE&WYOMINGInc5.00%TANGIBLEEQUITYUNITS,GWRU,https://quote.eastmoney.com/us/GWRU.html
固安捷,GWW,https://quote.eastmoney.com/us/GWW.html
SPDRS&PInternationalSmallCa,GWX,https://quote.eastmoney.com/us/GWX.html
SPDRS&PChinaETF,GXC,https://quote.eastmoney.com/us/GXC.html
GlobalXFTSENordicRegionETF,GXF,https://quote.eastmoney.com/us/GXF.html
GlobalXMSCIColombiaETF,GXG,https://quote.eastmoney.com/us/GXG.html
GXAcquisitionCorp-A,GXGX,https://quote.eastmoney.com/us/GXGX.html
GXAcquisitionCorpWt,GXGX_W,https://quote.eastmoney.com/us/GXGX_W.html
GXAcquisitionCorpUnitConsof1CLA+1/2Wts,GXGXU,https://quote.eastmoney.com/us/GXGXU.html
GXAcquisitionCorpWt,GXGXW,https://quote.eastmoney.com/us/GXGXW.html
GREATPLAINSENERGY,GXP,https://quote.eastmoney.com/us/GXP.html
GreatPlainsEnergy,GXP_A,https://quote.eastmoney.com/us/GXP_A.html
GreatPlainsEnergyInc,GXP_A_CL,https://quote.eastmoney.com/us/GXP_A_CL.html
GreatPlainsEnergyInc,GXP_B,https://quote.eastmoney.com/us/GXP_B.html
GreatPlainsEnergyIncSeries,GXP_B_CL,https://quote.eastmoney.com/us/GXP_B_CL.html
GreatPlainsEnergy,GXP_D,https://quote.eastmoney.com/us/GXP_D.html
GreatPlainsEnergyInc,GXP_D_CL,https://quote.eastmoney.com/us/GXP_D_CL.html
GreatPlainsEnergy,GXP_E,https://quote.eastmoney.com/us/GXP_E.html
GreatPlainsEnergyInc,GXP_E_CL,https://quote.eastmoney.com/us/GXP_E_CL.html
GENCORPINC,GY,https://quote.eastmoney.com/us/GY.html
CORPORATEASSETBACKEDCORPCABCOTRU,GYA,https://quote.eastmoney.com/us/GYA.html
CORPORATEASSETBACKEDCORPCABCOTRU,GYB,https://quote.eastmoney.com/us/GYB.html
CORPORATEASSETBACKEDCORPCABCOTRU,GYC,https://quote.eastmoney.com/us/GYC.html
AdvisorSharesGartmanGold/Yen,GYEN,https://quote.eastmoney.com/us/GYEN.html
ArrowDowJonesGlobalYieldET,GYLD,https://quote.eastmoney.com/us/GYLD.html
旋翼,GYRO,https://quote.eastmoney.com/us/GYRO.html
GAZIT-GLOBE,GZT,https://quote.eastmoney.com/us/GZT.html
凯悦酒店,H,https://quote.eastmoney.com/us/H.html
HAWAIIANHOLDINGSINC,HA,https://quote.eastmoney.com/us/HA.html
TheHabitRestaurantsInc-A,HABT,https://quote.eastmoney.com/us/HABT.html
PurefundsIseCyberSecurityET,HACK,https://quote.eastmoney.com/us/HACK.html
iSharesCurrencyHedgedMSCIAC,HACV,https://quote.eastmoney.com/us/HACV.html
iSharesCurrencyHedgedMSCIAC,HACW,https://quote.eastmoney.com/us/HACW.html
HAEMONETICSCORP,HAE,https://quote.eastmoney.com/us/HAE.html
韩美金融,HAFC,https://quote.eastmoney.com/us/HAFC.html
CSOPChinaCSI300A-HDynamic,HAHA,https://quote.eastmoney.com/us/HAHA.html
SPDRS&PKenshoSmartMobility,HAIL,https://quote.eastmoney.com/us/HAIL.html
海恩时富,HAIN,https://quote.eastmoney.com/us/HAIN.html
RestorationRoboticsInc,HAIR,https://quote.eastmoney.com/us/HAIR.html
DirexionDailyCyberSecurityB,HAKD,https://quote.eastmoney.com/us/HAKD.html
DirexionDailyCyberSecurityB,HAKK,https://quote.eastmoney.com/us/HAKK.html
哈利伯顿公司,HAL,https://quote.eastmoney.com/us/HAL.html
标志金融服务,HALL,https://quote.eastmoney.com/us/HALL.html
奥洛兹美医疗,HALO,https://quote.eastmoney.com/us/HALO.html
GuggenheimChinaSmallCapETF,HAO,https://quote.eastmoney.com/us/HAO.html
MarketVectorsNaturalResource,HAP,https://quote.eastmoney.com/us/HAP.html
幸福来,HAPP,https://quote.eastmoney.com/us/HAPP.html
哈曼国际工业,HAR,https://quote.eastmoney.com/us/HAR.html
HarpoonTherapeuticsInc,HARP,https://quote.eastmoney.com/us/HARP.html
HARVARDAPPARATUSREGENERATIVETECHNOLOGYInc,HART,https://quote.eastmoney.com/us/HART.html
孩之宝,HAS,https://quote.eastmoney.com/us/HAS.html
HannonArmstrongSustainableInfrastructureCapita,HASI,https://quote.eastmoney.com/us/HASI.html
HASTINGSENTERTAINMENTINC,HAST,https://quote.eastmoney.com/us/HAST.html
iSharesCurrencyHedgedMSCIAu,HAUD,https://quote.eastmoney.com/us/HAUD.html
HAUPPAUGEDIGITALINC,HAUP,https://quote.eastmoney.com/us/HAUP.html
XtrackersInternationalRealEs,HAUZ,https://quote.eastmoney.com/us/HAUZ.html
BlackhawkNetworkHoldingsInc,HAWK,https://quote.eastmoney.com/us/HAWK.html
BLACKHAWKNETWORKHOLDINGSINC,HAWKB,https://quote.eastmoney.com/us/HAWKB.html
iSharesCurrencyHedgedMSCIAC,HAWX,https://quote.eastmoney.com/us/HAWX.html
海恩斯国际,HAYN,https://quote.eastmoney.com/us/HAYN.html
亨廷顿银行,HBAN,https://quote.eastmoney.com/us/HBAN.html
HuntingtonBancsharesIncorpora,HBANN,https://quote.eastmoney.com/us/HBANN.html
HuntingtonBancsharesIncorpora,HBANO,https://quote.eastmoney.com/us/HBANO.html
HUNTINGTONBANCSHARESINCORPORATED,HBANP,https://quote.eastmoney.com/us/HBANP.html
HamiltonBeachBrandsHoldingCo-A,HBB,https://quote.eastmoney.com/us/HBB.html
HomeBancorInc,HBCP,https://quote.eastmoney.com/us/HBCP.html
汉考克银行控股,HBHC,https://quote.eastmoney.com/us/HBHC.html
HancockHoldingCompany5.95%S,HBHCL,https://quote.eastmoney.com/us/HBHCL.html
HANESBRANDS,HBI,https://quote.eastmoney.com/us/HBI.html
哈佛生物科学,HBIO,https://quote.eastmoney.com/us/HBIO.html
HAMILTONBANCORPINC,HBK,https://quote.eastmoney.com/us/HBK.html
HUDBAYMINERALS,HBM,https://quote.eastmoney.com/us/HBM.html
HudbayMineralsIncWt,HBM_WS,https://quote.eastmoney.com/us/HBM_WS.html
HowardBancorpInc,HBMD,https://quote.eastmoney.com/us/HBMD.html
哈里逊银行,HBNC,https://quote.eastmoney.com/us/HBNC.html
HAMPDENBANCORPINC,HBNK,https://quote.eastmoney.com/us/HBNK.html
HERITAGEFINANCIALGROUP,HBOS,https://quote.eastmoney.com/us/HBOS.html
HuttigBuildingProductsInc,HBP,https://quote.eastmoney.com/us/HBP.html
ProSharesUltraHomebuilders&,HBU,https://quote.eastmoney.com/us/HBU.html
ProShareUltraShortHomebuilder,HBZ,https://quote.eastmoney.com/us/HBZ.html
HCAHealthcareInc,HCA,https://quote.eastmoney.com/us/HCA.html
HENNESSYCAPITALACQUISITIONCORPII,HCAC,https://quote.eastmoney.com/us/HCAC.html
亨尼西资本收购公司,HCAC_U,https://quote.eastmoney.com/us/HCAC_U.html
HennessyCapitalAcquisitionCorpIIIWt,HCAC_WS,https://quote.eastmoney.com/us/HCAC_WS.html
HennessyCapitalAcquisitionCorpIVUnitConsof,HCACU,https://quote.eastmoney.com/us/HCACU.html
HENNESSYCAPITALACQUISITIONCORPII,HCACW,https://quote.eastmoney.com/us/HCACW.html
HarvestCapitalCreditCorp,HCAP,https://quote.eastmoney.com/us/HCAP.html
HarvestCapitalCreditCorporat,HCAPL,https://quote.eastmoney.com/us/HCAPL.html
HarvestCapitalCreditCorpNot,HCAPZ,https://quote.eastmoney.com/us/HCAPZ.html
HealthCatalystInc,HCAT,https://quote.eastmoney.com/us/HCAT.html
哈德逊城市银行,HCBK,https://quote.eastmoney.com/us/HCBK.html
HCC,HCC,https://quote.eastmoney.com/us/HCC.html
HLAcquisitionsCorp,HCCH,https://quote.eastmoney.com/us/HCCH.html
HLAcquisitionsCorpRt,HCCHR,https://quote.eastmoney.com/us/HCCHR.html
HLAcquisitionsCorpUnitConsof1Sh+1Rt+1,HCCHU,https://quote.eastmoney.com/us/HCCHU.html
HLAcquisitionsCorpWt,HCCHW,https://quote.eastmoney.com/us/HCCHW.html
Heritage-CrystalCleanInc,HCCI,https://quote.eastmoney.com/us/HCCI.html
HuntCompaniesFinanceTrustInc,HCFT,https://quote.eastmoney.com/us/HCFT.html
HuntCompaniesFinanceTrustInc,HCFT_A,https://quote.eastmoney.com/us/HCFT_A.html
HuntCompaniesFinanceTrustIn,HCFT_A_CL,https://quote.eastmoney.com/us/HCFT_A_CL.html
HC2HoldingsInc,HCHC,https://quote.eastmoney.com/us/HCHC.html
HC2Holdings,HCHC_NYSE,https://quote.eastmoney.com/us/HCHC_NYSE.html
HOMEOWNERSCHOICEINC,HCI,https://quote.eastmoney.com/us/HCI.html
HciGroupInc,HCJ,https://quote.eastmoney.com/us/HCJ.html
哈克特集团,HCKT,https://quote.eastmoney.com/us/HCKT.html
Hi-CrushPartnersLP,HCLP,https://quote.eastmoney.com/us/HCLP.html
和黄中国医药(USADR),HCM,https://quote.eastmoney.com/us/HCM.html
医疗保健房产信托,HCN,https://quote.eastmoney.com/us/HCN.html
HealthCareReitInc,HCN_I,https://quote.eastmoney.com/us/HCN_I.html
HealthCareReitInc,HCN_J,https://quote.eastmoney.com/us/HCN_J.html
HawaiianTelcomHoldcoInc,HCOM,https://quote.eastmoney.com/us/HCOM.html
HartfordFundsExchange-Traded,HCOR,https://quote.eastmoney.com/us/HCOR.html
HCPINC,HCP,https://quote.eastmoney.com/us/HCP.html
QuadraticInterestRateVolatil,HCPI,https://quote.eastmoney.com/us/HCPI.html
Hi-CrushInc,HCR,https://quote.eastmoney.com/us/HCR.html
iSharesEdgeMSCIMultifactorH,HCRF,https://quote.eastmoney.com/us/HCRF.html
医疗保健服务,HCSG,https://quote.eastmoney.com/us/HCSG.html
HerculesCapitalIncNotes,HCXY,https://quote.eastmoney.com/us/HCXY.html
HerculesCapitalIncNotes,HCXZ,https://quote.eastmoney.com/us/HCXZ.html
家得宝,HD,https://quote.eastmoney.com/us/HD.html
DeutscheX-trackersMSCIAllWo,HDAW,https://quote.eastmoney.com/us/HDAW.html
HDFCBANKLTD-ADR,HDB,https://quote.eastmoney.com/us/HDB.html
DeutscheX-trackersMSCIEmergi,HDEE,https://quote.eastmoney.com/us/HDEE.html
DeutscheX-trackersMSCIEAFEH,HDEF,https://quote.eastmoney.com/us/HDEF.html
DeutscheX-trackersMSCIEurozo,HDEZ,https://quote.eastmoney.com/us/HDEZ.html
ProSharesHedgeReplicationETF,HDG,https://quote.eastmoney.com/us/HDG.html
AdvisorSharesRangerEquityBea,HDGE,https://quote.eastmoney.com/us/HDGE.html
WisdomTreeInternationalHedged,HDLS,https://quote.eastmoney.com/us/HDLS.html
EtracsMonthlyPay2xleveraged,HDLV,https://quote.eastmoney.com/us/HDLV.html
FIRSTTREXCHANGETRADEDFDIII,HDMV,https://quote.eastmoney.com/us/HDMV.html
哈挺,HDNG,https://quote.eastmoney.com/us/HDNG.html
HortonworksInc,HDP,https://quote.eastmoney.com/us/HDP.html
HYDRAINDUSTRIESACQUISITIONCorp,HDRA,https://quote.eastmoney.com/us/HDRA.html
HydraIndustriesAcquisitionCo,HDRAR,https://quote.eastmoney.com/us/HDRAR.html
HYDRAINDUSTRIESACQUISITIONCORP.,HDRAU,https://quote.eastmoney.com/us/HDRAU.html
HYDRAINDUSTRIESACQUISITIONCorpWARRANTS,HDRAW,https://quote.eastmoney.com/us/HDRAW.html
WISDOMTREETRGLOBALEX-USHEDG,HDRW,https://quote.eastmoney.com/us/HDRW.html
HDSUPPLYHOLDINGS,HDS,https://quote.eastmoney.com/us/HDS.html
哈德森科技,HDSN,https://quote.eastmoney.com/us/HDSN.html
iSharesCoreHighDividendETF,HDV,https://quote.eastmoney.com/us/HDV.html
WisdomTreeTrustWisdomTreeInt,HDWM,https://quote.eastmoney.com/us/HDWM.html
SPDRS&PInternationalDividend,HDWX,https://quote.eastmoney.com/us/HDWX.html
HYPERDYNAMICSCORP,HDY,https://quote.eastmoney.com/us/HDY.html
HAWAIIANELECTRICINDUSTRIES,HE,https://quote.eastmoney.com/us/HE.html
HecoCapitalTrustIII6.5%Qui,HE_U,https://quote.eastmoney.com/us/HE_U.html
HECOCapitalTrustIIIQuarterl,HE_U_CL,https://quote.eastmoney.com/us/HE_U_CL.html
TurtleBeachCorp,HEAR,https://quote.eastmoney.com/us/HEAR.html
HEMISPHERXBIOPHARMAINC,HEB,https://quote.eastmoney.com/us/HEB.html
希伯伦科技,HEBT,https://quote.eastmoney.com/us/HEBT.html
HydrocarbEnergyCorporation,HECC,https://quote.eastmoney.com/us/HECC.html
HydrocarbEnergyCorporation,HECCQ,https://quote.eastmoney.com/us/HECCQ.html
HuntingtonEcologicalStrategy,HECO,https://quote.eastmoney.com/us/HECO.html
HydrocarbEnergyCorporation,HECQE,https://quote.eastmoney.com/us/HECQE.html
WisdomTreeEuropeHedgedEquity,HEDJ,https://quote.eastmoney.com/us/HEDJ.html
iSharesCurrencyHedgedMSCIEm,HEEM,https://quote.eastmoney.com/us/HEEM.html
H&EEquipmentServicesInc,HEES,https://quote.eastmoney.com/us/HEES.html
iSharesCurrencyHedgedMSCIEa,HEFA,https://quote.eastmoney.com/us/HEFA.html
iSharesCurrencyHedgedMSCIEA,HEFV,https://quote.eastmoney.com/us/HEFV.html
DirexionDailyMSCIEuropeCurr,HEGE,https://quote.eastmoney.com/us/HEGE.html
DirexionDailyMSCIJapanCurre,HEGJ,https://quote.eastmoney.com/us/HEGJ.html
HEICOCORP,HEI,https://quote.eastmoney.com/us/HEI.html
HEICOCORPCLA,A,https://quote.eastmoney.com/us/HEI/A.html
HEICOCorp-A,HEI_A,https://quote.eastmoney.com/us/HEI_A.html
HECKMANNCORP,HEK,https://quote.eastmoney.com/us/HEK.html
海伦特洛伊家电,HELE,https://quote.eastmoney.com/us/HELE.html
CHCGROUPLTD.,HELI,https://quote.eastmoney.com/us/HELI.html
iSharesCurrencyHedgedMSCIEM,HEMV,https://quote.eastmoney.com/us/HEMV.html
欧克斯赛银行,HEOP,https://quote.eastmoney.com/us/HEOP.html
HOLLYENERGYPARTNERSLP,HEP,https://quote.eastmoney.com/us/HEP.html
HepionPharmaceuticalsInc,HEPA,https://quote.eastmoney.com/us/HEPA.html
JohnHancockHedgedEquity&In,HEQ,https://quote.eastmoney.com/us/HEQ.html
PacerCashCowsFundofFundsE,HERD,https://quote.eastmoney.com/us/HERD.html
海格离岸材料,HERO,https://quote.eastmoney.com/us/HERO.html
赫斯石油,HES,https://quote.eastmoney.com/us/HES.html
HessCorpSeriesA,HES_A,https://quote.eastmoney.com/us/HES_A.html
HessMidstreamPartnersLP,HESM,https://quote.eastmoney.com/us/HESM.html
iSharesCurrencyHedgedMSCIEu,HEUS,https://quote.eastmoney.com/us/HEUS.html
iSharesCurrencyHedgedMSCIEu,HEUV,https://quote.eastmoney.com/us/HEUV.html
iPathPureBetaIndustrialMeta,HEVY,https://quote.eastmoney.com/us/HEVY.html
iSharesCurrencyHedgedMSCICa,HEWC,https://quote.eastmoney.com/us/HEWC.html
iSharesCurrencyHedgedMSCIGe,HEWG,https://quote.eastmoney.com/us/HEWG.html
德国汇率对冲ETF-iShares,HEWG_NASDAQ,https://quote.eastmoney.com/us/HEWG_NASDAQ.html
iSharesCurrencyHedgedMSCIIt,HEWI,https://quote.eastmoney.com/us/HEWI.html
iSharesCurrencyHedgedMSCIJa,HEWJ,https://quote.eastmoney.com/us/HEWJ.html
iSharesCurrencyHedgedMSCISw,HEWL,https://quote.eastmoney.com/us/HEWL.html
iSharesCurrencyHedgedMSCISp,HEWP,https://quote.eastmoney.com/us/HEWP.html
iSharesCurrencyHedgedMSCIUn,HEWU,https://quote.eastmoney.com/us/HEWU.html
iSharesCurrencyHedgedMSCIMe,HEWW,https://quote.eastmoney.com/us/HEWW.html
iSharesCurrencyHedgedMSCISo,HEWY,https://quote.eastmoney.com/us/HEWY.html
HEXOCorp,HEXO,https://quote.eastmoney.com/us/HEXO.html
HEXOCorp,HEXO_NYSE,https://quote.eastmoney.com/us/HEXO_NYSE.html
iSharesCurrencyHedgedMSCIEm,HEZU,https://quote.eastmoney.com/us/HEZU.html
HFFINCCLASSA,HF,https://quote.eastmoney.com/us/HF.html
HopFedBancorpInc,HFBC,https://quote.eastmoney.com/us/HFBC.html
HomeFederalBancorpIncofLouisiana,HFBL,https://quote.eastmoney.com/us/HFBL.html
HOLLYFRONTIER,HFC,https://quote.eastmoney.com/us/HFC.html
SPDREUROSTOXX50CurrencyHed,HFEZ,https://quote.eastmoney.com/us/HFEZ.html
HF金融,HFFC,https://quote.eastmoney.com/us/HFFC.html
HFFoodsGroupInc,HFFG,https://quote.eastmoney.com/us/HFFG.html
HartfordGlobalImpactNextShar,HFGIC,https://quote.eastmoney.com/us/HFGIC.html
HighlandFloatingRateOpportun,HFRO,https://quote.eastmoney.com/us/HFRO.html
HighlandIncomeFundSeriesAP,HFRO_A,https://quote.eastmoney.com/us/HFRO_A.html
HeritageFinancialCorp,HFWA,https://quote.eastmoney.com/us/HFWA.html
IQ50PercentHedgedFTSEEurop,HFXE,https://quote.eastmoney.com/us/HFXE.html
IQ50PercentHedgedFTSEInter,HFXI,https://quote.eastmoney.com/us/HFXI.html
IQ50PercentHedgedFTSEJapan,HFXJ,https://quote.eastmoney.com/us/HFXJ.html
ProSharesHedgedFTSEEuropeET,HGEU,https://quote.eastmoney.com/us/HGEU.html
HHGREGGINC,HGG,https://quote.eastmoney.com/us/HGG.html
TheHartfordFinancialServices,HGH,https://quote.eastmoney.com/us/HGH.html
GuggenheimInternationalMuti-A,HGI,https://quote.eastmoney.com/us/HGI.html
ProSharesHedgedFTSEJapanETF,HGJP,https://quote.eastmoney.com/us/HGJP.html
HighlandGlobalAllocationFund,HGLB,https://quote.eastmoney.com/us/HGLB.html
HANGER,HGR,https://quote.eastmoney.com/us/HGR.html
WISDOMTREETRGLOBALHEDGEDSMA,HGSD,https://quote.eastmoney.com/us/HGSD.html
汉广厦房地产,HGSH,https://quote.eastmoney.com/us/HGSH.html
HUGOTONROYALTYTRUST,HGT,https://quote.eastmoney.com/us/HGT.html
希尔顿度假酒店,HGV,https://quote.eastmoney.com/us/HGV.html
HOOPERHOLMESINC,HH,https://quote.eastmoney.com/us/HH.html
HOWARDHUGHES,HHC,https://quote.eastmoney.com/us/HHC.html
HighlandFundsIHighlandHFRE,HHDG,https://quote.eastmoney.com/us/HHDG.html
HighlandFundsIHighlandHFRG,HHFR,https://quote.eastmoney.com/us/HHFR.html
WealthbridgeAcquisitionLtd,HHH,https://quote.eastmoney.com/us/HHH.html
WealthbridgeAcquisitionLtd,HHHH,https://quote.eastmoney.com/us/HHHH.html
WealthbridgeAcquisitionLtdRt,HHHHR,https://quote.eastmoney.com/us/HHHHR.html
WealthbridgeAcquisitionLtdUnitConsof1Sh+1,HHHHU,https://quote.eastmoney.com/us/HHHHU.html
WealthbridgeAcquisitionLtdWt,HHHHW,https://quote.eastmoney.com/us/HHHHW.html
WealthbridgeAcquisitionLtdRt,HHHR,https://quote.eastmoney.com/us/HHHR.html
WealthbridgeAcquisitionLtdUnitConsof1Sh+1,HHHU,https://quote.eastmoney.com/us/HHHU.html
WealthbridgeAcquisitionLtdWt,HHHW,https://quote.eastmoney.com/us/HHHW.html
HeadHunterGroupPLCADR,HHR,https://quote.eastmoney.com/us/HHR.html
HARTE-HANKSINC,HHS,https://quote.eastmoney.com/us/HHS.html
Huitao科技,HHT,https://quote.eastmoney.com/us/HHT.html
BROOKFIELDHIGHINCOMEFUNDINC,HHY,https://quote.eastmoney.com/us/HHY.html
iSharesCurrencyHedgedGlobal,HHYX,https://quote.eastmoney.com/us/HHYX.html
HILLENBRANDINC,HI,https://quote.eastmoney.com/us/HI.html
希贝特体育,HIBB,https://quote.eastmoney.com/us/HIBB.html
Miller/HowardHighIncomeEquit,HIE,https://quote.eastmoney.com/us/HIE.html
InfraREITInc,HIFR,https://quote.eastmoney.com/us/HIFR.html
欣厄姆银行,HIFS,https://quote.eastmoney.com/us/HIFS.html
哈特福德金融服务,HIG,https://quote.eastmoney.com/us/HIG.html
TheHartfordFinancialServices,HIG_G,https://quote.eastmoney.com/us/HIG_G.html
HartfordFinancialServicesGroupIncWt,HIG_WS,https://quote.eastmoney.com/us/HIG_WS.html
骇维金属加工,HIHO,https://quote.eastmoney.com/us/HIHO.html
HII,HII,https://quote.eastmoney.com/us/HII.html
HealthInsuranceInnovationsInc-A,HIIQ,https://quote.eastmoney.com/us/HIIQ.html
HILLINTERNATIONALINC,HIL,https://quote.eastmoney.com/us/HIL.html
DOTHILLSYSTEMSCORP,HILL,https://quote.eastmoney.com/us/HILL.html
EGSharesEmQualitydividendETF,HILO,https://quote.eastmoney.com/us/HILO.html
奇景光电,HIMX,https://quote.eastmoney.com/us/HIMX.html
WesternAssetHighIncomeOppor,HIO,https://quote.eastmoney.com/us/HIO.html
MasterIncomeETF,HIPS,https://quote.eastmoney.com/us/HIPS.html
HI-TECHPHARMACALCOINC,HITK,https://quote.eastmoney.com/us/HITK.html
HITTITEMICROWAVECORP,HITT,https://quote.eastmoney.com/us/HITT.html
AerohiveNetworksInc,HIVE,https://quote.eastmoney.com/us/HIVE.html
HIGHWOODSPROPERTIESINC,HIW,https://quote.eastmoney.com/us/HIW.html
WesternAssetHighIncomeFund,HIX,https://quote.eastmoney.com/us/HIX.html
MSSTRUCTUREDASSETCORP6.00%GOLDMAN,HJJ,https://quote.eastmoney.com/us/HJJ.html
MSSTRUCTUREDASSETSATURNS,HJL,https://quote.eastmoney.com/us/HJL.html
HancockJaffeLaboratoriesInc,HJLI,https://quote.eastmoney.com/us/HJLI.html
HancockJaffeLaboratoriesIncWt,HJLIW,https://quote.eastmoney.com/us/HJLIW.html
MSSTRUCTUREDASSETSATURNS2005-016,HJN,https://quote.eastmoney.com/us/HJN.html
iSharesCurrencyHedgedJPX-Nik,HJPX,https://quote.eastmoney.com/us/HJPX.html
MSSTRUCTUREDASSETCORP,HJR,https://quote.eastmoney.com/us/HJR.html
MSSTRUCTUREDASSET,HJT,https://quote.eastmoney.com/us/HJT.html
SATURNSJCPENNEYCOMPANYINCDEBBA,HJV,https://quote.eastmoney.com/us/HJV.html
HALCONRESOURCESCORPORATION,HK,https://quote.eastmoney.com/us/HK.html
HalconResourcesCorpWt,HK_WS,https://quote.eastmoney.com/us/HK_WS.html
AMTDInternationalIncADR,HKIB,https://quote.eastmoney.com/us/HKIB.html
海天,HKIT,https://quote.eastmoney.com/us/HKIT.html
HorizonsKoreaKospi200ETF,HKOR,https://quote.eastmoney.com/us/HKOR.html
香港电视,HKTV,https://quote.eastmoney.com/us/HKTV.html
HECLAMININGCO,HL,https://quote.eastmoney.com/us/HL.html
HeclaMiningCompanySeriesBC,HL_B,https://quote.eastmoney.com/us/HL_B.html
HighlandAcquisitionCorp,HLAC,https://quote.eastmoney.com/us/HLAC.html
HighlandAcquisitionCorpUnitConsof1Sh+0.5,HLACU,https://quote.eastmoney.com/us/HLACU.html
HighlandAcquisitionCorpWt,HLACW,https://quote.eastmoney.com/us/HLACW.html
WahedFTSEUSAShariahETF,HLAL,https://quote.eastmoney.com/us/HLAL.html
HeartlandBancCorp,HLAN,https://quote.eastmoney.com/us/HLAN.html
康宝莱保健品,HLF,https://quote.eastmoney.com/us/HLF.html
海亮教育,HLG,https://quote.eastmoney.com/us/HLG.html
HoulihanLokeyInc-A,HLI,https://quote.eastmoney.com/us/HLI.html
HeliosTechnologiesInc,HLIO,https://quote.eastmoney.com/us/HLIO.html
谐波,HLIT,https://quote.eastmoney.com/us/HLIT.html
HillmanGroupCapitalTrust11.,HLM_,https://quote.eastmoney.com/us/HLM_.html
HamiltonLaneInc-A,HLNE,https://quote.eastmoney.com/us/HLNE.html
HEALTHSOUTHCORP,HLS,https://quote.eastmoney.com/us/HLS.html
HealthSouthCorporation,HLS_WS,https://quote.eastmoney.com/us/HLS_WS.html
HOMELOANSERVICINGSOLUTIONS,HLSS,https://quote.eastmoney.com/us/HLSS.html
HiltonWorldwideHoldingsInc.,HLT,https://quote.eastmoney.com/us/HLT.html
NobilisHealthCorp,HLTH,https://quote.eastmoney.com/us/HLTH.html
HELIXENERGYSOLUTIONSGROUP,HLX,https://quote.eastmoney.com/us/HLX.html
HEALTHMANAGEMENT,HMA,https://quote.eastmoney.com/us/HMA.html
HONDAMOTORCOLTD-SPONSADR,HMC,https://quote.eastmoney.com/us/HMC.html
HOMEPROPERTIES,HME,https://quote.eastmoney.com/us/HME.html
HMG/COURTLANDPROPERTIES,HMG,https://quote.eastmoney.com/us/HMG.html
HoughtonMifflinHarcourtCo,HMHC,https://quote.eastmoney.com/us/HMHC.html
华米科技,HMI,https://quote.eastmoney.com/us/HMI.html
如家,HMIN,https://quote.eastmoney.com/us/HMIN.html
HoeghLNGPartnersLP,HMLP,https://quote.eastmoney.com/us/HMLP.html
HoeghLNGPartnersLPSeriesA,HMLP_A,https://quote.eastmoney.com/us/HMLP_A.html
HORACEMANNEDUCATORS,HMN,https://quote.eastmoney.com/us/HMN.html
HMNFinancialInc,HMNF,https://quote.eastmoney.com/us/HMNF.html
HeliosandMathesonAnalyticsInc,HMNY,https://quote.eastmoney.com/us/HMNY.html
HartfordMunicipalOpportunitie,HMOP,https://quote.eastmoney.com/us/HMOP.html
汉普顿银行,HMPR,https://quote.eastmoney.com/us/HMPR.html
HomeStreetInc,HMST,https://quote.eastmoney.com/us/HMST.html
HMSHoldingsCorp,HMSY,https://quote.eastmoney.com/us/HMSY.html
HomeTownBanksharesCorp,HMTA,https://quote.eastmoney.com/us/HMTA.html
HemisphereMediaGroupInc-A,HMTV,https://quote.eastmoney.com/us/HMTV.html
HomeUnionHoldingsInc,HMU,https://quote.eastmoney.com/us/HMU.html
HARMONYGOLDMNG-SPONADR,HMY,https://quote.eastmoney.com/us/HMY.html
StrategySharesNasdaq7HANDLI,HNDL,https://quote.eastmoney.com/us/HNDL.html
HangerInc,HNGR,https://quote.eastmoney.com/us/HNGR.html
HANDY&HARMANHLDLTD,HNH,https://quote.eastmoney.com/us/HNH.html
HNICORP,HNI,https://quote.eastmoney.com/us/HNI.html
HennessyAdvisorsInc,HNNA,https://quote.eastmoney.com/us/HNNA.html
华能电力,HNP,https://quote.eastmoney.com/us/HNP.html
HARVESTNATURALRESOURCESIN,HNR,https://quote.eastmoney.com/us/HNR.html
HalladorEnergyCo,HNRG,https://quote.eastmoney.com/us/HNRG.html
汉森医疗,HNSN,https://quote.eastmoney.com/us/HNSN.html
HEALTHNET,HNT,https://quote.eastmoney.com/us/HNT.html
PioneerDiversifiedHighIncome,HNW,https://quote.eastmoney.com/us/HNW.html
亨氏,HNZ,https://quote.eastmoney.com/us/HNZ.html
胡克家具,HOFT,https://quote.eastmoney.com/us/HOFT.html
哈雷戴维森,HOG,https://quote.eastmoney.com/us/HOG.html
众品食业,HOGS,https://quote.eastmoney.com/us/HOGS.html
AdvisorSharesSageCoreReserve,HOLD,https://quote.eastmoney.com/us/HOLD.html
和利时,HOLI,https://quote.eastmoney.com/us/HOLI.html
HOLLYWOODMEDIACORP,HOLL,https://quote.eastmoney.com/us/HOLL.html
豪洛捷,HOLX,https://quote.eastmoney.com/us/HOLX.html
HomeBancSharesInc,HOMB,https://quote.eastmoney.com/us/HOMB.html
AtHomeGroupInc,HOME,https://quote.eastmoney.com/us/HOME.html
EtracsMonthlyReset2xleverage,HOML,https://quote.eastmoney.com/us/HOML.html
EtracsIseExclusivelyHombuild,HOMX,https://quote.eastmoney.com/us/HOMX.html
HoyaCapitalHousingETF,HOMZ,https://quote.eastmoney.com/us/HOMZ.html
霍尼韦尔,HON,https://quote.eastmoney.com/us/HON.html
HarborOneBancorpInc,HONE,https://quote.eastmoney.com/us/HONE.html
InsightSharesPatrioticEmploye,HONR,https://quote.eastmoney.com/us/HONR.html
HoneywellInternationalIncWI,HONW,https://quote.eastmoney.com/us/HONW.html
HOOKIPAPharmaInc,HOOK,https://quote.eastmoney.com/us/HOOK.html
HopeBancorpInc,HOPE,https://quote.eastmoney.com/us/HOPE.html
HORNBECKOFFSHORESERVICES,HOS,https://quote.eastmoney.com/us/HOS.html
喜达屋酒店,HOT,https://quote.eastmoney.com/us/HOT.html
HothTherapeuticsInc,HOTH,https://quote.eastmoney.com/us/HOTH.html
PacerBenchmarkHotel&Lodging,HOTL,https://quote.eastmoney.com/us/HOTL.html
ChanticleerHoldingsInc,HOTR,https://quote.eastmoney.com/us/HOTR.html
ChanticleerHoldingsIncWt,HOTRW,https://quote.eastmoney.com/us/HOTRW.html
HOTTOPICINC,HOTT,https://quote.eastmoney.com/us/HOTT.html
HOVNANIANENTERPRISES-A,HOV,https://quote.eastmoney.com/us/HOV.html
HOVNANIANENTERPRISESINC,HOVNP,https://quote.eastmoney.com/us/HOVNP.html
赫尔默里奇&佩恩,HP,https://quote.eastmoney.com/us/HP.html
HYDEPARKACQUISITION,HPAC,https://quote.eastmoney.com/us/HPAC.html
HUNTINGTONPREFERREDCAPITALINC,HPCCP,https://quote.eastmoney.com/us/HPCCP.html
慧与,HPE,https://quote.eastmoney.com/us/HPE.html
HewlettPackardEnterpriseCoWI,HPE_V,https://quote.eastmoney.com/us/HPE_V.html
HewlettPackardEnterpriseCoW,HPEW,https://quote.eastmoney.com/us/HPEW.html
JohnHancockPreferredIncomeF,HPF,https://quote.eastmoney.com/us/HPF.html
JohnHancockPreferredIncomeF,HPI,https://quote.eastmoney.com/us/HPI.html
豪鹏国际,HPJ,https://quote.eastmoney.com/us/HPJ.html
HARRISINTERACTIVEINC,HPOL,https://quote.eastmoney.com/us/HPOL.html
HUDSONPACIFICPROPERTIES,HPP,https://quote.eastmoney.com/us/HPP.html
HudsonPacificPropertiesIncS,HPP_B,https://quote.eastmoney.com/us/HPP_B.html
HudsonPacificPropertiesInc,HPP_B_CL,https://quote.eastmoney.com/us/HPP_B_CL.html
惠普,HPQ,https://quote.eastmoney.com/us/HPQ.html
HighPointResourcesCorp,HPR,https://quote.eastmoney.com/us/HPR.html
JohnHancockPreferredIncomeF,HPS,https://quote.eastmoney.com/us/HPS.html
HOSPITALITYPROPERTIESTRUST,HPT,https://quote.eastmoney.com/us/HPT.html
HospitalityPropertiesTrust7.,HPT_D,https://quote.eastmoney.com/us/HPT_D.html
HospitalityPropertiesTrust,HPTRP,https://quote.eastmoney.com/us/HPTRP.html
HYPERIONTHERAPEUTICS,HPTX,https://quote.eastmoney.com/us/HPTX.html
HEARTLANDPAYMENTSYSTEMSIN,HPY,https://quote.eastmoney.com/us/HPY.html
HartfordFundsExchange-Traded,HQBD,https://quote.eastmoney.com/us/HQBD.html
韩华新能源,HQCL,https://quote.eastmoney.com/us/HQCL.html
TeklaHealthcareInvestors,HQH,https://quote.eastmoney.com/us/HQH.html
TeklaLifeSciencesInvestors,HQL,https://quote.eastmoney.com/us/HQL.html
HealthEquityInc,HQY,https://quote.eastmoney.com/us/HQY.html
HEALLTHCAREREALTYTRUST,HR,https://quote.eastmoney.com/us/HR.html
H&RBLOCK,HRB,https://quote.eastmoney.com/us/HRB.html
HILL-ROM,HRC,https://quote.eastmoney.com/us/HRC.html
SPDRMSCIInternationalRealEs,HREX,https://quote.eastmoney.com/us/HREX.html
HARBINGERGROUP,HRG,https://quote.eastmoney.com/us/HRG.html
HercHoldingsInc,HRI,https://quote.eastmoney.com/us/HRI.html
荷美尔,HRL,https://quote.eastmoney.com/us/HRL.html
HarmonyMergerCorp,HRMN,https://quote.eastmoney.com/us/HRMN.html
HarmonyMergerCorpUnitConsof1Sh+1Wt,HRMNU,https://quote.eastmoney.com/us/HRMNU.html
HarmonyMergerCorpWt,HRMNW,https://quote.eastmoney.com/us/HRMNW.html
HarrowHealthInc,HROW,https://quote.eastmoney.com/us/HROW.html
哈里斯,HRS,https://quote.eastmoney.com/us/HRS.html
ARRHYTHMIARESEARCHTECH,HRT,https://quote.eastmoney.com/us/HRT.html
HeritageInsuranceHoldingsInc,HRTG,https://quote.eastmoney.com/us/HRTG.html
HeronTherapeuticsInc,HRTX,https://quote.eastmoney.com/us/HRTX.html
HorizonTechnologyFinanceCorp,HRZN,https://quote.eastmoney.com/us/HRZN.html
HealthSciencesAcquisitionsCorp,HSAC,https://quote.eastmoney.com/us/HSAC.html
HealthSciencesAcquisitionsCorpUnitConsof1S,HSACU,https://quote.eastmoney.com/us/HSACU.html
HealthSciencesAcquisitionsCorpWt,HSACW,https://quote.eastmoney.com/us/HSACW.html
汇丰控股,HSBC,https://quote.eastmoney.com/us/HSBC.html
汇丰控股(优先股),HSBC_A,https://quote.eastmoney.com/us/HSBC_A.html
HARSCO,HSC,https://quote.eastmoney.com/us/HSC.html
哈斯科材料,HSC_NYSE,https://quote.eastmoney.com/us/HSC_NYSE.html
iSharesCurrencyHedgedMSCIEA,HSCZ,https://quote.eastmoney.com/us/HSCZ.html
HeliusMedicalTechnologiesInc-A,HSDT,https://quote.eastmoney.com/us/HSDT.html
HSBCHOLDINGPLC8.125%PERPETUALCAPI,HSEA,https://quote.eastmoney.com/us/HSEA.html
HsbcHoldingsPlc,HSEB,https://quote.eastmoney.com/us/HSEB.html
HsbcFinanceCorporation,HSFC_B,https://quote.eastmoney.com/us/HSFC_B.html
HouseholdFinanceCorp,HSFC_B_CL,https://quote.eastmoney.com/us/HSFC_B_CL.html
HistogenicsCorp,HSGX,https://quote.eastmoney.com/us/HSGX.html
莎莉集团,HSH,https://quote.eastmoney.com/us/HSH.html
亨利香恩服务,HSIC,https://quote.eastmoney.com/us/HSIC.html
亨利香恩服务WI,HSICV,https://quote.eastmoney.com/us/HSICV.html
海德思哲,HSII,https://quote.eastmoney.com/us/HSII.html
海德思哲服务,HSII_NASDAQ,https://quote.eastmoney.com/us/HSII_NASDAQ.html
赫斯卡医疗,HSKA,https://quote.eastmoney.com/us/HSKA.html
HSNInc,HSNI,https://quote.eastmoney.com/us/HSNI.html
韩华新能源,HSOL,https://quote.eastmoney.com/us/HSOL.html
HudsonGlobalInc,HSON,https://quote.eastmoney.com/us/HSON.html
HOSPIRA,HSP,https://quote.eastmoney.com/us/HSP.html
HorizonsS&P500rCoveredCall,HSPX,https://quote.eastmoney.com/us/HSPX.html
HartfordShortDurationETF,HSRT,https://quote.eastmoney.com/us/HSRT.html
HOSTHOTELS&RESORTS,HST,https://quote.eastmoney.com/us/HST.html
健康流科技,HSTM,https://quote.eastmoney.com/us/HSTM.html
好时公司,HSY,https://quote.eastmoney.com/us/HSY.html
HERSHAHOSPITALITYTRUST,HT,https://quote.eastmoney.com/us/HT.html
HershaHospitalityTrust,HT_B,https://quote.eastmoney.com/us/HT_B.html
HershaHospitalityTrust,HT_B_CL,https://quote.eastmoney.com/us/HT_B_CL.html
HershaHospitalityTrust,HT_C,https://quote.eastmoney.com/us/HT_C.html
HershaHospitalityTrust,HT_D,https://quote.eastmoney.com/us/HT_D.html
HershaHospitalityTrust,HT_E,https://quote.eastmoney.com/us/HT_E.html
HEALTHCARETRUSTOFAMERICA,HTA,https://quote.eastmoney.com/us/HTA.html
HartfordSchrodersTax-AwareBo,HTAB,https://quote.eastmoney.com/us/HTAB.html
HomeTrustBancsharesInc,HTBI,https://quote.eastmoney.com/us/HTBI.html
HeritageCommerceCorp,HTBK,https://quote.eastmoney.com/us/HTBK.html
HeatBiologicsInc,HTBX,https://quote.eastmoney.com/us/HTBX.html
哈钦森科技,HTCH,https://quote.eastmoney.com/us/HTCH.html
JohnHancockTax-AdvantagedDiv,HTD,https://quote.eastmoney.com/us/HTD.html
ROBOGlobalHealthcareTechnolo,HTEC,https://quote.eastmoney.com/us/HTEC.html
HorizonTechnologyFinanceCorp,HTF,https://quote.eastmoney.com/us/HTF.html
HorizonTechnologyFinanceCorp,HTFA,https://quote.eastmoney.com/us/HTFA.html
HerculesCapitalInc,HTGC,https://quote.eastmoney.com/us/HTGC.html
HTGMolecularDiagnosticsInc,HTGM,https://quote.eastmoney.com/us/HTGM.html
HerculesTechnologyGrowthCapi,HTGX,https://quote.eastmoney.com/us/HTGX.html
HerculesCapitalIncNotes,HTGX_CL,https://quote.eastmoney.com/us/HTGX_CL.html
HerculesTechnologyGrowthCapi,HTGY,https://quote.eastmoney.com/us/HTGY.html
HerculesTechnologyGrowthCapi,HTGZ,https://quote.eastmoney.com/us/HTGZ.html
HILLTOPHOLDINGSINC,HTH,https://quote.eastmoney.com/us/HTH.html
华住,HTHT,https://quote.eastmoney.com/us/HTHT.html
哈特兰快递,HTLD,https://quote.eastmoney.com/us/HTLD.html
哈特兰金融,HTLF,https://quote.eastmoney.com/us/HTLF.html
USGEOTHERMALINC,HTM,https://quote.eastmoney.com/us/HTM.html
BrookfieldTotalReturnFundIn,HTR,https://quote.eastmoney.com/us/HTR.html
HartfordTotalReturnBondETF,HTRB,https://quote.eastmoney.com/us/HTRB.html
HATTERASFINANCIAL,HTS,https://quote.eastmoney.com/us/HTS.html
HatterasFinancialCorp,HTS_A,https://quote.eastmoney.com/us/HTS_A.html
HARRISTEETERSUPERMARKETSINC,HTSI,https://quote.eastmoney.com/us/HTSI.html
HullTacticalUSETF,HTUS,https://quote.eastmoney.com/us/HTUS.html
心件医疗,HTWR,https://quote.eastmoney.com/us/HTWR.html
JohnHancockTax-AdvantagedGlo,HTY,https://quote.eastmoney.com/us/HTY.html
赫兹,HTZ,https://quote.eastmoney.com/us/HTZ.html
HertzGlobalHoldingsIncRt,HTZR,https://quote.eastmoney.com/us/HTZR.html
HertzGlobalHoldingsIncRtWI,HTZRTWI,https://quote.eastmoney.com/us/HTZRTWI.html
HertzGlobalHoldingsIncRtWI,HTZRW,https://quote.eastmoney.com/us/HTZRW.html
HUBBELLINCORPORATEDCLASSA,A,https://quote.eastmoney.com/us/HUB/A.html
HUBBELLINCORPORATEDCLASSB,B,https://quote.eastmoney.com/us/HUB/B.html
哈贝尔-CLA,HUB_A,https://quote.eastmoney.com/us/HUB_A.html
哈贝尔-CLB,HUB_B,https://quote.eastmoney.com/us/HUB_B.html
HubbellInc,HUBB,https://quote.eastmoney.com/us/HUBB.html
枢纽集团,HUBG,https://quote.eastmoney.com/us/HUBG.html
HubSpotInc,HUBS,https://quote.eastmoney.com/us/HUBS.html
HudsonLtd-A,HUD,https://quote.eastmoney.com/us/HUD.html
哈门那,HUM,https://quote.eastmoney.com/us/HUM.html
HUNTSMAN,HUN,https://quote.eastmoney.com/us/HUN.html
HunterMaritimeAcquisitionCorp-A,HUNT,https://quote.eastmoney.com/us/HUNT.html
HunterMaritimeAcquisitionCorpUnitConsof1CL,HUNTU,https://quote.eastmoney.com/us/HUNTU.html
HunterMaritimeAcquisitionCorpWt,HUNTW,https://quote.eastmoney.com/us/HUNTW.html
赫克,HURC,https://quote.eastmoney.com/us/HURC.html
休伦咨询,HURN,https://quote.eastmoney.com/us/HURN.html
HoustonAmericanEnergyCorp,HUSA,https://quote.eastmoney.com/us/HUSA.html
HuntingtonUSEquityRotationS,HUSE,https://quote.eastmoney.com/us/HUSE.html
HSBCUSAInc,HUSI_D_CL,https://quote.eastmoney.com/us/HUSI_D_CL.html
HSBCUSAInc,HUSI_F,https://quote.eastmoney.com/us/HUSI_F.html
HSBCUSAInc,HUSI_G,https://quote.eastmoney.com/us/HUSI_G.html
HSBCUSAInc,HUSI_H,https://quote.eastmoney.com/us/HUSI_H.html
HSBCUSAInc,HUSI_Z_CL,https://quote.eastmoney.com/us/HUSI_Z_CL.html
FIRSTTREXCHANGETRADEDFDIII,HUSV,https://quote.eastmoney.com/us/HUSV.html
虎牙,HUYA,https://quote.eastmoney.com/us/HUYA.html
HUDSONVALLEYHOLDINGCORP,HVB,https://quote.eastmoney.com/us/HVB.html
HVBancorpInc,HVBC,https://quote.eastmoney.com/us/HVBC.html
U.S.EquityHighVolatilityPut,HVPW,https://quote.eastmoney.com/us/HVPW.html
HAVERTYFURNITURE,HVT,https://quote.eastmoney.com/us/HVT.html
HAVERTYFURNITURECOMPANIESIncCLASSA,A,https://quote.eastmoney.com/us/HVT/A.html
HavertyFurnitureCompaniesInc-A,HVT_A,https://quote.eastmoney.com/us/HVT_A.html
HEADWATERSINC,HW,https://quote.eastmoney.com/us/HW.html
健康之路医疗,HWAY,https://quote.eastmoney.com/us/HWAY.html
HawthornBancsharesInc,HWBK,https://quote.eastmoney.com/us/HWBK.html
HancockWhitneyCorp,HWC,https://quote.eastmoney.com/us/HWC.html
休斯顿电线电缆,HWCC,https://quote.eastmoney.com/us/HWCC.html
HancockWhitneyCorpNotes,HWCPL,https://quote.eastmoney.com/us/HWCPL.html
HARRYWINSTONDIAMONDCORP,HWD,https://quote.eastmoney.com/us/HWD.html
HALLWOODGROUPINC,HWG,https://quote.eastmoney.com/us/HWG.html
霍金斯材料,HWKN,https://quote.eastmoney.com/us/HWKN.html
和信贷,HX,https://quote.eastmoney.com/us/HX.html
HEXCELCORP,HXL,https://quote.eastmoney.com/us/HXL.html
海斯特-耶鲁物料搬运,HY,https://quote.eastmoney.com/us/HY.html
HaymakerAcquisitionCorpII-A,HYAC,https://quote.eastmoney.com/us/HYAC.html
HaymakerAcquisitionCorpIIUnitConsof1CLA+,HYACU,https://quote.eastmoney.com/us/HYACU.html
HaymakerAcquisitionCorpIIWt,HYACW,https://quote.eastmoney.com/us/HYACW.html
NewAmericaHighIncomeFundIn,HYB,https://quote.eastmoney.com/us/HYB.html
MarketVectorsHighYieldMunic,HYD,https://quote.eastmoney.com/us/HYD.html
iSharesEdgeHighYieldDefensi,HYDB,https://quote.eastmoney.com/us/HYDB.html
DIREXIONSHSETFTRDAILYHIGH,HYDD,https://quote.eastmoney.com/us/HYDD.html
XtrackersLowBetaHighYieldB,HYDW,https://quote.eastmoney.com/us/HYDW.html
MarketVectorsEmergingMarkets,HYEM,https://quote.eastmoney.com/us/HYEM.html
ManagedHighYieldPlusFd,HYF,https://quote.eastmoney.com/us/HYF.html
iSharesIboxx$HighYieldCorp,HYG,https://quote.eastmoney.com/us/HYG.html
iSharesInterestRateHedgedHi,HYGH,https://quote.eastmoney.com/us/HYGH.html
HydrogenicsCorp,HYGS,https://quote.eastmoney.com/us/HYGS.html
FlexSharesHighYieldValue-Sco,HYGV,https://quote.eastmoney.com/us/HYGV.html
HalyardHealthInc,HYH,https://quote.eastmoney.com/us/HYH.html
ProSharesHighYield-InterestR,HYHG,https://quote.eastmoney.com/us/HYHG.html
iSharesHighYieldHighBetaET,HYHI,https://quote.eastmoney.com/us/HYHI.html
WesternAssetHighYieldDefine,HYI,https://quote.eastmoney.com/us/HYI.html
DeutscheX-TrackersHighYield,HYIH,https://quote.eastmoney.com/us/HYIH.html
STRUCTUREDPRODUCTSCORP,HYK,https://quote.eastmoney.com/us/HYK.html
STRUCTUREDPRODUCTSCORP6.00%CORTSC,HYL,https://quote.eastmoney.com/us/HYL.html
DeutscheX-trackersUSDHighYi,HYLB,https://quote.eastmoney.com/us/HYLB.html
PeritusHighYieldETF,HYLD,https://quote.eastmoney.com/us/HYLD.html
iSharesHighYieldLowBetaETF,HYLO,https://quote.eastmoney.com/us/HYLO.html
FirstTrustExchange-TradedFun,HYLS,https://quote.eastmoney.com/us/HYLS.html
IndexIQETFTrustIQS&PHighY,HYLV,https://quote.eastmoney.com/us/HYLV.html
SPDRNuveenS&PHighYieldMuni,HYMB,https://quote.eastmoney.com/us/HYMB.html
WisdomtreeBofaMerrillLynchH,HYND,https://quote.eastmoney.com/us/HYND.html
HyreCarInc,HYRE,https://quote.eastmoney.com/us/HYRE.html
Pimco0-5YearHighYieldCorpo,HYS,https://quote.eastmoney.com/us/HYS.html
BlackrockCorporateHighYield,HYT,https://quote.eastmoney.com/us/HYT.html
XtrackersHighBetaHighYield,HYUP,https://quote.eastmoney.com/us/HYUP.html
iSharesiBoxx$HighYieldexO,HYXE,https://quote.eastmoney.com/us/HYXE.html
iSharesGlobalexUSDHighYiel,HYXU,https://quote.eastmoney.com/us/HYXU.html
WisdomtreeBofaMerrillLynchH,HYZD,https://quote.eastmoney.com/us/HYZD.html
合众,HZ_,https://quote.eastmoney.com/us/HZ_.html
HorizonGlobalCorp,HZN,https://quote.eastmoney.com/us/HZN.html
HorizonTherapeuticsplc,HZNP,https://quote.eastmoney.com/us/HZNP.html
MARINEMAXINC,HZO,https://quote.eastmoney.com/us/HZO.html
INTELSATGLOBAL,I,https://quote.eastmoney.com/us/I.html
IntelsatS.A.,I_A,https://quote.eastmoney.com/us/I_A.html
IAAInc,IAA,https://quote.eastmoney.com/us/IAA.html
IAASpincoIncWI,IAAW,https://quote.eastmoney.com/us/IAAW.html
IAC/InterActiveCorp,IAC,https://quote.eastmoney.com/us/IAC.html
IAC,IACI,https://quote.eastmoney.com/us/IACI.html
INGASIAPACIFICHIGHDIVIDENDEQUITYI,IAE,https://quote.eastmoney.com/us/IAE.html
AberdeenAustraliaEquityFd,IAF,https://quote.eastmoney.com/us/IAF.html
IAMGOLDCORP,IAG,https://quote.eastmoney.com/us/IAG.html
iSharesInternationalAggregate,IAGG,https://quote.eastmoney.com/us/IAGG.html
iSharesU.S.Broker-DealersETF,IAI,https://quote.eastmoney.com/us/IAI.html
iSharesU.S.InsuranceETF,IAK,https://quote.eastmoney.com/us/IAK.html
I-AMCapitalAcquisitionCo,IAM,https://quote.eastmoney.com/us/IAM.html
I-AMCapitalAcquisitionCoRt,IAMXR,https://quote.eastmoney.com/us/IAMXR.html
I-AMCapitalAcquisitionCoUnitConsof1Sh+1,IAMXU,https://quote.eastmoney.com/us/IAMXU.html
I-AMCapitalAcquisitionCoWt,IAMXW,https://quote.eastmoney.com/us/IAMXW.html
英特格拉生命科学,IART,https://quote.eastmoney.com/us/IART.html
INTEGRALIFESCIENCESHOLDINGSCORPORATIONEX-DISTR,IARTV,https://quote.eastmoney.com/us/IARTV.html
iSharesU.S.RegionalBanksETF,IAT,https://quote.eastmoney.com/us/IAT.html
iSharesGoldTrust,IAU,https://quote.eastmoney.com/us/IAU.html
iSharesGoldStrategyETF,IAUF,https://quote.eastmoney.com/us/IAUF.html
INDUSTRIASBACHOCOSABSPAD,IBA,https://quote.eastmoney.com/us/IBA.html
iSharesNasdaqBiotechnologyET,IBB,https://quote.eastmoney.com/us/IBB.html
INTERVESTBANCSHARESCORP-A,IBCA,https://quote.eastmoney.com/us/IBCA.html
iSharesiBondsMar2016Corpora,IBCB,https://quote.eastmoney.com/us/IBCB.html
iSharesiBondsMar2018Corpora,IBCC,https://quote.eastmoney.com/us/IBCC.html
iSharesiBondsMar2020Corpora,IBCD,https://quote.eastmoney.com/us/IBCD.html
iSharesiBondsMar2023Corpora,IBCE,https://quote.eastmoney.com/us/IBCE.html
独立银行(密歇根州),IBCP,https://quote.eastmoney.com/us/IBCP.html
INDEPENDENTBANKCORPORATION,IBCPO,https://quote.eastmoney.com/us/IBCPO.html
InspireCorporateBondImpactE,IBD,https://quote.eastmoney.com/us/IBD.html
iSharesiBondsMar2016Corpora,IBDA,https://quote.eastmoney.com/us/IBDA.html
iSharesiBondsMar2018Corpora,IBDB,https://quote.eastmoney.com/us/IBDB.html
iSharesiBondsMar2020Corpora,IBDC,https://quote.eastmoney.com/us/IBDC.html
iSharesiBondsMar2023Corpora,IBDD,https://quote.eastmoney.com/us/IBDD.html
iSharesiBondsDec2016Corpora,IBDF,https://quote.eastmoney.com/us/IBDF.html
iSharesiBondsDec2018Corpora,IBDH,https://quote.eastmoney.com/us/IBDH.html
iSharesiBondsDec2017Corpora,IBDJ,https://quote.eastmoney.com/us/IBDJ.html
iSharesiBondsDec2019Corpora,IBDK,https://quote.eastmoney.com/us/IBDK.html
iSharesrIbondsrDec2020Corpo,IBDL,https://quote.eastmoney.com/us/IBDL.html
iSharesiBondsDec2021Corpora,IBDM,https://quote.eastmoney.com/us/IBDM.html
iSharesiBondsDec2022Corpora,IBDN,https://quote.eastmoney.com/us/IBDN.html
iSharesiBondsDec2023Corpora,IBDO,https://quote.eastmoney.com/us/IBDO.html
iSharesiBondsDec2024Corpora,IBDP,https://quote.eastmoney.com/us/IBDP.html
iSharesiBondsDec2025Corpora,IBDQ,https://quote.eastmoney.com/us/IBDQ.html
iSharesiBondsDec2026TermCo,IBDR,https://quote.eastmoney.com/us/IBDR.html
iSharesiBondsDec2027TermCo,IBDS,https://quote.eastmoney.com/us/IBDS.html
iSharesiBondsDec2028TermCo,IBDT,https://quote.eastmoney.com/us/IBDT.html
IBEXHoldingsLtd,IBEX,https://quote.eastmoney.com/us/IBEX.html
iSharesiBonds2021TermHighY,IBHA,https://quote.eastmoney.com/us/IBHA.html
iSharesiBonds2022TermHighY,IBHB,https://quote.eastmoney.com/us/IBHB.html
iSharesiBonds2023TermHighY,IBHC,https://quote.eastmoney.com/us/IBHC.html
iSharesiBonds2024TermHighY,IBHD,https://quote.eastmoney.com/us/IBHD.html
iSharesiBonds2025TermHighY,IBHE,https://quote.eastmoney.com/us/IBHE.html
iBioInc,IBIO,https://quote.eastmoney.com/us/IBIO.html
伊比利亚银行,IBKC,https://quote.eastmoney.com/us/IBKC.html
IBERIABANKCorpSeriesDPfd,IBKCN,https://quote.eastmoney.com/us/IBKCN.html
IBERIABANKCorporation,IBKCO,https://quote.eastmoney.com/us/IBKCO.html
IBERIABANKCorporation,IBKCP,https://quote.eastmoney.com/us/IBKCP.html
盈透证券,IBKR,https://quote.eastmoney.com/us/IBKR.html
DirexionIbillionaireIndexETF,IBLN,https://quote.eastmoney.com/us/IBLN.html
IBM,IBM,https://quote.eastmoney.com/us/IBM.html
iSharesiBondsSep2015AMT-Fre,IBMD,https://quote.eastmoney.com/us/IBMD.html
iSharesiBondsSep2016AMT-Fre,IBME,https://quote.eastmoney.com/us/IBME.html
iSharesiBondsSep2017AMT-Fre,IBMF,https://quote.eastmoney.com/us/IBMF.html
iSharesiBondsSep2018AMT-Fre,IBMG,https://quote.eastmoney.com/us/IBMG.html
iSharesiBondsSep2019AMT-Fre,IBMH,https://quote.eastmoney.com/us/IBMH.html
iSharesiBondsSep2020AMT-Fre,IBMI,https://quote.eastmoney.com/us/IBMI.html
iSharesTrustiSharesiBondsDe,IBMJ,https://quote.eastmoney.com/us/IBMJ.html
iSharesTrustiSharesiBondsDe,IBMK,https://quote.eastmoney.com/us/IBMK.html
iSharesiBondsDec2023TermMu,IBML,https://quote.eastmoney.com/us/IBML.html
iSharesiBondsDec2024TermMu,IBMM,https://quote.eastmoney.com/us/IBMM.html
iSharesiBondsDec2025TermMu,IBMN,https://quote.eastmoney.com/us/IBMN.html
iSharesiBondsDec2026TermMu,IBMO,https://quote.eastmoney.com/us/IBMO.html
iSharesiBondsDec2027TermMu,IBMP,https://quote.eastmoney.com/us/IBMP.html
iSharesiBondsDec2028TermMu,IBMQ,https://quote.eastmoney.com/us/IBMQ.html
ICICIBANKLTD-SPONADR,IBN,https://quote.eastmoney.com/us/IBN.html
SPDRBarclaysInternationalCor,IBND,https://quote.eastmoney.com/us/IBND.html
(ListingMarket-NYSEAmexNetworkBF),IBO,https://quote.eastmoney.com/us/IBO.html
国际银行,IBOC,https://quote.eastmoney.com/us/IBOC.html
"INSTALLEDBUILDINGPRODUCTS,INC.",IBP,https://quote.eastmoney.com/us/IBP.html
IndependentBankGroupInc,IBTX,https://quote.eastmoney.com/us/IBTX.html
AmplifyOnlineRetailETF,IBUY,https://quote.eastmoney.com/us/IBUY.html
EMPRESASICASA-SPONSADR,ICA,https://quote.eastmoney.com/us/ICA.html
iCADInc,ICAD,https://quote.eastmoney.com/us/ICAD.html
EtfSerSolutionsSerenityshare,ICAN,https://quote.eastmoney.com/us/ICAN.html
MorganStanleyIncomeSecuritie,ICB,https://quote.eastmoney.com/us/ICB.html
CountyBancorpInc,ICBK,https://quote.eastmoney.com/us/ICBK.html
"21STCENTURYONCOLOGYHOLDINGS,INC.",ICC,https://quote.eastmoney.com/us/ICC.html
伊芙美尔医疗,ICCC,https://quote.eastmoney.com/us/ICCC.html
ICCHoldingsInc,ICCH,https://quote.eastmoney.com/us/ICCH.html
IndependenceContractDrillingInc,ICD,https://quote.eastmoney.com/us/ICD.html
洲际交易所,ICE,https://quote.eastmoney.com/us/ICE.html
CELLULARDYNAMICSINTERNATIONAL,ICEL,https://quote.eastmoney.com/us/ICEL.html
iSharesCohen&SteersReitETF,ICF,https://quote.eastmoney.com/us/ICF.html
ICFInternationalInc,ICFI,https://quote.eastmoney.com/us/ICFI.html
INTERNETCAPITALGROUPINC,ICGE,https://quote.eastmoney.com/us/ICGE.html
INVESTORSCAPITALHOLDINGS,ICH,https://quote.eastmoney.com/us/ICH.html
IchorHoldingsLtd,ICHR,https://quote.eastmoney.com/us/ICHR.html
iPathOptimizedCurrencyCarry,ICI,https://quote.eastmoney.com/us/ICI.html
IsraelChemicalsLtd,ICL,https://quote.eastmoney.com/us/ICL.html
INTERCLOUDSYSINC,ICLD,https://quote.eastmoney.com/us/ICLD.html
INTERCLOUDSYSTEMSWARRANTS,ICLDW,https://quote.eastmoney.com/us/ICLDW.html
爱点击,ICLK,https://quote.eastmoney.com/us/ICLK.html
iSharesGlobalCleanEnergyETF,ICLN,https://quote.eastmoney.com/us/ICLN.html
ICONplc,ICLR,https://quote.eastmoney.com/us/ICLR.html
InvestcorpCreditManagementBDCInc,ICMB,https://quote.eastmoney.com/us/ICMB.html
WisdomTreeIndianRupeeStrateg,ICN,https://quote.eastmoney.com/us/ICN.html
iSharesMSCIColombiaCappedET,ICOL,https://quote.eastmoney.com/us/ICOL.html
艾康尼斯,ICON,https://quote.eastmoney.com/us/ICON.html
PacerDevelopedMarketsInterna,ICOW,https://quote.eastmoney.com/us/ICOW.html
ICPowerPTELtd,ICP,https://quote.eastmoney.com/us/ICP.html
InterceptPharmaceuticalsInc,ICPT,https://quote.eastmoney.com/us/ICPT.html
iSharesLiquidityIncomeETF,ICSH,https://quote.eastmoney.com/us/ICSH.html
ICUMedicalInc,ICUI,https://quote.eastmoney.com/us/ICUI.html
iSharesConvertibleBondETF,ICVT,https://quote.eastmoney.com/us/ICVT.html
IDACORPINC,IDA,https://quote.eastmoney.com/us/IDA.html
InterDigitalInc,IDCC,https://quote.eastmoney.com/us/IDCC.html
VoyaInfrastructureIndustrials,IDE,https://quote.eastmoney.com/us/IDE.html
iSharesCoreMSCIInternational,IDEV,https://quote.eastmoney.com/us/IDEV.html
优点互动,IDEX,https://quote.eastmoney.com/us/IDEX.html
INGGROEPNV,IDG,https://quote.eastmoney.com/us/IDG.html
INGGroupNV,IDG_CL,https://quote.eastmoney.com/us/IDG_CL.html
"ALTHEADX,INC.",IDGX,https://quote.eastmoney.com/us/IDGX.html
PowerSharesS&PInternationalD,IDHB,https://quote.eastmoney.com/us/IDHB.html
POWERSHARESETFTRIIS7PINTL,IDHD,https://quote.eastmoney.com/us/IDHD.html
PowerSharesS&PInternationalD,IDHQ,https://quote.eastmoney.com/us/IDHQ.html
IDEATIONACQUISITIONCORP,IDI,https://quote.eastmoney.com/us/IDI.html
U.S.EquityCumulativeDividend,IDIV,https://quote.eastmoney.com/us/IDIV.html
IDENIXPHARMACEUTICALSINC,IDIX,https://quote.eastmoney.com/us/IDIX.html
PowerSharesFTSEInternational,IDLB,https://quote.eastmoney.com/us/IDLB.html
PowerSharesS&PInternationalD,IDLV,https://quote.eastmoney.com/us/IDLV.html
PowerSharesS&PInternationalD,IDMO,https://quote.eastmoney.com/us/IDMO.html
"Intellicheck,Inc.",IDN,https://quote.eastmoney.com/us/IDN.html
iSharesGenomicsImmunologyand,IDNA,https://quote.eastmoney.com/us/IDNA.html
ALPSInternationalSectorDivid,IDOG,https://quote.eastmoney.com/us/IDOG.html
井寺制药,IDRA,https://quote.eastmoney.com/us/IDRA.html
iSharesSelf-DrivingEVandTec,IDRV,https://quote.eastmoney.com/us/IDRV.html
美国工业服务,IDSA,https://quote.eastmoney.com/us/IDSA.html
编号系统,IDSY,https://quote.eastmoney.com/us/IDSY.html
IDTCORP-CLASSB,IDT,https://quote.eastmoney.com/us/IDT.html
集成设备技术,IDTI,https://quote.eastmoney.com/us/IDTI.html
iSharesU.S.UtilitiesETF,IDU,https://quote.eastmoney.com/us/IDU.html
iSharesInternationalSelectDi,IDV,https://quote.eastmoney.com/us/IDV.html
MarketVectorsIndonesiaIndex,IDX,https://quote.eastmoney.com/us/IDX.html
InterpaceDiagnosticsGroupInc,IDXG,https://quote.eastmoney.com/us/IDXG.html
MarketVectorsIndonesiaSmall-,IDXJ,https://quote.eastmoney.com/us/IDXJ.html
爱德士,IDXX,https://quote.eastmoney.com/us/IDXX.html
IDEAYABiosciencesInc,IDYA,https://quote.eastmoney.com/us/IDYA.html
InfrastructureandEnergyAlternativesInc,IEA,https://quote.eastmoney.com/us/IEA.html
InfrastructureandEnergyAlternativesIncWt,IEAWW,https://quote.eastmoney.com/us/IEAWW.html
IECELECTRONICSCORP,IEC,https://quote.eastmoney.com/us/IEC.html
iSharesEvolvedU.S.ConsumerS,IECS,https://quote.eastmoney.com/us/IECS.html
iSharesEvolvedU.S.Discretion,IEDI,https://quote.eastmoney.com/us/IEDI.html
iShares7-10YearTreasuryBond,IEF,https://quote.eastmoney.com/us/IEF.html
7-10年ETF-iShares,IEF_NASDAQ,https://quote.eastmoney.com/us/IEF_NASDAQ.html
iSharesCoreMSCIEafeETF,IEFA,https://quote.eastmoney.com/us/IEFA.html
iSharesEvolvedU.S.Financials,IEFN,https://quote.eastmoney.com/us/IEFN.html
IntegrysEnergyGroupInc6.00%,IEH,https://quote.eastmoney.com/us/IEH.html
iSharesEvolvedU.S.Healthcare,IEHS,https://quote.eastmoney.com/us/IEHS.html
iShares3-7YearTreasuryBond,IEI,https://quote.eastmoney.com/us/IEI.html
3-7年ETF-iShares,IEI_NASDAQ,https://quote.eastmoney.com/us/IEI_NASDAQ.html
iSharesEvolvedU.S.Innovative,IEIH,https://quote.eastmoney.com/us/IEIH.html
iSharesEnhancedInternational,IEIL,https://quote.eastmoney.com/us/IEIL.html
iSharesEnhancedInternational,IEIS,https://quote.eastmoney.com/us/IEIS.html
iSharesEnhancedU.S.Large-Cap,IELG,https://quote.eastmoney.com/us/IELG.html
InvescoEmergingMarketsDebtD,IEMD,https://quote.eastmoney.com/us/IEMD.html
iSharesEvolvedU.S.Mediaand,IEME,https://quote.eastmoney.com/us/IEME.html
iSharesCoreMSCIEmergingMark,IEMG,https://quote.eastmoney.com/us/IEMG.html
InvescoEmergingMarketsDebtV,IEMV,https://quote.eastmoney.com/us/IEMV.html
iSharesU.S.Oil&GasExplorat,IEO,https://quote.eastmoney.com/us/IEO.html
ICAHNENTERPRISESLP,IEP,https://quote.eastmoney.com/us/IEP.html
IESHoldingsInc,IESC,https://quote.eastmoney.com/us/IESC.html
iSharesEnhancedU.S.Small-Cap,IESM,https://quote.eastmoney.com/us/IESM.html
iSharesEvolvedU.S.Technology,IETC,https://quote.eastmoney.com/us/IETC.html
iSharesCoreMSCIEuropeETF,IEUR,https://quote.eastmoney.com/us/IEUR.html
iSharesMSCIEuropeSmall-CapE,IEUS,https://quote.eastmoney.com/us/IEUS.html
iSharesEuropeETF,IEV,https://quote.eastmoney.com/us/IEV.html
IDEX,IEX,https://quote.eastmoney.com/us/IEX.html
iSharesU.S.OilEquipment&Se,IEZ,https://quote.eastmoney.com/us/IEZ.html
AberdeenIndonesiaFund,IF,https://quote.eastmoney.com/us/IF.html
iSharesAsiaDevelopedRealEst,IFAS,https://quote.eastmoney.com/us/IFAS.html
iSharesEuropeDevelopedRealE,IFEU,https://quote.eastmoney.com/us/IFEU.html
国际香料香精,IFF,https://quote.eastmoney.com/us/IFF.html
InternationalFlavors&Fragran,IFFT,https://quote.eastmoney.com/us/IFFT.html
iSharesInternationalDeveloped,IFGL,https://quote.eastmoney.com/us/IFGL.html
DEUTSCHEX-TRACKERSBARCLAYSIN,IFIX,https://quote.eastmoney.com/us/IFIX.html
FactorSharesTrustPureFundsDr,IFLY,https://quote.eastmoney.com/us/IFLY.html
InstitutionalFinancialMarketsInc,IFMI,https://quote.eastmoney.com/us/IFMI.html
iFreshInc,IFMK,https://quote.eastmoney.com/us/IFMK.html
TheIndiaFundInc,IFN,https://quote.eastmoney.com/us/IFN.html
iSharesNorthAmericaRealEsta,IFNA,https://quote.eastmoney.com/us/IFNA.html
CoolHoldingsInc,IFON,https://quote.eastmoney.com/us/IFON.html
iSharesU.S.InfrastructureETF,IFRA,https://quote.eastmoney.com/us/IFRA.html
InflaRxNV,IFRX,https://quote.eastmoney.com/us/IFRX.html
IntercorpFinancialServicesInc,IFS,https://quote.eastmoney.com/us/IFS.html
IMPERIALHOLDINGSLLC,IFT,https://quote.eastmoney.com/us/IFT.html
FirstTrustDorseyWrightInter,IFV,https://quote.eastmoney.com/us/IFV.html
IGILABORATORIESINC,IG,https://quote.eastmoney.com/us/IG.html
VoyaGlobalAdvantageAndPremi,IGA,https://quote.eastmoney.com/us/IGA.html
iSharesInterestRateHedgedLo,IGBH,https://quote.eastmoney.com/us/IGBH.html
"IndiaGlobalizationCapital,Inc.",IGC,https://quote.eastmoney.com/us/IGC.html
INDIAGLOBALIZATIONCAPITALIncWARRANTSEXP.03/0,IGC_WS,https://quote.eastmoney.com/us/IGC_WS.html
VoyaGlobalEquityDividendAnd,IGD,https://quote.eastmoney.com/us/IGD.html
iSharesNorthAmericanNatural,IGE,https://quote.eastmoney.com/us/IGE.html
iSharesEdgeInvestmentGradeE,IGEB,https://quote.eastmoney.com/us/IGEB.html
MarketVectorsEMInvestmentGr,IGEM,https://quote.eastmoney.com/us/IGEM.html
iSharesGlobalInfrastructureE,IGF,https://quote.eastmoney.com/us/IGF.html
WisdomTreeYieldEnhancedInter,IGGY,https://quote.eastmoney.com/us/IGGY.html
ProSharesInvestmentGrade-Inte,IGHG,https://quote.eastmoney.com/us/IGHG.html
WesternAssetInvestmentGrade,IGI,https://quote.eastmoney.com/us/IGI.html
iSharesIntermediate-TermCorpo,IGIB,https://quote.eastmoney.com/us/IGIB.html
DeutscheX-TrackersInvestment,IGIH,https://quote.eastmoney.com/us/IGIH.html
INGGROEPNV8.50%INGPERPETUALHYBR,IGK,https://quote.eastmoney.com/us/IGK.html
iSharesLong-TermCorporateBon,IGLB,https://quote.eastmoney.com/us/IGLB.html
金线网络,IGLD,https://quote.eastmoney.com/us/IGLD.html
EaglelineAcquisitionCorp-A,IGLE,https://quote.eastmoney.com/us/IGLE.html
EaglelineAcquisitionCorpUnitConsof1CLA+0,IGLEU,https://quote.eastmoney.com/us/IGLEU.html
EaglelineAcquisitionCorpWt,IGLEW,https://quote.eastmoney.com/us/IGLEW.html
iSharesNorthAmericanTechETF,IGM,https://quote.eastmoney.com/us/IGM.html
IGMBiosciencesInc,IGMS,https://quote.eastmoney.com/us/IGMS.html
iSharesNorthAmericanTech-Mul,IGN,https://quote.eastmoney.com/us/IGN.html
IGOINC,IGOI,https://quote.eastmoney.com/us/IGOI.html
IGOINC,IGOID,https://quote.eastmoney.com/us/IGOID.html
iShares1-3YearInternational,IGOV,https://quote.eastmoney.com/us/IGOV.html
CbreClarionGlobalRealEstate,IGR,https://quote.eastmoney.com/us/IGR.html
iSharesInternationalDividend,IGRO,https://quote.eastmoney.com/us/IGRO.html
ProSharesShortInvestmentGrad,IGS,https://quote.eastmoney.com/us/IGS.html
iSharesShort-TermCorporateBo,IGSB,https://quote.eastmoney.com/us/IGSB.html
国际游戏科技,IGT,https://quote.eastmoney.com/us/IGT.html
IGATECORP,IGTE,https://quote.eastmoney.com/us/IGTE.html
ProSharesUltraInvestmentGrad,IGU,https://quote.eastmoney.com/us/IGU.html
iSharesNorthAmericanTech-Sof,IGV,https://quote.eastmoney.com/us/IGV.html
DEUTSCHEX-TRACKERSBARCLAYSIN,IGVT,https://quote.eastmoney.com/us/IGVT.html
IGZ(ListingMarketNYSEArcaNetworkBF),IGZ,https://quote.eastmoney.com/us/IGZ.html
iSharesCybersecurityandTech,IHAK,https://quote.eastmoney.com/us/IHAK.html
INDEPENDENCEHOLDINGCO,IHC,https://quote.eastmoney.com/us/IHC.html
VoyaEmergingMarketsHighInco,IHD,https://quote.eastmoney.com/us/IHD.html
WisdomTreeInternationalHedged,IHDG,https://quote.eastmoney.com/us/IHDG.html
iSharesU.S.PharmaceuticalsET,IHE,https://quote.eastmoney.com/us/IHE.html
iSharesU.S.HealthcareProvide,IHF,https://quote.eastmoney.com/us/IHF.html
洲际酒店(US),IHG,https://quote.eastmoney.com/us/IHG.html
iSharesU.S.MedicalDevicesET,IHI,https://quote.eastmoney.com/us/IHI.html
InvescoHighIncome2023Target,IHIT,https://quote.eastmoney.com/us/IHIT.html
iHeartMediaInc-A,IHRT,https://quote.eastmoney.com/us/IHRT.html
HIS-A,IHS,https://quote.eastmoney.com/us/IHS.html
INNSUITESHOSPITALITYTR,IHT,https://quote.eastmoney.com/us/IHT.html
InvescoHighIncome2024Target,IHTA,https://quote.eastmoney.com/us/IHTA.html
MarketVectorsInternationalHi,IHY,https://quote.eastmoney.com/us/IHY.html
InvescoCorporateIncomeDefens,IHYD,https://quote.eastmoney.com/us/IHYD.html
InvescoCorporateIncomeValue,IHYV,https://quote.eastmoney.com/us/IHYV.html
VoyaInternationalHighDividen,IID,https://quote.eastmoney.com/us/IID.html
MorganStanleyIndiaInvestment,IIF,https://quote.eastmoney.com/us/IIF.html
InvescoInvestmentGradeDefens,IIGD,https://quote.eastmoney.com/us/IIGD.html
InvescoInvestmentGradeValue,IIGV,https://quote.eastmoney.com/us/IIGV.html
INFORMATIONSERVICESGROUP,III,https://quote.eastmoney.com/us/III.html
InsteelIndustriesInc,IIIN,https://quote.eastmoney.com/us/IIIN.html
i3VerticalsInc-A,IIIV,https://quote.eastmoney.com/us/IIIV.html
首创网络,IIJI,https://quote.eastmoney.com/us/IIJI.html
首创网络,IIJIY,https://quote.eastmoney.com/us/IIJIY.html
分时度假,IILG,https://quote.eastmoney.com/us/IILG.html
IntervalLeisureGroupInc,IILGV,https://quote.eastmoney.com/us/IILGV.html
InvescoValueMunicipalIncome,IIM,https://quote.eastmoney.com/us/IIM.html
INTRICONCORP,IIN,https://quote.eastmoney.com/us/IIN.html
InnovativeIndustrialPropertiesInc-A,IIPR,https://quote.eastmoney.com/us/IIPR.html
InnovativeIndustrialPropertie,IIPR_A,https://quote.eastmoney.com/us/IIPR_A.html
PTINDOSAT,IIT,https://quote.eastmoney.com/us/IIT.html
II-VIInc,IIVI,https://quote.eastmoney.com/us/IIVI.html
iSharesCoreS&PMid-CapETF,IJH,https://quote.eastmoney.com/us/IJH.html
iSharesS&PMid-Cap400ValueE,IJJ,https://quote.eastmoney.com/us/IJJ.html
iSharesS&PMid-Cap400Growth,IJK,https://quote.eastmoney.com/us/IJK.html
SPDRBarclaysInternationalHig,IJNK,https://quote.eastmoney.com/us/IJNK.html
iSharesCoreS&PSmall-CapETF,IJR,https://quote.eastmoney.com/us/IJR.html
iSharesS&PSmall-Cap600Value,IJS,https://quote.eastmoney.com/us/IJS.html
iSharesS&PSmall-Cap600Growt,IJT,https://quote.eastmoney.com/us/IJT.html
iSharesS&PSmall-Cap600Growt,IJT_NASDAQ,https://quote.eastmoney.com/us/IJT_NASDAQ.html
InnovatorMSCIEAFEPowerBuffe,IJUL,https://quote.eastmoney.com/us/IJUL.html
IKANOSCOMMUNICATIONSINC,IKAN,https://quote.eastmoney.com/us/IKAN.html
友权集团控股有限公司,IKGH,https://quote.eastmoney.com/us/IKGH.html
IKONICSCorp,IKNX,https://quote.eastmoney.com/us/IKNX.html
INTRALINKSHOLDINGSINC,IL,https://quote.eastmoney.com/us/IL.html
PimcoGlobalAdvantageInflatio,ILB,https://quote.eastmoney.com/us/ILB.html
iSharesLatinAmerica40ETF,ILF,https://quote.eastmoney.com/us/ILF.html
ILGInc,ILG,https://quote.eastmoney.com/us/ILG.html
IlluminaInc,ILMN,https://quote.eastmoney.com/us/ILMN.html
工业物流房地产信托,ILPT,https://quote.eastmoney.com/us/ILPT.html
IndustrialLogisticsPropertiesTrustWI,ILPTV,https://quote.eastmoney.com/us/ILPTV.html
InsuranceIncomeStrategiesLtd,ILS,https://quote.eastmoney.com/us/ILS.html
InsuranceIncomeStrategiesLtdUnitConsof1Sh,ILSU,https://quote.eastmoney.com/us/ILSU.html
InsuranceAcquisitionCorpUnitConsof1CLA+0,ILSUU,https://quote.eastmoney.com/us/ILSUU.html
InsuranceAcquisitionCorpWt,ILSUW,https://quote.eastmoney.com/us/ILSUW.html
InsuranceIncomeStrategiesLtdWt-A,ILSWA,https://quote.eastmoney.com/us/ILSWA.html
InsuranceIncomeStrategiesLtdWt-B,ILSWB,https://quote.eastmoney.com/us/ILSWB.html
iSharesCore10+YearUSdBond,ILTB,https://quote.eastmoney.com/us/ILTB.html
INGRAMMICRO,IM,https://quote.eastmoney.com/us/IM.html
IMACHoldingsInc,IMAC,https://quote.eastmoney.com/us/IMAC.html
IMACHoldingsIncWt,IMACW,https://quote.eastmoney.com/us/IMACW.html
IMAXCorp,IMAX,https://quote.eastmoney.com/us/IMAX.html
iMediaBrandsInc,IMBI,https://quote.eastmoney.com/us/IMBI.html
"INTERNATIONALMARKETCENTERS,INC.",IMC,https://quote.eastmoney.com/us/IMC.html
ImmuneDesignCorp,IMDZ,https://quote.eastmoney.com/us/IMDZ.html
PureFundsETFxHealthTechETF,IMED,https://quote.eastmoney.com/us/IMED.html
InvescoMulti-FactorCoreFixed,IMFC,https://quote.eastmoney.com/us/IMFC.html
InvescoMulti-FactorDefensive,IMFD,https://quote.eastmoney.com/us/IMFD.html
InvescoMulti-FactorIncomeETF,IMFI,https://quote.eastmoney.com/us/IMFI.html
InvescoMulti-FactorCorePlus,IMFP,https://quote.eastmoney.com/us/IMFP.html
ImmunoGenInc,IMGN,https://quote.eastmoney.com/us/IMGN.html
ImpacMortgageHoldingsInc,IMH,https://quote.eastmoney.com/us/IMH.html
INTERMOLECULAR,IMI,https://quote.eastmoney.com/us/IMI.html
英格尔斯超市,IMKTA,https://quote.eastmoney.com/us/IMKTA.html
iPathS&PMLPETN,IMLP,https://quote.eastmoney.com/us/IMLP.html
ImmutepLtdADR,IMMP,https://quote.eastmoney.com/us/IMMP.html
ImmersionCorp,IMMR,https://quote.eastmoney.com/us/IMMR.html
ImmunomedicsInc,IMMU,https://quote.eastmoney.com/us/IMMU.html
ImprimisPharmaceuticalsInc,IMMY,https://quote.eastmoney.com/us/IMMY.html
IMATIONCORP,IMN,https://quote.eastmoney.com/us/IMN.html
ImmunePharmaceuticalsInc,IMNP,https://quote.eastmoney.com/us/IMNP.html
IMPERIALOILLTD,IMO,https://quote.eastmoney.com/us/IMO.html
ALPHAARCHITECTETFTRMOMENTUM,IMOM,https://quote.eastmoney.com/us/IMOM.html
ChipMOSTECHNOLOGIESINC.,IMOS,https://quote.eastmoney.com/us/IMOS.html
IMPRIVATAINC,IMPR,https://quote.eastmoney.com/us/IMPR.html
ImpervaInc,IMPV,https://quote.eastmoney.com/us/IMPV.html
免疫子制药,IMRN,https://quote.eastmoney.com/us/IMRN.html
ImmuronLtdWt,IMRNW,https://quote.eastmoney.com/us/IMRNW.html
IMRIS,IMRS,https://quote.eastmoney.com/us/IMRS.html
"IMSHEALTHHOLDINGS,INC.",IMS,https://quote.eastmoney.com/us/IMS.html
iSharesTrust,IMTB,https://quote.eastmoney.com/us/IMTB.html
IntegratedMediaTechnologyLtd,IMTE,https://quote.eastmoney.com/us/IMTE.html
iSharesMSCIInternationalDeve,IMTM,https://quote.eastmoney.com/us/IMTM.html
ImmunoCellularTherapeuticsLtd,IMUC,https://quote.eastmoney.com/us/IMUC.html
ImmunoCellularTherapeuticsLtdWt,IMUC_WS,https://quote.eastmoney.com/us/IMUC_WS.html
ImmunicInc,IMUX,https://quote.eastmoney.com/us/IMUX.html
IMVInc,IMV,https://quote.eastmoney.com/us/IMV.html
InternationalMoneyExpressInc,IMXI,https://quote.eastmoney.com/us/IMXI.html
InternationalMoneyExpressInc,IMXIW,https://quote.eastmoney.com/us/IMXIW.html
INTERMECINC,IN,https://quote.eastmoney.com/us/IN.html
InnovationAlphaGlobalETF,INAG,https://quote.eastmoney.com/us/INAG.html
InternapCorp,INAP,https://quote.eastmoney.com/us/INAP.html
InnovationAlphaUnitedStates,INAU,https://quote.eastmoney.com/us/INAU.html
Cohen&SteersGlobalIncomeBu,INB,https://quote.eastmoney.com/us/INB.html
FirstInternetBancorp,INBK,https://quote.eastmoney.com/us/INBK.html
FirstInternetBancorp,INBKL,https://quote.eastmoney.com/us/INBKL.html
FirstInternetBancorpNotes,INBKZ,https://quote.eastmoney.com/us/INBKZ.html
EGSharesIndiaConsumerETF,INCO,https://quote.eastmoney.com/us/INCO.html
INCResearchHoldingsInc-A,INCR,https://quote.eastmoney.com/us/INCR.html
因塞特医疗,INCY,https://quote.eastmoney.com/us/INCY.html
INGGROEPNV7.05%INGPERPETUALDEBT,IND,https://quote.eastmoney.com/us/IND.html
INGGroupNV,IND_CL,https://quote.eastmoney.com/us/IND_CL.html
印度ETF-iSharesMSCI,INDA,https://quote.eastmoney.com/us/INDA.html
独立银行(马塞诸塞州),INDB,https://quote.eastmoney.com/us/INDB.html
iSharesEdgeMSCIMultifactorI,INDF,https://quote.eastmoney.com/us/INDF.html
DirexionDailyIndiaBull3xSh,INDL,https://quote.eastmoney.com/us/INDL.html
PacerBenchmarkIndustrialReal,INDS,https://quote.eastmoney.com/us/INDS.html
