name_cn,name_en,url
EMPRESABRASILEIRADEAE-ADR,ERJ,https://quote.eastmoney.com/us/ERJ.html
EquityCompassRiskManagerETF,ERM,https://quote.eastmoney.com/us/ERM.html
ErinEnergyCorp,ERN,https://quote.eastmoney.com/us/ERN.html
BarclaysBankPLCiPathEUR/USD,ERO,https://quote.eastmoney.com/us/ERO.html
EAGLEROCKENERGYPARTNERSLP,EROC,https://quote.eastmoney.com/us/EROC.html
ErosInternationalPlc-A,EROS,https://quote.eastmoney.com/us/EROS.html
EmpireResourcesInc,ERS,https://quote.eastmoney.com/us/ERS.html
ERSharesNon-USSmallCapETF,ERSX,https://quote.eastmoney.com/us/ERSX.html
iSharesMSCIRussiaCappedETF,ERUS,https://quote.eastmoney.com/us/ERUS.html
ExchangeTradedConceptsTrust,ERW,https://quote.eastmoney.com/us/ERW.html
DirexionDailyEnergyBull3xS,ERX,https://quote.eastmoney.com/us/ERX.html
DirexionDailyEnergyBear3xS,ERY,https://quote.eastmoney.com/us/ERY.html
ERYTECHPharmaSAADR,ERYP,https://quote.eastmoney.com/us/ERYP.html
DirexionDailyEnergyBear1XS,ERYY,https://quote.eastmoney.com/us/ERYY.html
ENERGYSOLUTIONSINC,ES,https://quote.eastmoney.com/us/ES.html
EmpireStateRealtyOpLPSeriesES,ESBA,https://quote.eastmoney.com/us/ESBA.html
ESBFINANCIALCORP,ESBF,https://quote.eastmoney.com/us/ESBF.html
埃尔迈拉储蓄银行,ESBK,https://quote.eastmoney.com/us/ESBK.html
EMERITUSCORP,ESC,https://quote.eastmoney.com/us/ESC.html
攀登者,ESCA,https://quote.eastmoney.com/us/ESCA.html
DOUBLEEAGLEPETROLEUMCO,ESCR,https://quote.eastmoney.com/us/ESCR.html
DOUBLEEAGLEPETROLEUMCOMPANY,ESCRP,https://quote.eastmoney.com/us/ESCRP.html
WesternAssetEmergingMarkets,ESD,https://quote.eastmoney.com/us/ESD.html
EastsideDistillingInc,ESDI,https://quote.eastmoney.com/us/ESDI.html
EastsideDistillingIncWt,ESDIW,https://quote.eastmoney.com/us/ESDIW.html
ESCOTECHNOLOGIESINC,ESE,https://quote.eastmoney.com/us/ESE.html
EuroseasLtd,ESEA,https://quote.eastmoney.com/us/ESEA.html
Eco-StimEnergySolutionsInc,ESES,https://quote.eastmoney.com/us/ESES.html
FlexSharesSTOXXUSESGImpact,ESG,https://quote.eastmoney.com/us/ESG.html
iSharesMSCIEAFEESGSelectET,ESGD,https://quote.eastmoney.com/us/ESGD.html
iSharesMSCIEMESGSelectETF,ESGE,https://quote.eastmoney.com/us/ESGE.html
OPPENHEIMERREVWEIGHTEDETFTR,ESGF,https://quote.eastmoney.com/us/ESGF.html
FlexSharesSTOXXGlobalESGImp,ESGG,https://quote.eastmoney.com/us/ESGG.html
OPPENHEIMERREVWEIGHTEDETFTR,ESGL,https://quote.eastmoney.com/us/ESGL.html
ColumbiaSustainableInternatio,ESGN,https://quote.eastmoney.com/us/ESGN.html
恩斯塔,ESGR,https://quote.eastmoney.com/us/ESGR.html
EnstarGroupLtdSeriesEPfd,ESGRO,https://quote.eastmoney.com/us/ESGRO.html
EnstarGroupLtdSeriesDPfd,ESGRP,https://quote.eastmoney.com/us/ESGRP.html
ColumbiaSustainableU.S.Equit,ESGS,https://quote.eastmoney.com/us/ESGS.html
iSharesMSCIUSAESGOptimized,ESGU,https://quote.eastmoney.com/us/ESGU.html
VanguardESGU.S.StockETF,ESGV,https://quote.eastmoney.com/us/ESGV.html
ColumbiaSustainableGlobalEqu,ESGW,https://quote.eastmoney.com/us/ESGW.html
ITT,ESI,https://quote.eastmoney.com/us/ESI.html
电子科技工业,ESIO,https://quote.eastmoney.com/us/ESIO.html
ESTERLINETECHNOLOGIESCORP,ESL,https://quote.eastmoney.com/us/ESL.html
埃尔比特系统,ESLT,https://quote.eastmoney.com/us/ESLT.html
埃斯卡龙医疗,ESMC,https://quote.eastmoney.com/us/ESMC.html
iSharesESGMSCIUSASmall-Cap,ESML,https://quote.eastmoney.com/us/ESML.html
EnSyncInc,ESNC,https://quote.eastmoney.com/us/ESNC.html
EssendantInc,ESND,https://quote.eastmoney.com/us/ESND.html
EssentGroupLtd,ESNT,https://quote.eastmoney.com/us/ESNT.html
ESPEYMFG&ELECTRONICSCORP,ESP,https://quote.eastmoney.com/us/ESP.html
VanEckVectorsVideoGamingand,ESPO,https://quote.eastmoney.com/us/ESPO.html
EsperionTherapeuticsInc,ESPR,https://quote.eastmoney.com/us/ESPR.html
艾斯奎尔金融控股,ESQ,https://quote.eastmoney.com/us/ESQ.html
iSharesMSCIEmergingMarketsE,ESR,https://quote.eastmoney.com/us/ESR.html
EmpireStateRealtyTrustInc-A,ESRT,https://quote.eastmoney.com/us/ESRT.html
快捷药方,ESRX,https://quote.eastmoney.com/us/ESRX.html
埃塞克斯房地产信托,ESS,https://quote.eastmoney.com/us/ESS.html
萨万通金控,ESSA,https://quote.eastmoney.com/us/ESSA.html
"ETREREIT,LLC",ESSF,https://quote.eastmoney.com/us/ESSF.html
ESSEXRENTAL,ESSX,https://quote.eastmoney.com/us/ESSX.html
EstablishmentLabs,ESTA,https://quote.eastmoney.com/us/ESTA.html
ElasticNV,ESTC,https://quote.eastmoney.com/us/ESTC.html
EarthstoneEnergyInc-A,ESTE,https://quote.eastmoney.com/us/ESTE.html
EstreAmbientalInc,ESTR,https://quote.eastmoney.com/us/ESTR.html
EstreAmbientalIncWt,ESTRW,https://quote.eastmoney.com/us/ESTRW.html
SourceEuro-Stoxx50ETF,ESTX,https://quote.eastmoney.com/us/ESTX.html
ENSCO,ESV,https://quote.eastmoney.com/us/ESV.html
CommunityBankersTrustCorp,ESXB,https://quote.eastmoney.com/us/ESXB.html
ELECSYSCORP,ESYS,https://quote.eastmoney.com/us/ESYS.html
EXACTTARGET,ET,https://quote.eastmoney.com/us/ET.html
ELEPHANTTALKCOMMUNICATIONSInc,ETAK,https://quote.eastmoney.com/us/ETAK.html
EatonVance,ETB,https://quote.eastmoney.com/us/ETB.html
ENTERGYTRANSFEREQUITYLP,ETE,https://quote.eastmoney.com/us/ETE.html
AberdeenEmergingMarketsSmall,ETF,https://quote.eastmoney.com/us/ETF.html
亿创理财,ETFC,https://quote.eastmoney.com/us/ETFC.html
EatonVance,ETG,https://quote.eastmoney.com/us/ETG.html
ETHANALLENINTERIORSINC,ETH,https://quote.eastmoney.com/us/ETH.html
EthoClimateLeadershipU.S.ET,ETHO,https://quote.eastmoney.com/us/ETHO.html
EatonVance,ETJ,https://quote.eastmoney.com/us/ETJ.html
ENTERCOMCOMMUNICATIONS-CLA,ETM,https://quote.eastmoney.com/us/ETM.html
伊顿,ETN,https://quote.eastmoney.com/us/ETN.html
EatonVance,ETO,https://quote.eastmoney.com/us/ETO.html
EtonPharmaceuticalsInc,ETON,https://quote.eastmoney.com/us/ETON.html
EnergyTransferPartnersLP,ETP,https://quote.eastmoney.com/us/ETP.html
ENTERGY,ETR,https://quote.eastmoney.com/us/ETR.html
永恒医疗,ETRM,https://quote.eastmoney.com/us/ETRM.html
EquitransMidstreamCorp,ETRN,https://quote.eastmoney.com/us/ETRN.html
EquitransMidstreamCorp,ETRNW,https://quote.eastmoney.com/us/ETRNW.html
EtsyInc,ETSY,https://quote.eastmoney.com/us/ETSY.html
EntasisTherapeuticsHoldingsInc,ETTX,https://quote.eastmoney.com/us/ETTX.html
EatonVance,ETV,https://quote.eastmoney.com/us/ETV.html
EatonVance,ETW,https://quote.eastmoney.com/us/ETW.html
EatonVance,ETX,https://quote.eastmoney.com/us/ETX.html
EatonVance,ETY,https://quote.eastmoney.com/us/ETY.html
WisdomTreeEuropeDividendGrow,EUDG,https://quote.eastmoney.com/us/EUDG.html
ProSharesMSCIEuropeDividend,EUDV,https://quote.eastmoney.com/us/EUDV.html
DirexionDailyEuropeanFinanci,EUFL,https://quote.eastmoney.com/us/EUFL.html
iSharesMSCIEuropeFinancials,EUFN,https://quote.eastmoney.com/us/EUFN.html
DirexionFundsETF,EUFS,https://quote.eastmoney.com/us/EUFS.html
ProSharesShortEuro,EUFX,https://quote.eastmoney.com/us/EUFX.html
ProSharesTrustShortMSCIEmer,EUM,https://quote.eastmoney.com/us/EUM.html
WisdomTreeEuropeMultifactorF,EUMF,https://quote.eastmoney.com/us/EUMF.html
iSharesMSCIEuropeMinimumVol,EUMV,https://quote.eastmoney.com/us/EUMV.html
ProSharesUltrashortEuro,EUO,https://quote.eastmoney.com/us/EUO.html
DirexionDailyFTSEEuropeBull,EURL,https://quote.eastmoney.com/us/EURL.html
EuronavNV,EURN,https://quote.eastmoney.com/us/EURN.html
XtrackersEurozoneEquityETF,EURZ,https://quote.eastmoney.com/us/EURZ.html
iSharesMSCIUKETF,EUSA,https://quote.eastmoney.com/us/EUSA.html
WisdomTreeEuropeHedgedSmallc,EUSC,https://quote.eastmoney.com/us/EUSC.html
DirexionDailyEUROSTOXX50Bu,EUXL,https://quote.eastmoney.com/us/EUXL.html
EATONVANCE,EV,https://quote.eastmoney.com/us/EV.html
EnvivaPartnersLP,EVA,https://quote.eastmoney.com/us/EVA.html
EDWARDSGROUP,EVAC,https://quote.eastmoney.com/us/EVAC.html
iSharesMSCIEmergingMarketsV,EVAL,https://quote.eastmoney.com/us/EVAL.html
LombardMedicalInc,EVAR,https://quote.eastmoney.com/us/EVAR.html
EverbridgeInc,EVBG,https://quote.eastmoney.com/us/EVBG.html
EvansBancorpInc,EVBN,https://quote.eastmoney.com/us/EVBN.html
EasternVirginiaBanksharesInc,EVBS,https://quote.eastmoney.com/us/EVBS.html
ENTRAVISIONCOMMUNICATIONS-A,EVC,https://quote.eastmoney.com/us/EVC.html
"EVERYDAYHEALTH,INC.",EVDY,https://quote.eastmoney.com/us/EVDY.html
EVEnergyPartnersLP,EVEP,https://quote.eastmoney.com/us/EVEP.html
EverQuoteInc-A,EVER,https://quote.eastmoney.com/us/EVER.html
EatonVanceSeniorIncomeTrust,EVF,https://quote.eastmoney.com/us/EVF.html
EvofemBiosciencesInc,EVFM,https://quote.eastmoney.com/us/EVFM.html
EatonVanceFloating-RateNextS,EVFTC,https://quote.eastmoney.com/us/EVFTC.html
EatonVanceShortDurationDive,EVG,https://quote.eastmoney.com/us/EVG.html
EatonVanceNextSharesTrust,EVGBC,https://quote.eastmoney.com/us/EVGBC.html
EvogeneLtd,EVGN,https://quote.eastmoney.com/us/EVGN.html
EvolentHealthInc-A,EVH,https://quote.eastmoney.com/us/EVH.html
EnvisionHealthcareCorp,EVHC,https://quote.eastmoney.com/us/EVHC.html
ENVIROSTARM,EVI,https://quote.eastmoney.com/us/EVI.html
VelocityShares1xLongVSTOXXF,EVIX,https://quote.eastmoney.com/us/EVIX.html
EatonVanceNewJerseyMunicipa,EVJ,https://quote.eastmoney.com/us/EVJ.html
华瑞集团,EVK,https://quote.eastmoney.com/us/EVK.html
EatonVanceNextSharesTrustII,EVLMC,https://quote.eastmoney.com/us/EVLMC.html
EveloBiosciencesInc,EVLO,https://quote.eastmoney.com/us/EVLO.html
EVINELiveInc,EVLV,https://quote.eastmoney.com/us/EVLV.html
EatonVanceCaliforniaMunicipa,EVM,https://quote.eastmoney.com/us/EVM.html
EatonVanceMunicipalIncomeTr,EVN,https://quote.eastmoney.com/us/EVN.html
EatonVanceOhioMunicipalInco,EVO,https://quote.eastmoney.com/us/EVO.html
EvokePharmaInc,EVOK,https://quote.eastmoney.com/us/EVOK.html
EvolvingSystemsInc,EVOL,https://quote.eastmoney.com/us/EVOL.html
EVOPaymentsInc-A,EVOP,https://quote.eastmoney.com/us/EVOP.html
EatonVancePennsylvaniaMunici,EVP,https://quote.eastmoney.com/us/EVP.html
EvercoreInc-A,EVR,https://quote.eastmoney.com/us/EVR.html
EvergyInc,EVRG,https://quote.eastmoney.com/us/EVRG.html
EveriHoldingsInc,EVRI,https://quote.eastmoney.com/us/EVRI.html
EveryWareGlobalInc,EVRY,https://quote.eastmoney.com/us/EVRY.html
EnvisionSolarInternationalInc,EVSI,https://quote.eastmoney.com/us/EVSI.html
EnvisionSolarInternationalIncWt,EVSIW,https://quote.eastmoney.com/us/EVSIW.html
EatonVanceStockNextShares,EVSTC,https://quote.eastmoney.com/us/EVSTC.html
EatonVanceTax-AdvantagedDivi,EVT,https://quote.eastmoney.com/us/EVT.html
EvertecInc,EVTC,https://quote.eastmoney.com/us/EVTC.html
EatonVanceLimitedDurationIn,EVV,https://quote.eastmoney.com/us/EVV.html
MarketVectorsEnvironmentalSe,EVX,https://quote.eastmoney.com/us/EVX.html
EatonVanceNewYorkMunicipal,EVY,https://quote.eastmoney.com/us/EVY.html
爱德华生命科学,EW,https://quote.eastmoney.com/us/EW.html
iSharesMSCIAustraliaETF,EWA,https://quote.eastmoney.com/us/EWA.html
华美,EWBC,https://quote.eastmoney.com/us/EWBC.html
iSharesMSCICanadaETF,EWC,https://quote.eastmoney.com/us/EWC.html
InvescoS&P500EqualWeightCo,EWCO,https://quote.eastmoney.com/us/EWCO.html
iSharesMSCISwedenETF,EWD,https://quote.eastmoney.com/us/EWD.html
GuggenheimMSCIEmergingMarket,EWEM,https://quote.eastmoney.com/us/EWEM.html
iSharesMSCIGermanyETF,EWG,https://quote.eastmoney.com/us/EWG.html
iSharesMSCIGermanySmall-Cap,EWGS,https://quote.eastmoney.com/us/EWGS.html
iSharesMSCIHongKongETF,EWH,https://quote.eastmoney.com/us/EWH.html
iSharesMSCIHongKongSmall-Ca,EWHS,https://quote.eastmoney.com/us/EWHS.html
iSharesMSCIItalyCappedETF,EWI,https://quote.eastmoney.com/us/EWI.html
iSharesMSCIJapanETF,EWJ,https://quote.eastmoney.com/us/EWJ.html
iSharesMSCIJapanEqualWeight,EWJE,https://quote.eastmoney.com/us/EWJE.html
iSharesMSCIJapanValueETF,EWJV,https://quote.eastmoney.com/us/EWJV.html
iSharesMSCIBelgiumCappedETF,EWK,https://quote.eastmoney.com/us/EWK.html
iSharesMSCISwitzerlandCapped,EWL,https://quote.eastmoney.com/us/EWL.html
iSharesMSCIMalaysiaETF,EWM,https://quote.eastmoney.com/us/EWM.html
GuggenheimS&PMidCap400Equal,EWMC,https://quote.eastmoney.com/us/EWMC.html
iSharesMSCINetherlandsETF,EWN,https://quote.eastmoney.com/us/EWN.html
iSharesMSCIAustriaCappedETF,EWO,https://quote.eastmoney.com/us/EWO.html
iSharesMSCISpainCappedETF,EWP,https://quote.eastmoney.com/us/EWP.html
iSharesMSCIFranceETF,EWQ,https://quote.eastmoney.com/us/EWQ.html
GuggenheimS&P500EqualWeight,EWRE,https://quote.eastmoney.com/us/EWRE.html
