name_cn,name_en,url
TransActTechnologiesInc,TACT,https://quote.eastmoney.com/us/TACT.html
TAGGARESAGRICULTURECORP.,TAG,https://quote.eastmoney.com/us/TAG.html
TeucriumAgriculturalFund,TAGS,https://quote.eastmoney.com/us/TAGS.html
塔霍资源,TAHO,https://quote.eastmoney.com/us/TAHO.html
SynCardiaSystemsInc,TAHT,https://quote.eastmoney.com/us/TAHT.html
泰然金融,TAI,https://quote.eastmoney.com/us/TAI.html
CambriaEtfTrTailRiskEtf,TAIL,https://quote.eastmoney.com/us/TAIL.html
TaitronComponentsInc-A,TAIT,https://quote.eastmoney.com/us/TAIT.html
武田制药,TAK,https://quote.eastmoney.com/us/TAK.html
TakedaYakuhinKogyoKKADRWI,TAK_V,https://quote.eastmoney.com/us/TAK_V.html
TakedaYakuhinKogyoKKADRWI,TAKW,https://quote.eastmoney.com/us/TAKW.html
好未来,TAL,https://quote.eastmoney.com/us/TAL.html
RoyalBankOfCanada,TALL,https://quote.eastmoney.com/us/TALL.html
TalosEnergyInc,TALO,https://quote.eastmoney.com/us/TALO.html
TalosEnergyIncWt,TALO_WS,https://quote.eastmoney.com/us/TALO_WS.html
TAMINCOACQUISITIONCORP,TAM,https://quote.eastmoney.com/us/TAM.html
GuggenheimSolarETF,TAN,https://quote.eastmoney.com/us/TAN.html
碳博士控股,TANH,https://quote.eastmoney.com/us/TANH.html
TravelCentersOfAmericaLLC,TANN,https://quote.eastmoney.com/us/TANN.html
TravelCentersofAmericaLLC,TANNI,https://quote.eastmoney.com/us/TANNI.html
TravelCentersofAmericaLLC,TANNL,https://quote.eastmoney.com/us/TANNL.html
TravelCentersofAmericaLLC,TANNZ,https://quote.eastmoney.com/us/TANNZ.html
TravelCentersOfAmericaLLC,TANO,https://quote.eastmoney.com/us/TANO.html
TravelCentersOfAmericaLLC,TANP,https://quote.eastmoney.com/us/TANP.html
GuggenheimChinaRealEstateET,TAO,https://quote.eastmoney.com/us/TAO.html
淘米,TAOM,https://quote.eastmoney.com/us/TAOM.html
淘屏,TAOP,https://quote.eastmoney.com/us/TAOP.html
莫尔森库尔斯酿酒,TAP,https://quote.eastmoney.com/us/TAP.html
MOLSONCOORSBREWINGCOMPANYCLASSA,A,https://quote.eastmoney.com/us/TAP/A.html
莫尔森库尔斯-A,TAP_A,https://quote.eastmoney.com/us/TAP_A.html
BarclaysPlcBarclaysInverseU,TAPR,https://quote.eastmoney.com/us/TAPR.html
BarclaysInverseUSTreasuryCo,TAPR_NASDAQ,https://quote.eastmoney.com/us/TAPR_NASDAQ.html
TaroPharmaceuticalIndustriesLtd,TARO,https://quote.eastmoney.com/us/TARO.html
TASMANMETALSLTD.,TAS,https://quote.eastmoney.com/us/TAS.html
TASERINTERNATIONALINC,TASR,https://quote.eastmoney.com/us/TASR.html
CarrolsRestaurantGroupInc,TAST,https://quote.eastmoney.com/us/TAST.html
TRANSATLANTICPETROLEUMLTD,TAT,https://quote.eastmoney.com/us/TAT.html
TATTechnologiesLtd,TATT,https://quote.eastmoney.com/us/TATT.html
DirexionDailyCommunicationSe,TAWK,https://quote.eastmoney.com/us/TAWK.html
JTHHOLDING,TAX,https://quote.eastmoney.com/us/TAX.html
AmericanCenturyDiversifiedMu,TAXF,https://quote.eastmoney.com/us/TAXF.html
MEDALLIONFINANCIALCORP,TAXI,https://quote.eastmoney.com/us/TAXI.html
MedallionFinancialCorp,TAXIL,https://quote.eastmoney.com/us/TAXIL.html
TAYLORCAPITALGROUPINC,TAYC,https://quote.eastmoney.com/us/TAYC.html
TAYLORCAPITALGROUPINC,TAYCP,https://quote.eastmoney.com/us/TAYCP.html
TaylorDevicesInc,TAYD,https://quote.eastmoney.com/us/TAYD.html
TANDYBRANDSACCESSORIESINC,TBACQ,https://quote.eastmoney.com/us/TBACQ.html
RBSGoldTrendpilotExchangeTr,TBAR,https://quote.eastmoney.com/us/TBAR.html
AT&TIncNotes,TBB,https://quote.eastmoney.com/us/TBB.html
TheBancorpInc,TBBK,https://quote.eastmoney.com/us/TBBK.html
AT&TIncNotes,TBC,https://quote.eastmoney.com/us/TBC.html
ProSharesShort20+YearTreasu,TBF,https://quote.eastmoney.com/us/TBF.html
TRUEBLUEINC,TBI,https://quote.eastmoney.com/us/TBI.html
TRANSGENOMICINC,TBIO,https://quote.eastmoney.com/us/TBIO.html
TriumphBancorpInc,TBK,https://quote.eastmoney.com/us/TBK.html
ToughBuiltIndustriesInc,TBLT,https://quote.eastmoney.com/us/TBLT.html
ToughBuiltIndustriesIncCLAUnitConsof1Sh+,TBLTU,https://quote.eastmoney.com/us/TBLTU.html
ToughBuiltIndustriesIncWt-A,TBLTW,https://quote.eastmoney.com/us/TBLTW.html
TortoiseWaterFundETF-Managem,TBLU,https://quote.eastmoney.com/us/TBLU.html
TacticalIncomeETF,TBND,https://quote.eastmoney.com/us/TBND.html
TerritorialBancorpInc,TBNK,https://quote.eastmoney.com/us/TBNK.html
创博国际,TBOW,https://quote.eastmoney.com/us/TBOW.html
TheravanceBiopharmaInc,TBPH,https://quote.eastmoney.com/us/TBPH.html
"TOBIRATHERAPEUTICS,INC.",TBRA,https://quote.eastmoney.com/us/TBRA.html
ThunderBridgeAcquisitionLtd-A,TBRG,https://quote.eastmoney.com/us/TBRG.html
ThunderBridgeAcquisitionLtdUnitConsof1CLA,TBRGU,https://quote.eastmoney.com/us/TBRGU.html
ThunderBridgeAcquisitionLtdWt,TBRGW,https://quote.eastmoney.com/us/TBRGW.html
ProSharesTrustUltrashortLehm,TBT,https://quote.eastmoney.com/us/TBT.html
ProSharesShort7-10YearTreas,TBX,https://quote.eastmoney.com/us/TBX.html
ProSharesUltrashort3-7YearT,TBZ,https://quote.eastmoney.com/us/TBZ.html
THOMPSONCREEKMETALSCOINC,TC,https://quote.eastmoney.com/us/TC.html
TriangleCapitalCorp,TCAP,https://quote.eastmoney.com/us/TCAP.html
TCFFINANCIAL,TCB,https://quote.eastmoney.com/us/TCB.html
TcfFinancialCorporation,TCB_B,https://quote.eastmoney.com/us/TCB_B.html
TcfFinancialCorporation,TCB_C,https://quote.eastmoney.com/us/TCB_C.html
TCFFinancialCorpWt,TCB_WS,https://quote.eastmoney.com/us/TCB_WS.html
TexasCapitalBancsharesInc,TCBI,https://quote.eastmoney.com/us/TCBI.html
TexasCapitalBancsharesInc6.,TCBIL,https://quote.eastmoney.com/us/TCBIL.html
TexasCapitalBancsharesIncNo,TCBIP,https://quote.eastmoney.com/us/TCBIP.html
TexasCapitalBancsharesIncWt,TCBIW,https://quote.eastmoney.com/us/TCBIW.html
TriCoBancshares,TCBK,https://quote.eastmoney.com/us/TCBK.html
TriangleCapitalCorporation,TCC_CL,https://quote.eastmoney.com/us/TCC_CL.html
TriangleCapitalCorporation,TCCA,https://quote.eastmoney.com/us/TCCA.html
TriangleCapitalCorporation,TCCB,https://quote.eastmoney.com/us/TCCB.html
TechnicalCommunicationsCorp,TCCO,https://quote.eastmoney.com/us/TCCO.html
TricidaInc,TCDA,https://quote.eastmoney.com/us/TCDA.html
TCFFinancialCorp,TCF,https://quote.eastmoney.com/us/TCF.html
TCFFinancialCorpSeriesAPfd,TCF_B,https://quote.eastmoney.com/us/TCF_B.html
TCFFinancialCorpSeriesBPfd,TCF_C,https://quote.eastmoney.com/us/TCF_C.html
TCFFinancialCorpSeriesCPfd,TCF_D,https://quote.eastmoney.com/us/TCF_D.html
TCFFinancialCorp,TCF_NYSE,https://quote.eastmoney.com/us/TCF_NYSE.html
TCFFinancialCorpWt,TCF_WS,https://quote.eastmoney.com/us/TCF_WS.html
TheCommunityFinancialCorp,TCFC,https://quote.eastmoney.com/us/TCFC.html
ChemicalFinancialCorpSeries,TCFCP,https://quote.eastmoney.com/us/TCFCP.html
ChemicalFinancialCorpSeries,TCFPRD,https://quote.eastmoney.com/us/TCFPRD.html
TheCarlyleGroupLPSeriesAP,TCGP,https://quote.eastmoney.com/us/TCGP.html
iSharesEdgeMSCIMultifactorT,TCHF,https://quote.eastmoney.com/us/TCHF.html
RBSChinaTrendpilotExchangeT,TCHI,https://quote.eastmoney.com/us/TCHI.html
TRANSCONTINENTALREALTYINV,TCI,https://quote.eastmoney.com/us/TCI.html
TECKRESOURCESLTD-CLSB,TCK,https://quote.eastmoney.com/us/TCK.html
TATACOMMUNICATIONS,TCL,https://quote.eastmoney.com/us/TCL.html
TortoiseCloudInfrastructureF,TCLD,https://quote.eastmoney.com/us/TCLD.html
TactileSystemsTechnologyInc,TCMD,https://quote.eastmoney.com/us/TCMD.html
塔伯曼中心,TCO,https://quote.eastmoney.com/us/TCO.html
TaubmanCentersInc,TCO_J,https://quote.eastmoney.com/us/TCO_J.html
TaubmanCentersInc,TCO_K,https://quote.eastmoney.com/us/TCO_K.html
TRACONPharmaceuticalsInc,TCON,https://quote.eastmoney.com/us/TCON.html
TCPIPELINESLP,TCP,https://quote.eastmoney.com/us/TCP.html
BlackRockTCPCapitalCorp,TCPC,https://quote.eastmoney.com/us/TCPC.html
TCPINTERNATIONALHOLDINGSLTD.,TCPI,https://quote.eastmoney.com/us/TCPI.html
THLCreditInc,TCRD,https://quote.eastmoney.com/us/TCRD.html
TCR2TherapeuticsInc,TCRR,https://quote.eastmoney.com/us/TCRR.html
THLCreditIncNotes,TCRW,https://quote.eastmoney.com/us/TCRW.html
ThlCreditInc,TCRX,https://quote.eastmoney.com/us/TCRX.html
THLCreditIncNotes,TCRX_CL,https://quote.eastmoney.com/us/TCRX_CL.html
THLCreditInc,TCRZ,https://quote.eastmoney.com/us/TCRZ.html
CONTAINERSTOREGROUPINC,TCS,https://quote.eastmoney.com/us/TCS.html
SERSOLPREMISECAPFRONTIERAD,TCTL,https://quote.eastmoney.com/us/TCTL.html
TUCOWSINC,TCX,https://quote.eastmoney.com/us/TCX.html
TORONTO-DOMINIONBANK,TD,https://quote.eastmoney.com/us/TD.html
TelephoneAndDataSystemsInc,TDA,https://quote.eastmoney.com/us/TDA.html
TridentAcquisitionsCorp,TDAC,https://quote.eastmoney.com/us/TDAC.html
TridentAcquisitionsCorpUnitConsof1Sh+1Wt,TDACU,https://quote.eastmoney.com/us/TDACU.html
TridentAcquisitionsCorpWt,TDACW,https://quote.eastmoney.com/us/TDACW.html
TERADATA,TDC,https://quote.eastmoney.com/us/TDC.html
DeutscheX-Trackers2010Target,TDD,https://quote.eastmoney.com/us/TDD.html
TelephoneAndDataSystemsInc,TDE,https://quote.eastmoney.com/us/TDE.html
TempletonDragonFund,TDF,https://quote.eastmoney.com/us/TDF.html
TRANSDIGM,TDG,https://quote.eastmoney.com/us/TDG.html
DeutscheX-Trackers2020Target,TDH,https://quote.eastmoney.com/us/TDH.html
TELEPHONEANDDATASYSTEMSINC6.625%,TDI,https://quote.eastmoney.com/us/TDI.html
FirstTrustExchange-TradedFun,TDIV,https://quote.eastmoney.com/us/TDIV.html
TelephoneAndDataSystemsInc,TDJ,https://quote.eastmoney.com/us/TDJ.html
DeutscheX-Trackers2030Target,TDN,https://quote.eastmoney.com/us/TDN.html
TeladocHealthInc,TDOC,https://quote.eastmoney.com/us/TDOC.html
电话数据系统,TDS,https://quote.eastmoney.com/us/TDS.html
FlexSharesIboxx5-YearTarget,TDTF,https://quote.eastmoney.com/us/TDTF.html
FlexSharesIboxx3-YearTarget,TDTT,https://quote.eastmoney.com/us/TDTT.html
DeutscheX-Trackers2040Target,TDV,https://quote.eastmoney.com/us/TDV.html
潮水公司,TDW,https://quote.eastmoney.com/us/TDW.html
TidewaterIncWt,TDW_WS,https://quote.eastmoney.com/us/TDW_WS.html
TidewaterIncWt-A,TDW_WS_A,https://quote.eastmoney.com/us/TDW_WS_A.html
TidewaterIncWt_B,TDW_WS_B,https://quote.eastmoney.com/us/TDW_WS_B.html
DeutscheX-TrackersInTargetD,TDX,https://quote.eastmoney.com/us/TDX.html
TELEDYNETECHNOLOGIESINC,TDY,https://quote.eastmoney.com/us/TDY.html
TECOENERGY,TE,https://quote.eastmoney.com/us/TE.html
TortoiseEssentialAssetsIncom,TEAF,https://quote.eastmoney.com/us/TEAF.html
AtlassianCorpPlc-A,TEAM,https://quote.eastmoney.com/us/TEAM.html
TearLabCorp,TEAR,https://quote.eastmoney.com/us/TEAR.html
技术数据,TECD,https://quote.eastmoney.com/us/TECD.html
Bio-TechneCorp,TECH,https://quote.eastmoney.com/us/TECH.html
泰克资源,TECK,https://quote.eastmoney.com/us/TECK.html
DirexionDailyTechnologyBull,TECL,https://quote.eastmoney.com/us/TECL.html
DirexionDailyTechnologyBear,TECS,https://quote.eastmoney.com/us/TECS.html
TectonicFinancialIncSeriesB,TECTP,https://quote.eastmoney.com/us/TECTP.html
TECUMSEHPRODUCTSCO-CLASSB,TECU,https://quote.eastmoney.com/us/TECU.html
TECUMSEHPRODUCTSCO-CLASSA,TECUA,https://quote.eastmoney.com/us/TECUA.html
DirexionDailyTechnologyBear,TECZ,https://quote.eastmoney.com/us/TECZ.html
达内教育,TEDU,https://quote.eastmoney.com/us/TEDU.html
TELEFONICASA-SPONADR,TEF,https://quote.eastmoney.com/us/TEF.html
INTEGRYSENERGY,TEG,https://quote.eastmoney.com/us/TEG.html
TallgrassEnergyGPLP-A,TEGP,https://quote.eastmoney.com/us/TEGP.html
TempletonEmergingMarketsInco,TEI,https://quote.eastmoney.com/us/TEI.html
TECONNECTIVITY,TEL,https://quote.eastmoney.com/us/TEL.html
TELIKINC,TELK,https://quote.eastmoney.com/us/TELK.html
TELIKINC,TELKD,https://quote.eastmoney.com/us/TELKD.html
TellurianInc,TELL,https://quote.eastmoney.com/us/TELL.html
TENNECOINC,TEN,https://quote.eastmoney.com/us/TEN.html
TenableHoldingsInc,TENB,https://quote.eastmoney.com/us/TENB.html
TenaxTherapeuticsInc,TENX,https://quote.eastmoney.com/us/TENX.html
Pimco7-15YearU.S.TreasuryI,TENZ,https://quote.eastmoney.com/us/TENZ.html
TELECOMARGENTINASA-SPADR,TEO,https://quote.eastmoney.com/us/TEO.html
TALLGRASSENERGYPARTNERS,TEP,https://quote.eastmoney.com/us/TEP.html
泰瑞达,TER,https://quote.eastmoney.com/us/TER.html
泰瑞达,TER_NYSE,https://quote.eastmoney.com/us/TER_NYSE.html
EquityCompassTacticalRiskMan,TERM,https://quote.eastmoney.com/us/TERM.html
TerraFormPowerInc-A,TERP,https://quote.eastmoney.com/us/TERP.html
乐购,TESO,https://quote.eastmoney.com/us/TESO.html
特斯科技术,TESS,https://quote.eastmoney.com/us/TESS.html
ETFIndustryExposure&Financi,TETF,https://quote.eastmoney.com/us/TETF.html
BOXSHIPSINC,TEU,https://quote.eastmoney.com/us/TEU.html
BoxShipsInc,TEU_C,https://quote.eastmoney.com/us/TEU_C.html
PareteumCorp,TEUM,https://quote.eastmoney.com/us/TEUM.html
梯瓦制药,TEVA,https://quote.eastmoney.com/us/TEVA.html
特雷克斯,TEX,https://quote.eastmoney.com/us/TEX.html
21世纪福克斯-B,TFCF,https://quote.eastmoney.com/us/TFCF.html
21世纪福克斯-A,TFCFA,https://quote.eastmoney.com/us/TFCFA.html
TUFCOTECHNOLOGIESINC,TFCO,https://quote.eastmoney.com/us/TFCO.html
FixedIncomeTrust,TFG,https://quote.eastmoney.com/us/TFG.html
SPDRNuveenBarclaysMunicipal,TFI,https://quote.eastmoney.com/us/TFI.html
TFITABGidaYatirimlariASADR,TFIG,https://quote.eastmoney.com/us/TFIG.html
GlobalXTargetIncome5ETF,TFIV,https://quote.eastmoney.com/us/TFIV.html
iSharesTreasuryFloatingRate,TFLO,https://quote.eastmoney.com/us/TFLO.html
GlobalXTargetIncomePlus2ET,TFLT,https://quote.eastmoney.com/us/TFLT.html
FRESHMARKET,TFM,https://quote.eastmoney.com/us/TFM.html
1347CAPITALCORP,TFSC,https://quote.eastmoney.com/us/TFSC.html
1347CapitalCorpRight,TFSCR,https://quote.eastmoney.com/us/TFSCR.html
1347CAPITALCorp,TFSCU,https://quote.eastmoney.com/us/TFSCU.html
1347CAPITALCorpWARRANT,TFSCW,https://quote.eastmoney.com/us/TFSCW.html
TFSFinancialCorp,TFSL,https://quote.eastmoney.com/us/TFSL.html
泰利福,TFX,https://quote.eastmoney.com/us/TFX.html
TREDEGARCORP,TG,https://quote.eastmoney.com/us/TG.html
TRANSGLOBEENERGYCORP,TGA,https://quote.eastmoney.com/us/TGA.html
TASEKOMINESLTD,TGB,https://quote.eastmoney.com/us/TGB.html
TENGASCOINC,TGC,https://quote.eastmoney.com/us/TGC.html
TimminsGoldCorp,TGD,https://quote.eastmoney.com/us/TGD.html
TGCINDUSTRIESINC,TGE,https://quote.eastmoney.com/us/TGE.html
TecogenInc,TGEN,https://quote.eastmoney.com/us/TGEN.html
TEXTAINERGROUPHOLDINGSLTD,TGH,https://quote.eastmoney.com/us/TGH.html
TRIUMPH,TGI,https://quote.eastmoney.com/us/TGI.html
TecnoglassInc,TGLS,https://quote.eastmoney.com/us/TGLS.html
TEGNAInc,TGNA,https://quote.eastmoney.com/us/TGNA.html
TEGNAInc,TGNAW,https://quote.eastmoney.com/us/TGNAW.html
TEEKAYLNGPARTNERSLP,TGP,https://quote.eastmoney.com/us/TGP.html
TeekayLNGPartnersL.P.,TGP_A,https://quote.eastmoney.com/us/TGP_A.html
TeekayLNGPartnersLPSeriesB,TGP_B,https://quote.eastmoney.com/us/TGP_B.html
TRANSPORTADORGASSUR-SPADR,TGS,https://quote.eastmoney.com/us/TGS.html
塔吉特,TGT,https://quote.eastmoney.com/us/TGT.html
TGTherapeuticsInc,TGTX,https://quote.eastmoney.com/us/TGTX.html
THERAGENICSCORP,TGX,https://quote.eastmoney.com/us/TGX.html
TargetHospitalityCorp,TH,https://quote.eastmoney.com/us/TH.html
ThunderBridgeAcquisitionIILtd-A,THBR,https://quote.eastmoney.com/us/THBR.html
ThunderBridgeAcquisitionIILtdUnitConsof1C,THBRU,https://quote.eastmoney.com/us/THBRU.html
ThunderBridgeAcquisitionIILtdWt,THBRW,https://quote.eastmoney.com/us/THBRW.html
特内特医疗,THC,https://quote.eastmoney.com/us/THC.html
TuscanHoldingsCorpII,THCA,https://quote.eastmoney.com/us/THCA.html
TuscanHoldingsCorpIIUnitConsof1Sh+1/2Wt,THCAU,https://quote.eastmoney.com/us/THCAU.html
TuscanHoldingsCorpIIWt,THCAW,https://quote.eastmoney.com/us/THCAW.html
TuscanHoldingsCorp,THCB,https://quote.eastmoney.com/us/THCB.html
TuscanHoldingsCorpUnitConsof1Sh+1Wt,THCBU,https://quote.eastmoney.com/us/THCBU.html
TuscanHoldingsCorpWt,THCBW,https://quote.eastmoney.com/us/THCBW.html
TheCannabisETF,THCX,https://quote.eastmoney.com/us/THCX.html
iSharesMSCIThailandCappedET,THD,https://quote.eastmoney.com/us/THD.html
FirstFinancialCorp,THFF,https://quote.eastmoney.com/us/THFF.html
汉诺瓦保险,THG,https://quote.eastmoney.com/us/THG.html
TheHanoverInsuranceGroupInc,THGA,https://quote.eastmoney.com/us/THGA.html
MarketVectorsTreasury-Hedged,THHY,https://quote.eastmoney.com/us/THHY.html
TIMHORTONSINC,THI,https://quote.eastmoney.com/us/THI.html
海槛制药,THLD,https://quote.eastmoney.com/us/THLD.html
INTLTOWERHILLMINESLTD,THM,https://quote.eastmoney.com/us/THM.html
GloboforceGroupplc,THNX,https://quote.eastmoney.com/us/THNX.html
霍尔工业,THO,https://quote.eastmoney.com/us/THO.html
SynthorxInc,THOR,https://quote.eastmoney.com/us/THOR.html
TeklaHealthcareOpportunities,THQ,https://quote.eastmoney.com/us/THQ.html
THERMONGROUPHOLDINGSINC,THR,https://quote.eastmoney.com/us/THR.html
TFFINANCIALCORP,THRD,https://quote.eastmoney.com/us/THRD.html
SPDRRussell3000ETF,THRK,https://quote.eastmoney.com/us/THRK.html
GenthermInc,THRM,https://quote.eastmoney.com/us/THRM.html
THERAVANCEINC,THRX,https://quote.eastmoney.com/us/THRX.html
TREEHOUSEFOODSINC,THS,https://quote.eastmoney.com/us/THS.html
Truett-HurstInc-A,THST,https://quote.eastmoney.com/us/THST.html
巨元瀚洋,THTI,https://quote.eastmoney.com/us/THTI.html
TeklaWorldHealthcareFund,THW,https://quote.eastmoney.com/us/THW.html
TargetHospitalityCorpWt,THWWW,https://quote.eastmoney.com/us/THWWW.html
TELECOMITALIASPA-SPONADR,TI,https://quote.eastmoney.com/us/TI.html
TELECOMITALIASPACLASSA,A,https://quote.eastmoney.com/us/TI/A.html
TIMSpAADRSav,TI_A,https://quote.eastmoney.com/us/TI_A.html
TiberiusAcquisitionCorp,TIBR,https://quote.eastmoney.com/us/TIBR.html
TiberiusAcquisitionCorpUnitConsof1Sh+1Wt,TIBRU,https://quote.eastmoney.com/us/TIBRU.html
TiberiusAcquisitionCorpWt,TIBRW,https://quote.eastmoney.com/us/TIBRW.html
巴士软件,TIBX,https://quote.eastmoney.com/us/TIBX.html
TICCCapitalCorp,TICC,https://quote.eastmoney.com/us/TICC.html
TICCCapitalCorp,TICCL,https://quote.eastmoney.com/us/TICCL.html
TIERREITInc,TIER,https://quote.eastmoney.com/us/TIER.html
蒂芙尼,TIF,https://quote.eastmoney.com/us/TIF.html
TiGenixADR,TIG,https://quote.eastmoney.com/us/TIG.html
米雷康姆国际通信,TIGO,https://quote.eastmoney.com/us/TIGO.html
TIGERLOGICCORP,TIGR,https://quote.eastmoney.com/us/TIGR.html
TEL-INSTRUMENTELECTRONI,TIK,https://quote.eastmoney.com/us/TIK.html
TillCapitalLtd,TIL,https://quote.eastmoney.com/us/TIL.html
INTERFACEINC-CLA,TILE,https://quote.eastmoney.com/us/TILE.html
FlexSharesMorningstarUSMarke,TILT,https://quote.eastmoney.com/us/TILT.html
TimeInc,TIME,https://quote.eastmoney.com/us/TIME.html
HARRIS&HARRISGROUPINC,TINY,https://quote.eastmoney.com/us/TINY.html
iSharesTipsBondETF,TIP,https://quote.eastmoney.com/us/TIP.html
TiptreeInc,TIPT,https://quote.eastmoney.com/us/TIPT.html
SPDRBarclays1-10YearTipsET,TIPX,https://quote.eastmoney.com/us/TIPX.html
PimcoBroadU.S.TipsIndexExc,TIPZ,https://quote.eastmoney.com/us/TIPZ.html
ORCHIDSPAPERPRODUCTSCO,TIS,https://quote.eastmoney.com/us/TIS.html
TOPIMAGESYSTEMSLTD,TISA,https://quote.eastmoney.com/us/TISA.html
TeamInc,TISI,https://quote.eastmoney.com/us/TISI.html
TitanMachineryInc,TITN,https://quote.eastmoney.com/us/TITN.html
TiVoCorp,TIVO,https://quote.eastmoney.com/us/TIVO.html
TJX,TJX,https://quote.eastmoney.com/us/TJX.html
TEEKAY,TK,https://quote.eastmoney.com/us/TK.html
TokaiPharmaceuticalsInc,TKAI,https://quote.eastmoney.com/us/TKAI.html
香港大公文化,TKAT,https://quote.eastmoney.com/us/TKAT.html
TURKCELLILETISIMHIZMET-ADR,TKC,https://quote.eastmoney.com/us/TKC.html
TurkishInvestmentFundInc,TKF,https://quote.eastmoney.com/us/TKF.html
TKKSymphonyAcquisitionCorp,TKKS,https://quote.eastmoney.com/us/TKKS.html
TKKSymphonyAcquisitionCorpR,TKKSR,https://quote.eastmoney.com/us/TKKSR.html
TKKSymphonyAcquisitionCorpUnitConsof1Sh+,TKKSU,https://quote.eastmoney.com/us/TKKSU.html
TKKSymphonyAcquisitionCorpWt,TKKSW,https://quote.eastmoney.com/us/TKKSW.html
TEKMIRAPHARMACEUTICALS,TKMR,https://quote.eastmoney.com/us/TKMR.html
铁姆肯,TKR,https://quote.eastmoney.com/us/TKR.html
泰乐,TLAB,https://quote.eastmoney.com/us/TLAB.html
台微体,TLC,https://quote.eastmoney.com/us/TLC.html
FlexSharesCurrencyHedgedMorn,TLDH,https://quote.eastmoney.com/us/TLDH.html
FlexSharesCurrencyHedgedMorn,TLEH,https://quote.eastmoney.com/us/TLEH.html
TANDYLEATHERFACTORYINC,TLF,https://quote.eastmoney.com/us/TLF.html
TeligentInc,TLGT,https://quote.eastmoney.com/us/TLGT.html
iShares10-20YearTreasuryBon,TLH,https://quote.eastmoney.com/us/TLH.html
LmpCorporateLoanFundInc,TLI,https://quote.eastmoney.com/us/TLI.html
TELEKOMUNIKINDONESIA-SPADR,TLK,https://quote.eastmoney.com/us/TLK.html
ProSharesUltrashortTelecommun,TLL,https://quote.eastmoney.com/us/TLL.html
TesoroLogisticsLP,TLLP,https://quote.eastmoney.com/us/TLLP.html
TALISMANENERGYINC,TLM,https://quote.eastmoney.com/us/TLM.html
"TALMERBANCORP,INC.",TLMR,https://quote.eastmoney.com/us/TLMR.html
TALENENERGYCORPORATIONWHENISSUE,TLN,https://quote.eastmoney.com/us/TLN.html
TalendSAADR,TLND,https://quote.eastmoney.com/us/TLND.html
TalenEnergyCorporation,TLNW,https://quote.eastmoney.com/us/TLNW.html
SPDRBarclaysLongTermTreasur,TLO,https://quote.eastmoney.com/us/TLO.html
TETRALOGICPHARMACEUTICALSCORP,TLOG,https://quote.eastmoney.com/us/TLOG.html
TRANSMONTAIGNEPARTNERSLP,TLP,https://quote.eastmoney.com/us/TLP.html
TIMBERLINERESOURCESCORP,TLR,https://quote.eastmoney.com/us/TLR.html
TelariaInc,TLRA,https://quote.eastmoney.com/us/TLRA.html
TailoredBrandsInc,TLRD,https://quote.eastmoney.com/us/TLRD.html
TilrayIncClass-2,TLRY,https://quote.eastmoney.com/us/TLRY.html
TizianaLifeSciencesplcADR,TLSA,https://quote.eastmoney.com/us/TLSA.html
iShares20+YearTreasuryBond,TLT,https://quote.eastmoney.com/us/TLT.html
FlexSharesMorningstarDevelope,TLTD,https://quote.eastmoney.com/us/TLTD.html
FlexSharesMorningstarEmerging,TLTE,https://quote.eastmoney.com/us/TLTE.html
Tilly’sInc-A,TLYS,https://quote.eastmoney.com/us/TLYS.html
TOYOTAMOTORCORP-SPONADR,TM,https://quote.eastmoney.com/us/TM.html
TrinityMergerCorp-A,TMCX,https://quote.eastmoney.com/us/TMCX.html
TrinityMergerCorpUnitConsof1CLA+1Wt,TMCXU,https://quote.eastmoney.com/us/TMCXU.html
TrinityMergerCorpWt,TMCXW,https://quote.eastmoney.com/us/TMCXW.html
TitanMedicalInc,TMDI,https://quote.eastmoney.com/us/TMDI.html
TransMedicsGroupInc,TMDX,https://quote.eastmoney.com/us/TMDX.html
腾讯音乐,TME,https://quote.eastmoney.com/us/TME.html
DirexionDaily20+YearTreasur,TMF,https://quote.eastmoney.com/us/TMF.html
MotleyFool100IndexETF,TMFC,https://quote.eastmoney.com/us/TMFC.html
TEAMHEALTH,TMH,https://quote.eastmoney.com/us/TMH.html
TaylorMorrisonHomeCorp,TMHC,https://quote.eastmoney.com/us/TMHC.html
TORCHMARK,TMK,https://quote.eastmoney.com/us/TMK.html
TorchmarkCorporation,TMK_B,https://quote.eastmoney.com/us/TMK_B.html
TorchmarkCorporation,TMK_C,https://quote.eastmoney.com/us/TMK_C.html
MANAGEMENTNETWORKGROUPINC,TMNG,https://quote.eastmoney.com/us/TMNG.html
赛默飞世尔,TMO,https://quote.eastmoney.com/us/TMO.html
TOMPKINSFINANCIALCORP,TMP,https://quote.eastmoney.com/us/TMP.html
TrilogyMetalsInc,TMQ,https://quote.eastmoney.com/us/TMQ.html
TMSINTERNATIONALCORP,TMS,https://quote.eastmoney.com/us/TMS.html
TMSRHoldingCoLtd,TMSR,https://quote.eastmoney.com/us/TMSR.html
TMSRHoldingCoLtdWt,TMSRW,https://quote.eastmoney.com/us/TMSRW.html
TimkenSteelCorp,TMST,https://quote.eastmoney.com/us/TMST.html
T-MobileUSInc,TMUS,https://quote.eastmoney.com/us/TMUS.html
T-MobileUsInc,TMUS_A,https://quote.eastmoney.com/us/TMUS_A.html
"T-MobileUS,Inc",TMUSP,https://quote.eastmoney.com/us/TMUSP.html
DirexionDaily20+YearTreasur,TMV,https://quote.eastmoney.com/us/TMV.html
TIMWESGPS,TMWE,https://quote.eastmoney.com/us/TMWE.html
DirexionDailySmallCapBull3,TNA,https://quote.eastmoney.com/us/TNA.html
TelenavInc,TNAV,https://quote.eastmoney.com/us/TNAV.html
TENNANTCO,TNC,https://quote.eastmoney.com/us/TNC.html
TandemDiabetesCareInc,TNDM,https://quote.eastmoney.com/us/TNDM.html
RBSNasdaq100TrendpilotExcha,TNDQ,https://quote.eastmoney.com/us/TNDQ.html
TriNetGroupInc,TNET,https://quote.eastmoney.com/us/TNET.html
TENGIONINC,TNGN,https://quote.eastmoney.com/us/TNGN.html
TANGOE,TNGO,https://quote.eastmoney.com/us/TNGO.html
TERRANITROGENCOMPANYLP,TNH,https://quote.eastmoney.com/us/TNH.html
TEEKAYTANKERSLTD-CLASSA,TNK,https://quote.eastmoney.com/us/TNK.html
TSAKOSENERGYNAVIGATIONLTD,TNP,https://quote.eastmoney.com/us/TNP.html
TsakosEnergyNavigationLtd,TNP_B,https://quote.eastmoney.com/us/TNP_B.html
TsakosEnergyNavigationLtdSe,TNP_B_CL,https://quote.eastmoney.com/us/TNP_B_CL.html
TsakosEnergyNavigationLtd,TNP_C,https://quote.eastmoney.com/us/TNP_C.html
TsakosEnergyNavigationLtd,TNP_D,https://quote.eastmoney.com/us/TNP_D.html
TsakosEnergyNavigationLtd,TNP_E,https://quote.eastmoney.com/us/TNP_E.html
TsakosEnergyNavigationLtdSe,TNP_F,https://quote.eastmoney.com/us/TNP_F.html
闪电公司,TNTR,https://quote.eastmoney.com/us/TNTR.html
TonixPharmaceuticalsHoldingCorp,TNXP,https://quote.eastmoney.com/us/TNXP.html
TocagenInc,TOCA,https://quote.eastmoney.com/us/TOCA.html
TOFUTTIBRANDSINC,TOF,https://quote.eastmoney.com/us/TOF.html
TOWERFINANCIALCORP,TOFC,https://quote.eastmoney.com/us/TOFC.html
StockSplitIndexFund,TOFR,https://quote.eastmoney.com/us/TOFR.html
iSharesMSCIKokusaiFund,TOK,https://quote.eastmoney.com/us/TOK.html
CambriaCannabisETF,TOKE,https://quote.eastmoney.com/us/TOKE.html
托尔兄弟,TOL,https://quote.eastmoney.com/us/TOL.html
ProSharesDjBrookfieldGlobal,TOLZ,https://quote.eastmoney.com/us/TOLZ.html
GreenhavenCoalFund,TONS,https://quote.eastmoney.com/us/TONS.html
TEEKAYOFFSHOREPARTNERSLP,TOO,https://quote.eastmoney.com/us/TOO.html
TeekayOffshorePartnersL.P.,TOO_A,https://quote.eastmoney.com/us/TOO_A.html
TeekayOffshorePartnersL.P.,TOO_B,https://quote.eastmoney.com/us/TOO_B.html
TeekayOffshorePartnersLPSer,TOO_E,https://quote.eastmoney.com/us/TOO_E.html
TOPShipsInc,TOPS,https://quote.eastmoney.com/us/TOPS.html
森特集团,TOR,https://quote.eastmoney.com/us/TOR.html
resTORbioInc,TORC,https://quote.eastmoney.com/us/TORC.html
TORMineralsInternationalInc,TORM,https://quote.eastmoney.com/us/TORM.html
TORMINERALSINTERNATIONAL,TORMA,https://quote.eastmoney.com/us/TORMA.html
道达尔(US),TOT,https://quote.eastmoney.com/us/TOT.html
托特纳姆第一并购,TOTA,https://quote.eastmoney.com/us/TOTA.html
TottenhamAcquisitionILtdRt,TOTAR,https://quote.eastmoney.com/us/TOTAR.html
托特纳姆第一并购(普通单位),TOTAU,https://quote.eastmoney.com/us/TOTAU.html
托特纳姆第一并购(权证),TOTAW,https://quote.eastmoney.com/us/TOTAW.html
SSgAActiveETFTrustSPDRDoub,TOTL,https://quote.eastmoney.com/us/TOTL.html
DirexionDailyTotalMarketBea,TOTS,https://quote.eastmoney.com/us/TOTS.html
途牛,TOUR,https://quote.eastmoney.com/us/TOUR.html
TowneBank,TOWN,https://quote.eastmoney.com/us/TOWN.html
TowerInternationalInc,TOWR,https://quote.eastmoney.com/us/TOWR.html
TortoiseDigitalPaymentsInfra,TPAY,https://quote.eastmoney.com/us/TPAY.html
TurningPointBrandsInc,TPB,https://quote.eastmoney.com/us/TPB.html
TUTORPERINICORP,TPC,https://quote.eastmoney.com/us/TPC.html
TribunePublishingCo,TPCO,https://quote.eastmoney.com/us/TPCO.html
TPG步调能源控股,TPGE,https://quote.eastmoney.com/us/TPGE.html
TPGPaceEnergyHoldingsCorpUnitConsof1CLA,TPGE_U,https://quote.eastmoney.com/us/TPGE_U.html
TPGPaceEnergyHoldingsCorpWt,TPGE_WS,https://quote.eastmoney.com/us/TPGE_WS.html
TPGPaceEnergyHoldingsCorpUnitConsof1CLA,TPGEU,https://quote.eastmoney.com/us/TPGEU.html
TPGPaceHoldingsCorp-A,TPGH,https://quote.eastmoney.com/us/TPGH.html
TPG控股,TPGH_U,https://quote.eastmoney.com/us/TPGH_U.html
TPGPaceHoldingsCorpWt,TPGH_WS,https://quote.eastmoney.com/us/TPGH_WS.html
THOMASPROPERTIESGROUP,TPGI,https://quote.eastmoney.com/us/TPGI.html
TRIPOINTEHOMESLLC,TPH,https://quote.eastmoney.com/us/TPH.html
TimothyPlanHighDividendStoc,TPHD,https://quote.eastmoney.com/us/TPHD.html
TrinityPlaceHoldingsInc,TPHS,https://quote.eastmoney.com/us/TPHS.html
天银制药,TPI,https://quote.eastmoney.com/us/TPI.html
TPICompositesInc,TPIC,https://quote.eastmoney.com/us/TPIC.html
TapImmuneInc,TPIV,https://quote.eastmoney.com/us/TPIV.html
TEXASPACIFICLANDTRUST,TPL,https://quote.eastmoney.com/us/TPL.html
TimothyPlanUSLargeCapCore,TPLC,https://quote.eastmoney.com/us/TPLC.html
TRIANGLEPETROLEUM,TPLM,https://quote.eastmoney.com/us/TPLM.html
3PEAInternationalInc,TPNL,https://quote.eastmoney.com/us/TPNL.html
DirexionShsEtfTrDailyTrans,TPOR,https://quote.eastmoney.com/us/TPOR.html
TapestryInc,TPR,https://quote.eastmoney.com/us/TPR.html
ThirdPointReinsuranceLtd,TPRE,https://quote.eastmoney.com/us/TPRE.html
ProSharesUltrashortTips,TPS,https://quote.eastmoney.com/us/TPS.html
TurningPointTherapeuticsInc,TPTX,https://quote.eastmoney.com/us/TPTX.html
TRIBUNEPUBLISHINGCOMPANY,TPUB,https://quote.eastmoney.com/us/TPUB.html
TriplePointVentureGrowthBDCCorp,TPVG,https://quote.eastmoney.com/us/TPVG.html
TriplePointVentureGrowthBDC,TPVY,https://quote.eastmoney.com/us/TPVY.html
TriplePointVentureGrowthBDC,TPVZ,https://quote.eastmoney.com/us/TPVZ.html
TriplePointVentureGrowthBDC,TPVZ_CL,https://quote.eastmoney.com/us/TPVZ_CL.html
泰浦陛迪,TPX,https://quote.eastmoney.com/us/TPX.html
TortoiseNorthAmericanPipelin,TPYP,https://quote.eastmoney.com/us/TPYP.html
TortoisePowerAndEnergyInfra,TPZ,https://quote.eastmoney.com/us/TPZ.html
TRIQUINTSEMICONDUCTORINC,TQNT,https://quote.eastmoney.com/us/TQNT.html
ProsharesUltraproQqq,TQQQ,https://quote.eastmoney.com/us/TQQQ.html
TOOTSIEROLLINDS,TR,https://quote.eastmoney.com/us/TR.html
DEALERTRACKHOLDINGSINC,TRAK,https://quote.eastmoney.com/us/TRAK.html
TEJONRANCHCO,TRC,https://quote.eastmoney.com/us/TRC.html
TEJONRANCHCO.WARRANTS(EXPIRINGAUGUST312016),TRC_WS,https://quote.eastmoney.com/us/TRC_WS.html
TwoRiverBancorp,TRCB,https://quote.eastmoney.com/us/TRCB.html
TorchlightEnergyResourcesInc,TRCH,https://quote.eastmoney.com/us/TRCH.html
TribuneMediaCo-A,TRCO,https://quote.eastmoney.com/us/TRCO.html
TrecoraResources,TREC,https://quote.eastmoney.com/us/TREC.html
LendingTreeInc,TREE,https://quote.eastmoney.com/us/TREE.html
TrexCoInc,TREX,https://quote.eastmoney.com/us/TREX.html
TempletonRussiaAndEastEurop,TRF,https://quote.eastmoney.com/us/TRF.html
TargaResourcesCorp,TRGP,https://quote.eastmoney.com/us/TRGP.html
TARGACEPTINC,TRGT,https://quote.eastmoney.com/us/TRGT.html
TabulaRasaHealthCareInc,TRHC,https://quote.eastmoney.com/us/TRHC.html
汤姆森路透,TRI,https://quote.eastmoney.com/us/TRI.html
TRIABEAUTY,TRIA,https://quote.eastmoney.com/us/TRIA.html
TrinityBiotechplcADR,TRIB,https://quote.eastmoney.com/us/TRIB.html
TrilliumTherapeuticsInc,TRIL,https://quote.eastmoney.com/us/TRIL.html
猫途鹰,TRIP,https://quote.eastmoney.com/us/TRIP.html
鼎联控股,TRITF,https://quote.eastmoney.com/us/TRITF.html
"TRIVASCULARTECHNOLOGIES,INC.",TRIV,https://quote.eastmoney.com/us/TRIV.html
SPEEDWAYMOTORSPORTSINC,TRK,https://quote.eastmoney.com/us/TRK.html
TRULIAINC,TRLA,https://quote.eastmoney.com/us/TRLA.html
TRUERELIGION,TRLG,https://quote.eastmoney.com/us/TRLG.html
天宝导航,TRMB,https://quote.eastmoney.com/us/TRMB.html
TORMplc-A,TRMD,https://quote.eastmoney.com/us/TRMD.html
TrustmarkCorp,TRMK,https://quote.eastmoney.com/us/TRMK.html
TremorVideoInc,TRMR,https://quote.eastmoney.com/us/TRMR.html
TremontMortgageTrust,TRMT,https://quote.eastmoney.com/us/TRMT.html
TRINITY,TRN,https://quote.eastmoney.com/us/TRN.html
troncInc,TRNC,https://quote.eastmoney.com/us/TRNC.html
RBSUSLargeCapTrendpilotExc,TRND,https://quote.eastmoney.com/us/TRND.html
TrineAcquisitionCorp-A,TRNE,https://quote.eastmoney.com/us/TRNE.html
TrineAcquisitionCorpUnitConsof1CLA+1/2W,TRNE_U,https://quote.eastmoney.com/us/TRNE_U.html
TrineAcquisitionCorpWt,TRNE_WS,https://quote.eastmoney.com/us/TRNE_WS.html
TrineAcquisitionCorpUnitConsof1CLA+1/2W,TRNEU,https://quote.eastmoney.com/us/TRNEU.html
TrineAcquisitionCorpWt,TRNEW,https://quote.eastmoney.com/us/TRNEW.html
RBSUSMidCapTrendpilotExcha,TRNM,https://quote.eastmoney.com/us/TRNM.html
TerrenoRealtyCorp,TRNO,https://quote.eastmoney.com/us/TRNO.html
TerrenoRealtyCorp7.75%Serie,TRNO_A,https://quote.eastmoney.com/us/TRNO_A.html
TerrenoRealtyCorporation,TRNO_A_CL,https://quote.eastmoney.com/us/TRNO_A_CL.html
TranscatInc,TRNS,https://quote.eastmoney.com/us/TRNS.html
TrinityIndustriesIncWI,TRNW,https://quote.eastmoney.com/us/TRNW.html
TaronisTechnologiesInc,TRNX,https://quote.eastmoney.com/us/TRNX.html
TrovageneInc,TROV,https://quote.eastmoney.com/us/TROV.html
TrovaGeneIncUnitConsof2Shs+1Wt,TROVU,https://quote.eastmoney.com/us/TROVU.html
TrovaGeneIncWt,TROVW,https://quote.eastmoney.com/us/TROVW.html
普信集团,TROW,https://quote.eastmoney.com/us/TROW.html
TronoxHoldingsplc,TROX,https://quote.eastmoney.com/us/TROX.html
TRANSCANADACORP,TRP,https://quote.eastmoney.com/us/TRP.html
TherapixBiosciencesLtdADR,TRPX,https://quote.eastmoney.com/us/TRPX.html
TherapixBiosciencesLtdWt,TRPXW,https://quote.eastmoney.com/us/TRPXW.html
TURQUOISEHILLRESOURCESLTD,TRQ,https://quote.eastmoney.com/us/TRQ.html
TRCCOSINC,TRR,https://quote.eastmoney.com/us/TRR.html
TRIMASCORP,TRS,https://quote.eastmoney.com/us/TRS.html
JanusVelocityTailRiskHedged,TRSK,https://quote.eastmoney.com/us/TRSK.html
TrustCoBankCorpNY,TRST,https://quote.eastmoney.com/us/TRST.html
TriMasCorporation,TRSVV,https://quote.eastmoney.com/us/TRSVV.html
TRIO-TECHINTERNATIONAL,TRT,https://quote.eastmoney.com/us/TRT.html
TERRAPIN3ACQUISITIONCORPORATIONCLASSA,TRTL,https://quote.eastmoney.com/us/TRTL.html
TERRAPIN3ACQUISITIONCORP,TRTLU,https://quote.eastmoney.com/us/TRTLU.html
TERRAPIN3ACQUISITIONCORPORATION,TRTLW,https://quote.eastmoney.com/us/TRTLW.html
TritonInternationalLtd,TRTN,https://quote.eastmoney.com/us/TRTN.html
TritonInternationalLtdSeries,TRTN_A,https://quote.eastmoney.com/us/TRTN_A.html
TritonInternationalLtdSeries,TRTN_B,https://quote.eastmoney.com/us/TRTN_B.html
TPG房地产金融信托,TRTX,https://quote.eastmoney.com/us/TRTX.html
CambriaTrinityETF,TRTY,https://quote.eastmoney.com/us/TRTY.html
TransUnion,TRU,https://quote.eastmoney.com/us/TRU.html
TrueCarInc,TRUE,https://quote.eastmoney.com/us/TRUE.html
"TRUCKHERO,INC.",TRUK,https://quote.eastmoney.com/us/TRUK.html
TrupanionInc,TRUP,https://quote.eastmoney.com/us/TRUP.html
旅行者集团,TRV,https://quote.eastmoney.com/us/TRV.html
trivagoNVADR,TRVG,https://quote.eastmoney.com/us/TRVG.html
TreviTherapeuticsInc,TRVI,https://quote.eastmoney.com/us/TRVI.html
TrevenaInc,TRVN,https://quote.eastmoney.com/us/TRVN.html
天合汽车控股,TRW,https://quote.eastmoney.com/us/TRW.html
TwinRiverWorldwideHoldingsInc,TRWH,https://quote.eastmoney.com/us/TRWH.html
TANZANIANROYALTYEXPLORATIONCORPORATI,TRX,https://quote.eastmoney.com/us/TRX.html
TransEnterixInc,TRXC,https://quote.eastmoney.com/us/TRXC.html
TENARISSA-ADR,TS,https://quote.eastmoney.com/us/TS.html
TimberlandBancorpInc,TSBK,https://quote.eastmoney.com/us/TSBK.html
TRISTATECAPITALHOLDINGS,TSC,https://quote.eastmoney.com/us/TSC.html
TriStateCapitalHoldingsIncS,TSCAP,https://quote.eastmoney.com/us/TSCAP.html
TriStateCapitalHoldingsIncS,TSCBP,https://quote.eastmoney.com/us/TSCBP.html
拖拉机供应,TSCO,https://quote.eastmoney.com/us/TSCO.html
TrinseoSA,TSE,https://quote.eastmoney.com/us/TSE.html
TowerSemiconductorLtd,TSEM,https://quote.eastmoney.com/us/TSEM.html
TheStarsGroupInc,TSG,https://quote.eastmoney.com/us/TSG.html
TECHEHOLDINGCO,TSH,https://quote.eastmoney.com/us/TSH.html
TcwStrategicIncomeFundInc,TSI,https://quote.eastmoney.com/us/TSI.html
天合光能,TSL,https://quote.eastmoney.com/us/TSL.html
特斯拉,TSLA,https://quote.eastmoney.com/us/TSLA.html
ThlCreditSeniorLoanFund,TSLF,https://quote.eastmoney.com/us/TSLF.html
TPGSpecialtyLendingInc,TSLX,https://quote.eastmoney.com/us/TSLX.html
台积电,TSM,https://quote.eastmoney.com/us/TSM.html
泰森食品,TSN,https://quote.eastmoney.com/us/TSN.html
TYSONFOODSInc4.75%TANGIBLEEQUITYUNITS,TSNU,https://quote.eastmoney.com/us/TSNU.html
特索罗石油,TSO,https://quote.eastmoney.com/us/TSO.html
TRANS1INC,TSON,https://quote.eastmoney.com/us/TSON.html
TesoroCorporation,TSOW,https://quote.eastmoney.com/us/TSOW.html
TRANSCEPTPHARMACEUTICALSIN,TSPT,https://quote.eastmoney.com/us/TSPT.html
TownsquareMediaInc-A,TSQ,https://quote.eastmoney.com/us/TSQ.html
TESSERATECHNOLOGIESINC,TSRA,https://quote.eastmoney.com/us/TSRA.html
TRADESTREETRESIDENTIALInc,TSRE,https://quote.eastmoney.com/us/TSRE.html
TSRInc,TSRI,https://quote.eastmoney.com/us/TSRI.html
TESAROInc,TSRO,https://quote.eastmoney.com/us/TSRO.html
TRIUSTHERAPEUTICSINC,TSRX,https://quote.eastmoney.com/us/TSRX.html
TOTALSYSTEMSERVICES,TSS,https://quote.eastmoney.com/us/TSS.html
THESTREETCOMINC,TST,https://quote.eastmoney.com/us/TST.html
东方信联,TSTC,https://quote.eastmoney.com/us/TSTC.html
TIMPARTICIPACOESSA-ADR,TSU,https://quote.eastmoney.com/us/TSU.html
电信系统软件,TSYS,https://quote.eastmoney.com/us/TSYS.html
TRIMTABSETFTRUST,TTAC,https://quote.eastmoney.com/us/TTAC.html
TrimTabsAllCapInternational,TTAI,https://quote.eastmoney.com/us/TTAI.html
TORO,TTC,https://quote.eastmoney.com/us/TTC.html
TheTradeDeskInc-A,TTD,https://quote.eastmoney.com/us/TTD.html
TTECHoldingsInc,TTEC,https://quote.eastmoney.com/us/TTEC.html
TetraTechInc,TTEK,https://quote.eastmoney.com/us/TTEK.html
ThaiFundInc,TTF,https://quote.eastmoney.com/us/TTF.html
TrimtabsFloatShrinkETF,TTFS,https://quote.eastmoney.com/us/TTFS.html
TechTargetInc,TTGT,https://quote.eastmoney.com/us/TTGT.html
TRANSITIONTHERAPEUTICSINC,TTHI,https://quote.eastmoney.com/us/TTHI.html
TETRATECHNOLOGIESINC,TTI,https://quote.eastmoney.com/us/TTI.html
TATAMOTORSLTD-SPONADR,TTM,https://quote.eastmoney.com/us/TTM.html
TTM科技,TTMI,https://quote.eastmoney.com/us/TTMI.html
TitanPharmaceuticalsInc,TTNP,https://quote.eastmoney.com/us/TTNP.html
T2BiosystemsInc,TTOO,https://quote.eastmoney.com/us/TTOO.html
TortoisePipeline&EnergyFund,TTP,https://quote.eastmoney.com/us/TTP.html
TetraphasePharmaceuticalsInc,TTPH,https://quote.eastmoney.com/us/TTPH.html
TileShopHoldingsInc,TTS,https://quote.eastmoney.com/us/TTS.html
ProSharesUltraproShort20+Ye,TTT,https://quote.eastmoney.com/us/TTT.html
TigerSharesChina-U.S.Internet,TTTN,https://quote.eastmoney.com/us/TTTN.html
Take-TwoInteractiveSoftwareInc,TTWO,https://quote.eastmoney.com/us/TTWO.html
TELUSCORPORATION-NONVOTE,TU,https://quote.eastmoney.com/us/TU.html
TUBEMOGULINC,TUBE,https://quote.eastmoney.com/us/TUBE.html
MAC-GRAYCORP,TUC,https://quote.eastmoney.com/us/TUC.html
TuesdayMorningCorp,TUES,https://quote.eastmoney.com/us/TUES.html
TufinSoftwareTechnologiesLtd,TUFN,https://quote.eastmoney.com/us/TUFN.html
TUMIHOLDINGS,TUMI,https://quote.eastmoney.com/us/TUMI.html
特百惠品牌,TUP,https://quote.eastmoney.com/us/TUP.html
iSharesMSCITurkeyETF,TUR,https://quote.eastmoney.com/us/TUR.html
土耳其ETF-iSharesMSCI,TUR_NASDAQ,https://quote.eastmoney.com/us/TUR_NASDAQ.html
TRUCKHEROINC,TURK,https://quote.eastmoney.com/us/TURK.html
180DegreeCapitalCorp,TURN,https://quote.eastmoney.com/us/TURN.html
FirstTrustTotalUsMarketAlp,TUSA,https://quote.eastmoney.com/us/TUSA.html
MammothEnergyServicesInc,TUSK,https://quote.eastmoney.com/us/TUSK.html
TuttleTacticalManagementMult,TUTI,https://quote.eastmoney.com/us/TUTI.html
TuttleTacticalManagementU.S.,TUTT,https://quote.eastmoney.com/us/TUTT.html
Pimco1-3YearU.S.TreasuryIn,TUZ,https://quote.eastmoney.com/us/TUZ.html
GRUPOTELEVISASA-SPONSADR,TV,https://quote.eastmoney.com/us/TV.html
TENNESSEEVALLEYAUTHORITY-PFDD,TVC,https://quote.eastmoney.com/us/TVC.html
TENNESSEEVALLEYAUTHORITYPFDSTKSERI,TVE,https://quote.eastmoney.com/us/TVE.html
TerraViaHoldingsInc,TVIA,https://quote.eastmoney.com/us/TVIA.html
VelocitysharesDaily2xVixSho,TVIX,https://quote.eastmoney.com/us/TVIX.html
VelocitysharesDaily2xVixMed,TVIZ,https://quote.eastmoney.com/us/TVIZ.html
LINTVCORP-CLA,TVL,https://quote.eastmoney.com/us/TVL.html
TravelportWorldwideLtd,TVPT,https://quote.eastmoney.com/us/TVPT.html
健康之路医疗,TVTY,https://quote.eastmoney.com/us/TVTY.html
TOWERSWATSON,TW,https://quote.eastmoney.com/us/TW.html
InnovationAlphaTradeWarETF,TWAR,https://quote.eastmoney.com/us/TWAR.html
TrustwaveHoldingsInc,TWAV,https://quote.eastmoney.com/us/TWAV.html
时代华纳有线,TWC,https://quote.eastmoney.com/us/TWC.html
TOWERSTREAMCORP,TWER,https://quote.eastmoney.com/us/TWER.html
TOWERGROUPINC,TWGP,https://quote.eastmoney.com/us/TWGP.html
TITANINTERNATIONALINC,TWI,https://quote.eastmoney.com/us/TWI.html
TwinDiscIncorp,TWIN,https://quote.eastmoney.com/us/TWIN.html
TwilioInc-A,TWLO,https://quote.eastmoney.com/us/TWLO.html
TwelveSeasInvestmentCo,TWLV,https://quote.eastmoney.com/us/TWLV.html
TwelveSeasInvestmentCoRt,TWLVR,https://quote.eastmoney.com/us/TWLVR.html
TwelveSeasInvestmentCoUnitConsof1Sh+1Wt,TWLVU,https://quote.eastmoney.com/us/TWLVU.html
TwelveSeasInvestmentCoWt,TWLVW,https://quote.eastmoney.com/us/TWLVW.html
ProSharesUltrashortRussell200,TWM,https://quote.eastmoney.com/us/TWM.html
TransWorldEntertainmentCorp,TWMC,https://quote.eastmoney.com/us/TWMC.html
TaiwanFundInc,TWN,https://quote.eastmoney.com/us/TWN.html
HostessBrandsInc-A,TWNK,https://quote.eastmoney.com/us/TWNK.html
HostessBrandsIncWt,TWNKW,https://quote.eastmoney.com/us/TWNKW.html
TWOHARBORSINVESTMENTSCORP,TWO,https://quote.eastmoney.com/us/TWO.html
TwoHarborsInvestmentsCorp,TWO_A,https://quote.eastmoney.com/us/TWO_A.html
TwoHarborsInvestmentCorpSer,TWO_B,https://quote.eastmoney.com/us/TWO_B.html
TwoHarborsInvestmentCorpSer,TWO_C,https://quote.eastmoney.com/us/TWO_C.html
TwoHarborsInvestmentCorpSer,TWO_D,https://quote.eastmoney.com/us/TWO_D.html
TwoHarborsInvestmentCorpSer,TWO_E,https://quote.eastmoney.com/us/TWO_E.html
SPDRRussell2000rETF,TWOK,https://quote.eastmoney.com/us/TWOK.html
2UInc,TWOU,https://quote.eastmoney.com/us/TWOU.html
TwistBioscienceCorp,TWST,https://quote.eastmoney.com/us/TWST.html
时代华纳电信,TWTC,https://quote.eastmoney.com/us/TWTC.html
RBSOilTrendpilotExchangeTra,TWTI,https://quote.eastmoney.com/us/TWTI.html
推特,TWTR,https://quote.eastmoney.com/us/TWTR.html
时代华纳,TWX,https://quote.eastmoney.com/us/TWX.html
TERNIUMSA-SPONSOREDADR,TX,https://quote.eastmoney.com/us/TX.html
TRANSWITCHCORP,TXCCQ,https://quote.eastmoney.com/us/TXCCQ.html
10xGenomicsInc-A,TXG,https://quote.eastmoney.com/us/TXG.html
TEXASINDUSTRIESINC,TXI,https://quote.eastmoney.com/us/TXI.html
TherapeuticsMDInc,TXMD,https://quote.eastmoney.com/us/TXMD.html
德州仪器,TXN,https://quote.eastmoney.com/us/TXN.html
德州公路酒吧,TXRH,https://quote.eastmoney.com/us/TXRH.html
德事隆,TXT,https://quote.eastmoney.com/us/TXT.html
TEXTURA,TXTR,https://quote.eastmoney.com/us/TXTR.html
Tri-ContinentalCorporation,TY,https://quote.eastmoney.com/us/TY.html
TriContinentalCorporation,TY_,https://quote.eastmoney.com/us/TY_.html
DirexionDaily20+YearTreasur,TYBS,https://quote.eastmoney.com/us/TYBS.html
泰科国际,TYC,https://quote.eastmoney.com/us/TYC.html
DirexionDaily7-10YearTreasu,TYD,https://quote.eastmoney.com/us/TYD.html
TortoiseEnergyInfrastructureCorporation,TYG,https://quote.eastmoney.com/us/TYG.html
TortoiseEnergyInfrastructure,TYG_B,https://quote.eastmoney.com/us/TYG_B.html
TortoiseEnergyInfrastructure,TYG_B_CL,https://quote.eastmoney.com/us/TYG_B_CL.html
TortoiseEnergyInfrastructure,TYG_C,https://quote.eastmoney.com/us/TYG_C.html
TortoiseEnergyInfrastructure,TYG_C_CL,https://quote.eastmoney.com/us/TYG_C_CL.html
TORTOISEENERGYINFRASTRUCTURE,TYGPA,https://quote.eastmoney.com/us/TYGPA.html
尚高,TYHT,https://quote.eastmoney.com/us/TYHT.html
TYLERTECHNOLOGIESINC,TYL,https://quote.eastmoney.com/us/TYL.html
泰姆科技,TYME,https://quote.eastmoney.com/us/TYME.html
DirexionDaily7-10YearTreasu,TYNS,https://quote.eastmoney.com/us/TYNS.html
DirexionDaily7-10YearTreasu,TYO,https://quote.eastmoney.com/us/TYO.html
TRICONTINENTALCORPORATION,TYP,https://quote.eastmoney.com/us/TYP.html
蒙泰图像,TYPE,https://quote.eastmoney.com/us/TYPE.html
TortoiseEnergyCapitalCorporation,TYY,https://quote.eastmoney.com/us/TYY.html
TORTOISEENERGYCAPITALCORPORATION,TYYPA,https://quote.eastmoney.com/us/TYYPA.html
DirexionDailySmallCapBear3,TZA,https://quote.eastmoney.com/us/TZA.html
TenzingAcquisitionCorp,TZAC,https://quote.eastmoney.com/us/TZAC.html
TenzingAcquisitionCorpUnitConsof1Sh+1Wt,TZACU,https://quote.eastmoney.com/us/TZACU.html
TenzingAcquisitionCorpWt,TZACW,https://quote.eastmoney.com/us/TZACW.html
BEARSTEARNSDEPOSITORTRUCSCERTS2001,TZF,https://quote.eastmoney.com/us/TZF.html
BEARSTEARNSDepositorTRUCS,TZF_CL,https://quote.eastmoney.com/us/TZF_CL.html
Travelzoo,TZOO,https://quote.eastmoney.com/us/TZOO.html
安玛,UA,https://quote.eastmoney.com/us/UA.html
UNDERARMOURIncCLASSCCOMMONSTOCK0.00031/3P,UA_C,https://quote.eastmoney.com/us/UA_C.html
安德玛-A,UAA,https://quote.eastmoney.com/us/UAA.html
UNIVERSALTRUCKLOADSERVICES,UACL,https://quote.eastmoney.com/us/UACL.html
iSharesMSCIUaeCappedETF,UAE,https://quote.eastmoney.com/us/UAE.html
E-TracsUBSBloombergCMCIAgri,UAG,https://quote.eastmoney.com/us/UAG.html
联合大陆,UAL,https://quote.eastmoney.com/us/UAL.html
UNIVERSALAMERICANCORP,UAM,https://quote.eastmoney.com/us/UAM.html
UnitedStatesAntimonyCorp,UAMY,https://quote.eastmoney.com/us/UAMY.html
CVRPartnersLP,UAN,https://quote.eastmoney.com/us/UAN.html
InnovatorS&P500UltraBuffer,UAPR,https://quote.eastmoney.com/us/UAPR.html
ETNslinkedtotheVelocityShar,UAUD,https://quote.eastmoney.com/us/UAUD.html
InnovatorS&P500UltraBuffer,UAUG,https://quote.eastmoney.com/us/UAUG.html
AgEagleAerialSystemsInc,UAVS,https://quote.eastmoney.com/us/UAVS.html
AgEagleAerialSystemsIncUnitConsof1Sh+1W,UAVSU,https://quote.eastmoney.com/us/UAVSU.html
AgEagleAerialSystemsIncWt,UAVSW,https://quote.eastmoney.com/us/UAVSW.html
URSTADTBIDDLEPROPERTIESCLA,UBA,https://quote.eastmoney.com/us/UBA.html
E-TracsUBSBloombergCMCILive,UBC,https://quote.eastmoney.com/us/UBC.html
联合银行(俄亥俄州),UBCP,https://quote.eastmoney.com/us/UBCP.html
优步,UBER,https://quote.eastmoney.com/us/UBER.html
UnitedSecurityBancshares,UBFO,https://quote.eastmoney.com/us/UBFO.html
E-TracsUBSBloombergCMCIGold,UBG,https://quote.eastmoney.com/us/UBG.html
UBIC,UBIC,https://quote.eastmoney.com/us/UBIC.html
ProsharesUltraProNASDAQBiote,UBIO,https://quote.eastmoney.com/us/UBIO.html
E-TracsUBSBloombergCMCIIndu,UBM,https://quote.eastmoney.com/us/UBM.html
E-TracsUBSBloombergCMCIEner,UBN,https://quote.eastmoney.com/us/UBN.html
WisdomTreeWesternAssetUncons,UBND,https://quote.eastmoney.com/us/UBND.html
UnitedFinancialBancorpInc,UBNK,https://quote.eastmoney.com/us/UBNK.html
厄比奎蒂,UBNT,https://quote.eastmoney.com/us/UBNT.html
美国联合银行,UBOH,https://quote.eastmoney.com/us/UBOH.html
DirexionDailyRoboticsArtific,UBOT,https://quote.eastmoney.com/us/UBOT.html
URSTADTBIDDLEPROPERTIES,UBP,https://quote.eastmoney.com/us/UBP.html
UrstadtBiddlePropertiesInc,UBP_F,https://quote.eastmoney.com/us/UBP_F.html
UrstadtBiddlePropertiesInc,UBP_G,https://quote.eastmoney.com/us/UBP_G.html
UrstadtBiddlePropertiesIncS,UBP_H,https://quote.eastmoney.com/us/UBP_H.html
ProSharesUltraMSCIBrazilCap,UBR,https://quote.eastmoney.com/us/UBR.html
瑞银,UBS,https://quote.eastmoney.com/us/UBS.html
UbsPreferredFundingTrust,UBS_D,https://quote.eastmoney.com/us/UBS_D.html
UBSAG,UBS_D_CL,https://quote.eastmoney.com/us/UBS_D_CL.html
UnionBanksharesCorp,UBSH,https://quote.eastmoney.com/us/UBSH.html
联合银行,UBSI,https://quote.eastmoney.com/us/UBSI.html
ProSharesUltra20+YearTreasu,UBT,https://quote.eastmoney.com/us/UBT.html
UnityBiotechnologyInc,UBX,https://quote.eastmoney.com/us/UBX.html
UnitedCommunityBancorp,UCBA,https://quote.eastmoney.com/us/UCBA.html
UnitedCommunityBanksInc,UCBI,https://quote.eastmoney.com/us/UCBI.html
ProSharesUltraConsumerServic,UCC,https://quote.eastmoney.com/us/UCC.html
ProSharesUltraBloombergCommo,UCD,https://quote.eastmoney.com/us/UCD.html
UnitedCommunityFinancialCorp,UCFC,https://quote.eastmoney.com/us/UCFC.html
ETNslinkedtotheVelocityShar,UCHF,https://quote.eastmoney.com/us/UCHF.html
E-TracsUBSBloombergCMCIETN,UCI,https://quote.eastmoney.com/us/UCI.html
UBSAG,UCIB,https://quote.eastmoney.com/us/UCIB.html
ProSharesUltraBloombergCrude,UCO,https://quote.eastmoney.com/us/UCO.html
ProSharesUltraProCommunicatio,UCOM,https://quote.eastmoney.com/us/UCOM.html
FirstTrustTCWUnconstrainedP,UCON,https://quote.eastmoney.com/us/UCON.html
UCP,UCP,https://quote.eastmoney.com/us/UCP.html
超科林半导体,UCTT,https://quote.eastmoney.com/us/UCTT.html
LeggMasonUSDiversifiedCore,UDBI,https://quote.eastmoney.com/us/UDBI.html
UNITEDDEVELOPMENTFUNDINGIV,UDF,https://quote.eastmoney.com/us/UDF.html
PowerSharesDBUSDollarIndex,UDN,https://quote.eastmoney.com/us/UDN.html
ProSharesUltraproDow30,UDOW,https://quote.eastmoney.com/us/UDOW.html
UDR,UDR,https://quote.eastmoney.com/us/UDR.html
UrbanEdgeProperties,UE,https://quote.eastmoney.com/us/UE.html
URANIUMENERGYCORP,UEC,https://quote.eastmoney.com/us/UEC.html
UniversalElectronicsInc,UEIC,https://quote.eastmoney.com/us/UEIC.html
Net1UEPSTechnologiesInc,UEPS,https://quote.eastmoney.com/us/UEPS.html
ETNslinkedtotheVelocityShar,UEUR,https://quote.eastmoney.com/us/UEUR.html
USAAMSCIEmergingMarketsValu,UEVM,https://quote.eastmoney.com/us/UEVM.html
UniqueFabricatingInc,UFAB,https://quote.eastmoney.com/us/UFAB.html
UnitedFireGroupInc,UFCS,https://quote.eastmoney.com/us/UFCS.html
UNIFIINC,UFI,https://quote.eastmoney.com/us/UFI.html
ProcureSpaceETF,UFO,https://quote.eastmoney.com/us/UFO.html
UniversalForestProductsInc,UFPI,https://quote.eastmoney.com/us/UFPI.html
UFPTechnologiesInc,UFPT,https://quote.eastmoney.com/us/UFPT.html
DOMTAR,UFS,https://quote.eastmoney.com/us/UFS.html
UNITEDGUARDIANINC,UG,https://quote.eastmoney.com/us/UG.html
UnitedStatesGasolineFundLP,UGA,https://quote.eastmoney.com/us/UGA.html
VelocityShares3xLongNatural,UGAZ,https://quote.eastmoney.com/us/UGAZ.html
ETNslinkedtotheVelocityShar,UGBP,https://quote.eastmoney.com/us/UGBP.html
ProSharesUltraConsumerGood,UGE,https://quote.eastmoney.com/us/UGE.html
UGI,UGI,https://quote.eastmoney.com/us/UGI.html
ProSharesUltraGold,UGL,https://quote.eastmoney.com/us/UGL.html
Velocitysharestm3xLongGoldE,UGLD,https://quote.eastmoney.com/us/UGLD.html
ULTRAPARPARTICPAC-SPONADR,UGP,https://quote.eastmoney.com/us/UGP.html
AMERCO,UHAL,https://quote.eastmoney.com/us/UHAL.html
UnitedStatesDiesel-HeatingOi,UHN,https://quote.eastmoney.com/us/UHN.html
UNIVERSALHEALTHSERVICES,UHS,https://quote.eastmoney.com/us/UHS.html
UNIVERSALHEALTHREALTYINCOMETRUST,UHT,https://quote.eastmoney.com/us/UHT.html
优倍快,UI,https://quote.eastmoney.com/us/UI.html
UnitedInsuranceHoldingsCorp,UIHC,https://quote.eastmoney.com/us/UIHC.html
UILHOLDINGSCORP,UIL,https://quote.eastmoney.com/us/UIL.html
ProSharesUltrapro10YearTips,UINF,https://quote.eastmoney.com/us/UINF.html
UNISYSCORP,UIS,https://quote.eastmoney.com/us/UIS.html
USAACoreIntermediate-TermBon,UITB,https://quote.eastmoney.com/us/UITB.html
USAAMSCIInternationalValueM,UIVM,https://quote.eastmoney.com/us/UIVM.html
InnovatorS&P500UltraBuffer,UJAN,https://quote.eastmoney.com/us/UJAN.html
ProSharesUltraHighYield,UJB,https://quote.eastmoney.com/us/UJB.html
ETNslinkedtotheVelocityShar,UJPY,https://quote.eastmoney.com/us/UJPY.html
InnovatorS&P500UltraBuffer,UJUL,https://quote.eastmoney.com/us/UJUL.html
InnovatorS&P500UltraBuffer,UJUN,https://quote.eastmoney.com/us/UJUN.html
ReconCapitalFtse100Etf,UK,https://quote.eastmoney.com/us/UK.html
联合利华-ADR,UL,https://quote.eastmoney.com/us/UL.html
UltralifeCorp,ULBI,https://quote.eastmoney.com/us/ULBI.html
VelocitySharesLongLIBORETNs,ULBR,https://quote.eastmoney.com/us/ULBR.html
ProSharesUltraEuro,ULE,https://quote.eastmoney.com/us/ULE.html
UROLOGIXINC,ULGX,https://quote.eastmoney.com/us/ULGX.html
UniversalLogisticsHoldingsInc,ULH,https://quote.eastmoney.com/us/ULH.html
SPDRSSgAUltraShortTermBond,ULST,https://quote.eastmoney.com/us/ULST.html
ULTA美妆,ULTA,https://quote.eastmoney.com/us/ULTA.html
TheUltimateSoftwareGroupInc,ULTI,https://quote.eastmoney.com/us/ULTI.html
巴哈马超级石油海运,ULTR,https://quote.eastmoney.com/us/ULTR.html
USAAMSCIUSAValueMomentumBl,ULVM,https://quote.eastmoney.com/us/ULVM.html
UMBFinancialCorp,UMBF,https://quote.eastmoney.com/us/UMBF.html
联华电子,UMC,https://quote.eastmoney.com/us/UMC.html
ProSharesUltraproMidcap400,UMDD,https://quote.eastmoney.com/us/UMDD.html
UMHPROPERTIESINC,UMH,https://quote.eastmoney.com/us/UMH.html
UmhPropertiesInc,UMH_A,https://quote.eastmoney.com/us/UMH_A.html
UMHPropertiesIncSeriesAPfd,UMH_A_CL,https://quote.eastmoney.com/us/UMH_A_CL.html
UMHPropertiesInc,UMH_B,https://quote.eastmoney.com/us/UMH_B.html
UMHPropertiesIncSeriesCPfd,UMH_C,https://quote.eastmoney.com/us/UMH_C.html
UMHPropertiesIncSeriesDPfd,UMH_D,https://quote.eastmoney.com/us/UMH_D.html
UmpquaHoldingsCorp,UMPQ,https://quote.eastmoney.com/us/UMPQ.html
UnumTherapeuticsInc,UMRX,https://quote.eastmoney.com/us/UMRX.html
ProSharesUltraMSCIMexicoCap,UMX,https://quote.eastmoney.com/us/UMX.html
UNILEVERNV,UN,https://quote.eastmoney.com/us/UN.html
UnicoAmericanCorp,UNAM,https://quote.eastmoney.com/us/UNAM.html
UNIONBANKSHARESINC,UNB,https://quote.eastmoney.com/us/UNB.html
UNIFIRSTCORP,UNF,https://quote.eastmoney.com/us/UNF.html
联合天然食品,UNFI,https://quote.eastmoney.com/us/UNFI.html
UnitedNaturalFoodsInc,UNFI_NYSE,https://quote.eastmoney.com/us/UNFI_NYSE.html
UnitedStatesNaturalGasFund,UNG,https://quote.eastmoney.com/us/UNG.html
联合健康,UNH,https://quote.eastmoney.com/us/UNH.html
UNILIFECORPORATION,UNIS,https://quote.eastmoney.com/us/UNIS.html
UnitiGroupInc,UNIT,https://quote.eastmoney.com/us/UNIT.html
UnitedStates12MonthNatural,UNL,https://quote.eastmoney.com/us/UNL.html
UNUM保险,UNM,https://quote.eastmoney.com/us/UNM.html
UnumGroupNotes,UNMA,https://quote.eastmoney.com/us/UNMA.html
联合太平洋,UNP,https://quote.eastmoney.com/us/UNP.html
UNSENERGYCORP,UNS,https://quote.eastmoney.com/us/UNS.html
UNIT,UNT,https://quote.eastmoney.com/us/UNT.html
UNITEDONLINEINC,UNTD,https://quote.eastmoney.com/us/UNTD.html
UNITEKGLOBALSERVICES,UNTK,https://quote.eastmoney.com/us/UNTK.html
UNITEKGLOBALSERVICES,UNTKQ,https://quote.eastmoney.com/us/UNTKQ.html
联合银行,UNTY,https://quote.eastmoney.com/us/UNTY.html
UnivarSolutionsInc,UNVR,https://quote.eastmoney.com/us/UNVR.html
Uni-PixelInc,UNXL,https://quote.eastmoney.com/us/UNXL.html
InnovatorS&P500UltraBuffer,UOCT,https://quote.eastmoney.com/us/UOCT.html
UrbanOneInc-A,UONE,https://quote.eastmoney.com/us/UONE.html
UrbanOneInc-D,UONEK,https://quote.eastmoney.com/us/UONEK.html
ProSharesUltraOil&GasExplo,UOP,https://quote.eastmoney.com/us/UOP.html
UNIVERSALPOWERGROUPIN,UPG,https://quote.eastmoney.com/us/UPG.html
UROPLASTYINC,UPI,https://quote.eastmoney.com/us/UPI.html
UNWIREDPLANET,UPIP,https://quote.eastmoney.com/us/UPIP.html
犹特拉石油,UPL,https://quote.eastmoney.com/us/UPL.html
UplandSoftwareInc,UPLD,https://quote.eastmoney.com/us/UPLD.html
ProSharesUltraproS&P500,UPRO,https://quote.eastmoney.com/us/UPRO.html
联合包裹快递,UPS,https://quote.eastmoney.com/us/UPS.html
ProSharesUltraFTSEEurope,UPV,https://quote.eastmoney.com/us/UPV.html
ProSharesUltraUtilities,UPW,https://quote.eastmoney.com/us/UPW.html
UpworkInc,UPWK,https://quote.eastmoney.com/us/UPWK.html
UQMTECHNOLOGIESINC,UQM,https://quote.eastmoney.com/us/UQM.html
GlobalXUraniumETF,URA,https://quote.eastmoney.com/us/URA.html
UrbanOutfittersInc,URBN,https://quote.eastmoney.com/us/URBN.html
ProSharesUltraRealEstate,URE,https://quote.eastmoney.com/us/URE.html
UR-ENERGYINC,URG,https://quote.eastmoney.com/us/URG.html
UroGenPharmaLtd,URGN,https://quote.eastmoney.com/us/URGN.html
联合租赁,URI,https://quote.eastmoney.com/us/URI.html
UrovantSciencesLtd,UROV,https://quote.eastmoney.com/us/UROV.html
MarketVectorsDoubleLongEuro,URR,https://quote.eastmoney.com/us/URR.html
UraniumResourcesInc,URRE,https://quote.eastmoney.com/us/URRE.html
URS,URS,https://quote.eastmoney.com/us/URS.html
iSharesMSCIWorldETF,URTH,https://quote.eastmoney.com/us/URTH.html
ProSharesUltraproRussell2000,URTY,https://quote.eastmoney.com/us/URTY.html
URANERZENERGYCORP,URZ,https://quote.eastmoney.com/us/URZ.html
LibertyAll-StarEquityFund,USA,https://quote.eastmoney.com/us/USA.html
USACompressionPartnersLP,USAC,https://quote.eastmoney.com/us/USAC.html
UnitedStatesAgricultureIndex,USAG,https://quote.eastmoney.com/us/USAG.html
AmericanEnergyIndependenceET,USAI,https://quote.eastmoney.com/us/USAI.html
USATruckInc,USAK,https://quote.eastmoney.com/us/USAK.html
通用不锈钢和合金制品,USAP,https://quote.eastmoney.com/us/USAP.html
AmericasSilverCorp,USAS,https://quote.eastmoney.com/us/USAS.html
全美科技,USAT,https://quote.eastmoney.com/us/USAT.html
USATECHNOLOGIESINC,USATP,https://quote.eastmoney.com/us/USATP.html
USATECHNOLOGIESINC,USATZ,https://quote.eastmoney.com/us/USATZ.html
U.S.GoldCorp,USAU,https://quote.eastmoney.com/us/USAU.html
美国合众,USB,https://quote.eastmoney.com/us/USB.html
U.S.Bancorp,USB_A,https://quote.eastmoney.com/us/USB_A.html
USBancorp,USB_H,https://quote.eastmoney.com/us/USB_H.html
USBancorp,USB_M,https://quote.eastmoney.com/us/USB_M.html
USBancorp,USB_N,https://quote.eastmoney.com/us/USB_N.html
U.S.Bancorp,USB_N_CL,https://quote.eastmoney.com/us/USB_N_CL.html
USBancorp,USB_O,https://quote.eastmoney.com/us/USB_O.html
USBancorpSeriesKPfd,USB_P,https://quote.eastmoney.com/us/USB_P.html
UNITEDSECURITYBANCSHARESINC,USBI,https://quote.eastmoney.com/us/USBI.html
U.S.BANCORP,USBPA,https://quote.eastmoney.com/us/USBPA.html
UsCommodityIndex,USCI,https://quote.eastmoney.com/us/USCI.html
USConcreteInc,USCR,https://quote.eastmoney.com/us/USCR.html
ProSharesUltraSemiconductors,USD,https://quote.eastmoney.com/us/USD.html
USDPartnersLP,USDP,https://quote.eastmoney.com/us/USDP.html
WisdomTreeBloombergU.S.Dolla,USDU,https://quote.eastmoney.com/us/USDU.html
PacificGlobalUSEquityIncome,USDY,https://quote.eastmoney.com/us/USDY.html
美国能源,USEG,https://quote.eastmoney.com/us/USEG.html
InnovatorS&P500UltraBuffer,USEP,https://quote.eastmoney.com/us/USEP.html
PowerSharesRussell1000Enhanc,USEQ,https://quote.eastmoney.com/us/USEQ.html
USFoodsHoldingCorp,USFD,https://quote.eastmoney.com/us/USFD.html
WisdomTreeBloombergFloatingR,USFR,https://quote.eastmoney.com/us/USFR.html
USGCORP,USG,https://quote.eastmoney.com/us/USG.html
AGFiQDynamicHedgedU.S.Equit,USHG,https://quote.eastmoney.com/us/USHG.html
iSharesBroadUSDHighYieldCo,USHY,https://quote.eastmoney.com/us/USHY.html
PrincipalUltra-ShortActiveIn,USI,https://quote.eastmoney.com/us/USI.html
iSharesBroadUSDInvestmentGr,USIG,https://quote.eastmoney.com/us/USIG.html
UsioInc,USIO,https://quote.eastmoney.com/us/USIO.html
UnitedStates12MonthOilFund,USL,https://quote.eastmoney.com/us/USL.html
PowerSharesRussell1000LowBe,USLB,https://quote.eastmoney.com/us/USLB.html
UnitedStatesLime&MineralsInc,USLM,https://quote.eastmoney.com/us/USLM.html
Velocitysharestm3xLongSilver,USLV,https://quote.eastmoney.com/us/USLV.html
USCELLULAR,USM,https://quote.eastmoney.com/us/USM.html
PrincipalU.S.Mega-CapMulti-F,USMC,https://quote.eastmoney.com/us/USMC.html
USMDHOLDINGSINC,USMD,https://quote.eastmoney.com/us/USMD.html
WisdomTreeU.S.MultifactorFun,USMF,https://quote.eastmoney.com/us/USMF.html
USAMOBILITYINC,USMO,https://quote.eastmoney.com/us/USMO.html
ReconCapitalUSAManagedRisk,USMR,https://quote.eastmoney.com/us/USMR.html
iSharesMSCIUSAMinimumVolati,USMV,https://quote.eastmoney.com/us/USMV.html
优莎娜,USNA,https://quote.eastmoney.com/us/USNA.html
UnitedStatesOilFundLP,USO,https://quote.eastmoney.com/us/USO.html
UnitedStates3xShortOilFund,USOD,https://quote.eastmoney.com/us/USOD.html
CreditSuisseGoldSharesCover,USOI,https://quote.eastmoney.com/us/USOI.html
UnitedStates3xOilFund,USOU,https://quote.eastmoney.com/us/USOU.html
U.S.PhysicalTherapyInc,USPH,https://quote.eastmoney.com/us/USPH.html
iSharesCoreU.S.REITETF,USRT,https://quote.eastmoney.com/us/USRT.html
WisdomTreeStrongDollarU.S.E,USSD,https://quote.eastmoney.com/us/USSD.html
XtrackersMSCIUSAESGLeaders,USSG,https://quote.eastmoney.com/us/USSG.html
ProSharesUltra7-10YearTreas,UST,https://quote.eastmoney.com/us/UST.html
USAACoreShort-TermBondETF,USTB,https://quote.eastmoney.com/us/USTB.html
UNITEDSTATIONERSINC,USTR,https://quote.eastmoney.com/us/USTR.html
USECINC,USU,https://quote.eastmoney.com/us/USU.html
E-TracsUBSBloombergCMCISilv,USV,https://quote.eastmoney.com/us/USV.html
USAAMSCIUSASmallCapValueM,USVM,https://quote.eastmoney.com/us/USVM.html
WisdomTreeWeakDollarU.S.Equ,USWD,https://quote.eastmoney.com/us/USWD.html
U.S.WellServicesInc-A,USWS,https://quote.eastmoney.com/us/USWS.html
U.S.WellServicesIncWt,USWSW,https://quote.eastmoney.com/us/USWSW.html
U.S.XpressEnterprisesInc-A,USX,https://quote.eastmoney.com/us/USX.html
UraniumTradingCorp-A,UTC,https://quote.eastmoney.com/us/UTC.html
UltratechInc,UTEK,https://quote.eastmoney.com/us/UTEK.html
ReavesUtilitiesETF,UTES,https://quote.eastmoney.com/us/UTES.html
Cohen&SteersInfrastructureF,UTF,https://quote.eastmoney.com/us/UTF.html
ReavesUtilityIncomeFund,UTG,https://quote.eastmoney.com/us/UTG.html
ReavesUtilityIncomeFundRt,UTGR,https://quote.eastmoney.com/us/UTGR.html
ReavesUtilityIncomeFundRt,UTGRW,https://quote.eastmoney.com/us/UTGRW.html
联合治疗,UTHR,https://quote.eastmoney.com/us/UTHR.html
UNIVERSALTECHNICALINSTITUT,UTI,https://quote.eastmoney.com/us/UTI.html
优特埃国际物流,UTIW,https://quote.eastmoney.com/us/UTIW.html
UNITILCORP,UTL,https://quote.eastmoney.com/us/UTL.html
iSharesEdgeMSCIMultifactorU,UTLF,https://quote.eastmoney.com/us/UTLF.html
DeutscheX-TrackersRegulatedU,UTLT,https://quote.eastmoney.com/us/UTLT.html
DirexionShsEtfTrDailyUtils,UTLZ,https://quote.eastmoney.com/us/UTLZ.html
犹他医疗产品,UTMD,https://quote.eastmoney.com/us/UTMD.html
VesperU.S.LargeCapShort-Ter,UTRN,https://quote.eastmoney.com/us/UTRN.html
UT斯达康,UTSI,https://quote.eastmoney.com/us/UTSI.html
DirexionShsEtfTrDailyUtili,UTSL,https://quote.eastmoney.com/us/UTSL.html
联合技术,UTX,https://quote.eastmoney.com/us/UTX.html
UNITEDTECHNOLOGIESCORP,UTX_A,https://quote.eastmoney.com/us/UTX_A.html
