name_cn,name_en,url
PowerSharesDynamicMarketPort,PWC,https://quote.eastmoney.com/us/PWC.html
PENNWESTENERGYTRUST,PWE,https://quote.eastmoney.com/us/PWE.html
POWER-ONEINC,PWER,https://quote.eastmoney.com/us/PWER.html
PennsWoodsBancorpInc,PWOD,https://quote.eastmoney.com/us/PWOD.html
QUANTASERVICES,PWR,https://quote.eastmoney.com/us/PWR.html
完美世界,PWRD,https://quote.eastmoney.com/us/PWRD.html
PacerWealthShieldETF,PWS,https://quote.eastmoney.com/us/PWS.html
PowerSharesDynamicLargeCapV,PWV,https://quote.eastmoney.com/us/PWV.html
PROVIDENCEANDWORCESTERRR,PWX,https://quote.eastmoney.com/us/PWX.html
PowerSharesCaliforniaAMT-Free,PWZ,https://quote.eastmoney.com/us/PWZ.html
普莱克斯,PX,https://quote.eastmoney.com/us/PX.html
普莱克斯,PX_NYSE,https://quote.eastmoney.com/us/PX_NYSE.html
先锋自然资源,PXD,https://quote.eastmoney.com/us/PXD.html
PowerSharesDynamicEnergyExpl,PXE,https://quote.eastmoney.com/us/PXE.html
PowerSharesFTSERAFIDeveloped,PXF,https://quote.eastmoney.com/us/PXF.html
PowerSharesFTSERAFIEmerging,PXH,https://quote.eastmoney.com/us/PXH.html
PowerSharesDwaEnergyMomentum,PXI,https://quote.eastmoney.com/us/PXI.html
PowerSharesDynamicOilSvcsPo,PXJ,https://quote.eastmoney.com/us/PXJ.html
PowerSharesFundamentalPureLa,PXLC,https://quote.eastmoney.com/us/PXLC.html
PowerSharesFundamentalPureLa,PXLG,https://quote.eastmoney.com/us/PXLG.html
PowerSharesFundamentalPureLa,PXLV,https://quote.eastmoney.com/us/PXLV.html
美国像素,PXLW,https://quote.eastmoney.com/us/PXLW.html
PowerSharesFundamentalPureMi,PXMC,https://quote.eastmoney.com/us/PXMC.html
PowerSharesFundamentalPureMi,PXMG,https://quote.eastmoney.com/us/PXMG.html
PowerSharesFundamentalPureMi,PXMV,https://quote.eastmoney.com/us/PXMV.html
PLAINSEXPLORATION&PRODUCT,PXP,https://quote.eastmoney.com/us/PXP.html
PowerSharesDynamicNetworking,PXQ,https://quote.eastmoney.com/us/PXQ.html
PowerSharesEmergingInfrastruc,PXR,https://quote.eastmoney.com/us/PXR.html
PyxisTankersInc,PXS,https://quote.eastmoney.com/us/PXS.html
PowerSharesFundamentalPureSm,PXSC,https://quote.eastmoney.com/us/PXSC.html
PowerSharesFundamentalPureSm,PXSG,https://quote.eastmoney.com/us/PXSG.html
PowerSharesFundamentalPureSm,PXSV,https://quote.eastmoney.com/us/PXSV.html
PrincipalInternationalMulti-F,PXUS,https://quote.eastmoney.com/us/PXUS.html
PrincipalShareholderYieldInd,PY,https://quote.eastmoney.com/us/PY.html
MRRLLLNCHDPSTRPPLUSCLASSA,PYA,https://quote.eastmoney.com/us/PYA.html
MERRILLLYNCHDEPOSITORINCPPLUSCL,PYB,https://quote.eastmoney.com/us/PYB.html
MRRLLLNCHDPSTRINCPPLUSCLASSA6%,PYC,https://quote.eastmoney.com/us/PYC.html
PaymentDataSystemsInc,PYDS,https://quote.eastmoney.com/us/PYDS.html
MERRILLLYNCHDEPOSITORINCPPLUS7.00,PYG,https://quote.eastmoney.com/us/PYG.html
MERRILLLYNCHDEPOSITORPPLUSCLA6.25,PYK,https://quote.eastmoney.com/us/PYK.html
MERRILLLYNCHDEPOSITORINCPPLUSCL,PYL,https://quote.eastmoney.com/us/PYL.html
PimcoNewYorkMunicipalIncome,PYN,https://quote.eastmoney.com/us/PYN.html
ETRACSNYSEPickensCoreMidstr,PYPE,https://quote.eastmoney.com/us/PYPE.html
PayPalHoldingsInc,PYPL,https://quote.eastmoney.com/us/PYPL.html
"PayPalHoldings,Inc.",PYPLV,https://quote.eastmoney.com/us/PYPLV.html
MERRILLLYNCHDEPOSITORINC,PYS,https://quote.eastmoney.com/us/PYS.html
MERRILLLYNCHDEPOSITORPPLUSFLOATING,PYT,https://quote.eastmoney.com/us/PYT.html
MRRLLLNCHDPSTRINCPPLUSFLTNGRTT,PYV,https://quote.eastmoney.com/us/PYV.html
PyxusInternationalInc,PYX,https://quote.eastmoney.com/us/PYX.html
MERRILLLYNCHDEPOSITORINC,PYY,https://quote.eastmoney.com/us/PYY.html
PowerSharesDwaBasicMaterials,PYZ,https://quote.eastmoney.com/us/PYZ.html
PowerSharesNationalAMT-FreeM,PZA,https://quote.eastmoney.com/us/PZA.html
MERRILLLYNCHDEPOSITORINC,PZB,https://quote.eastmoney.com/us/PZB.html
PimcoCaliforniaMunicipalInco,PZC,https://quote.eastmoney.com/us/PZC.html
PowerSharesCleantechPortfolio,PZD,https://quote.eastmoney.com/us/PZD.html
PETROBRASENERGIA-SPONADR,PZE,https://quote.eastmoney.com/us/PZE.html
PARAMOUNTGOLDANDSILVER,PZG,https://quote.eastmoney.com/us/PZG.html
PowerSharesZacksMicroCapPor,PZI,https://quote.eastmoney.com/us/PZI.html
PZENAINVESTMENTMANAGM-CLA,PZN,https://quote.eastmoney.com/us/PZN.html
PhaseRxInc,PZRX,https://quote.eastmoney.com/us/PZRX.html
PowerSharesNewYorkAMT-FreeM,PZT,https://quote.eastmoney.com/us/PZT.html
棒约翰,PZZA,https://quote.eastmoney.com/us/PZZA.html
PIZZAINNINC,PZZI,https://quote.eastmoney.com/us/PZZI.html
昆泰控股,Q,https://quote.eastmoney.com/us/Q.html
FirstTrustNasdaqAbaCommunit,QABA,https://quote.eastmoney.com/us/QABA.html
QADInc-A,QADA,https://quote.eastmoney.com/us/QADA.html
QADInc-B,QADB,https://quote.eastmoney.com/us/QADB.html
IQHedgeMulti-StrategyTracker,QAI,https://quote.eastmoney.com/us/QAI.html
XtrackersRussell1000USQARP,QARP,https://quote.eastmoney.com/us/QARP.html
iSharesMSCIQatarCappedETF,QAT,https://quote.eastmoney.com/us/QAT.html
SPDRMSCIAustraliaQualityMix,QAUS,https://quote.eastmoney.com/us/QAUS.html
扩斯达,QBAK,https://quote.eastmoney.com/us/QBAK.html
CUBICENERGYINC,QBC,https://quote.eastmoney.com/us/QBC.html
SPDRMSCICanadaQualityMixET,QCAN,https://quote.eastmoney.com/us/QCAN.html
QCHOLDINGSINC,QCCO,https://quote.eastmoney.com/us/QCCO.html
FirstTrustNasdaqCleanEdgeG,QCLN,https://quote.eastmoney.com/us/QCLN.html
高通,QCOM,https://quote.eastmoney.com/us/QCOM.html
QUESTCORPHARMACEUTICALS,QCOR,https://quote.eastmoney.com/us/QCOR.html
QualityCarePropertiesInc,QCP,https://quote.eastmoney.com/us/QCP.html
QCRHoldingsInc,QCRH,https://quote.eastmoney.com/us/QCRH.html
趣店,QD,https://quote.eastmoney.com/us/QD.html
FlexSharesQualityDividendDef,QDEF,https://quote.eastmoney.com/us/QDEF.html
QuidelCorp,QDEL,https://quote.eastmoney.com/us/QDEL.html
MarketVectorsMSCIEmergingMa,QDEM,https://quote.eastmoney.com/us/QDEM.html
SPDRMSCIGermanyQualityMixE,QDEU,https://quote.eastmoney.com/us/QDEU.html
FlexSharesQualityDividendInd,QDF,https://quote.eastmoney.com/us/QDF.html
GlobalXS&P500QualityDivide,QDIV,https://quote.eastmoney.com/us/QDIV.html
MarketVectorsMSCIInternation,QDXU,https://quote.eastmoney.com/us/QDXU.html
FlexSharesQualityDividendDyn,QDYN,https://quote.eastmoney.com/us/QDYN.html
IQHedgeEvent-DrivenTrackerE,QED,https://quote.eastmoney.com/us/QED.html
SPDRMSCIEafeQualityMixETF,QEFA,https://quote.eastmoney.com/us/QEFA.html
AdvisorSharesQamEquityHedge,QEH,https://quote.eastmoney.com/us/QEH.html
MarketVectorsMSCIEmergingMa,QEM,https://quote.eastmoney.com/us/QEM.html
SPDRMSCIEmergingMarketsQual,QEMM,https://quote.eastmoney.com/us/QEMM.html
QEPRESOURCES,QEP,https://quote.eastmoney.com/us/QEP.html
QEPMIDSTREAMPARTNERS,QEPM,https://quote.eastmoney.com/us/QEPM.html
QuintanaEnergyServicesInc,QES,https://quote.eastmoney.com/us/QES.html
SPDRMSCISpainQualityMixETF,QESP,https://quote.eastmoney.com/us/QESP.html
360金融,QFIN,https://quote.eastmoney.com/us/QFIN.html
360金融,QFIN_NYSE,https://quote.eastmoney.com/us/QFIN_NYSE.html
SPDRMSCIUnitedKingdomQualit,QGBR,https://quote.eastmoney.com/us/QGBR.html
快而精医药,QGEN,https://quote.eastmoney.com/us/QGEN.html
AmericanCenturySTOXXU.S.Qua,QGRO,https://quote.eastmoney.com/us/QGRO.html
IQLeadersGTAATrackerETF,QGTA,https://quote.eastmoney.com/us/QGTA.html
QuorumHealthCorp,QHC,https://quote.eastmoney.com/us/QHC.html
ProSharesUltrashortQqq,QID,https://quote.eastmoney.com/us/QID.html
奇虎360,QIHU,https://quote.eastmoney.com/us/QIHU.html
FirstTrustRbaQualityIncome,QINC,https://quote.eastmoney.com/us/QINC.html
AmericanCenturyQualityDivers,QINT,https://quote.eastmoney.com/us/QINT.html
QiwiplcADR,QIWI,https://quote.eastmoney.com/us/QIWI.html
SPDRMSCIJapanQualityMixETF,QJPN,https://quote.eastmoney.com/us/QJPN.html
庆客隆,QKLS,https://quote.eastmoney.com/us/QKLS.html
SPDRMSCIKoreaQualityMixETF,QKOR,https://quote.eastmoney.com/us/QKOR.html
FlexSharesUSQualityLargeCap,QLC,https://quote.eastmoney.com/us/QLC.html
ProSharesUltraQqq,QLD,https://quote.eastmoney.com/us/QLD.html
Q逻辑半导体,QLGC,https://quote.eastmoney.com/us/QLGC.html
QLIKTECHNOLOGIESINC,QLIK,https://quote.eastmoney.com/us/QLIK.html
IQHedgeLong/ShortTrackerETF,QLS,https://quote.eastmoney.com/us/QLS.html
iSharesAaa-ARatedCorporate,QLTA,https://quote.eastmoney.com/us/QLTA.html
QLTINC,QLTI,https://quote.eastmoney.com/us/QLTI.html
QUALITYDISTRIBUTIONINC,QLTY,https://quote.eastmoney.com/us/QLTY.html
FlexSharesUSQualityLowVolat,QLV,https://quote.eastmoney.com/us/QLV.html
FlexSharesDevelopedMarketsex,QLVD,https://quote.eastmoney.com/us/QLVD.html
FlexSharesEmergingMarketsQua,QLVE,https://quote.eastmoney.com/us/QLVE.html
科力斯,QLYS,https://quote.eastmoney.com/us/QLYS.html
SPDRMSCIMexicoQualityMixET,QMEX,https://quote.eastmoney.com/us/QMEX.html
QUATERRARESOURCESINC,QMM,https://quote.eastmoney.com/us/QMM.html
IQHedgeMarketNeutralTracker,QMN,https://quote.eastmoney.com/us/QMN.html
ALPHAARCHITECHETFTRMOMENTUM,QMOM,https://quote.eastmoney.com/us/QMOM.html
QuinStreetInc,QNST,https://quote.eastmoney.com/us/QNST.html
QuinparioAcquisitionCorp2,QPAC,https://quote.eastmoney.com/us/QPAC.html
QuinparioAcquisitionCorp2UnitConsof1Sh+1,QPACU,https://quote.eastmoney.com/us/QPACU.html
QuinparioAcquisitionCorp2Wt,QPACW,https://quote.eastmoney.com/us/QPACW.html
FirstTrustNasdaq-100EqualWe,QQEW,https://quote.eastmoney.com/us/QQEW.html
PowersharesQqqTrustSeries1,QQQ,https://quote.eastmoney.com/us/QQQ.html
GlobalXNasdaqChinaTechnolog,QQQC,https://quote.eastmoney.com/us/QQQC.html
DirexionNasdaq-100rEqualWeig,QQQE,https://quote.eastmoney.com/us/QQQE.html
NuveenNasdaq100DynamicOverw,QQQX,https://quote.eastmoney.com/us/QQQX.html
FirstTrustNasdaq-100Ex-Tec,QQXT,https://quote.eastmoney.com/us/QQXT.html
QRENERGYLP,QRE,https://quote.eastmoney.com/us/QRE.html
QRAFTAI-EnhancedU.S.LargeCa,QRFT,https://quote.eastmoney.com/us/QRFT.html
QuestResourceHoldingCorp,QRHC,https://quote.eastmoney.com/us/QRHC.html
QurateRetailInc-A,QRTEA,https://quote.eastmoney.com/us/QRTEA.html
QurateRetailInc-B,QRTEB,https://quote.eastmoney.com/us/QRTEB.html
QorvoInc,QRVO,https://quote.eastmoney.com/us/QRVO.html
QualitySystemsInc,QSII,https://quote.eastmoney.com/us/QSII.html
RestaurantBrandsInternationalInc,QSR,https://quote.eastmoney.com/us/QSR.html
WisdomTreeU.S.QualityShareholderYieldFund,QSY,https://quote.eastmoney.com/us/QSY.html
FirstTrustNasdaq-100Technolo,QTEC,https://quote.eastmoney.com/us/QTEC.html
QUANTUMCORP,QTM,https://quote.eastmoney.com/us/QTM.html
QuantennaCommunicationsInc,QTNA,https://quote.eastmoney.com/us/QTNA.html
QuotientLtd,QTNT,https://quote.eastmoney.com/us/QTNT.html
QUOTIENTLtdWARRANT,QTNTW,https://quote.eastmoney.com/us/QTNTW.html
QuarterhillInc,QTRH,https://quote.eastmoney.com/us/QTRH.html
QUATERRARESOURCESINC,QTRRF,https://quote.eastmoney.com/us/QTRRF.html
QuanterixCorp,QTRX,https://quote.eastmoney.com/us/QTRX.html
QTSREALTYTRUST,QTS,https://quote.eastmoney.com/us/QTS.html
QTSRealtyTrustIncSeriesAP,QTS_A,https://quote.eastmoney.com/us/QTS_A.html
QTSRealtyTrustIncSeriesBP,QTS_B,https://quote.eastmoney.com/us/QTS_B.html
趣头条,QTT,https://quote.eastmoney.com/us/QTT.html
DefianceQuantumETF,QTUM,https://quote.eastmoney.com/us/QTUM.html
SPDRMSCITaiwanQualityMixET,QTWN,https://quote.eastmoney.com/us/QTWN.html
Q2HoldingsInc,QTWO,https://quote.eastmoney.com/us/QTWO.html
昆腾燃料系统,QTWW,https://quote.eastmoney.com/us/QTWW.html
Quad/GraphicsInc-A,QUAD,https://quote.eastmoney.com/us/QUAD.html
iSharesMSCIUSAQualityFactor,QUAL,https://quote.eastmoney.com/us/QUAL.html
快辑半导体,QUIK,https://quote.eastmoney.com/us/QUIK.html
QumuCorp,QUMU,https://quote.eastmoney.com/us/QUMU.html
去哪儿网,QUNR,https://quote.eastmoney.com/us/QUNR.html
QuotientTechnologyInc,QUOT,https://quote.eastmoney.com/us/QUOT.html
uniQureNV,QURE,https://quote.eastmoney.com/us/QURE.html
SPDRMSCIUSAQualityMixETF,QUS,https://quote.eastmoney.com/us/QUS.html
ValueSharesU.S.QuantitativeV,QVAL,https://quote.eastmoney.com/us/QVAL.html
自由互动-A,QVCA,https://quote.eastmoney.com/us/QVCA.html
自由互动-B,QVCB,https://quote.eastmoney.com/us/QVCB.html
QVCIncNotes,QVCD,https://quote.eastmoney.com/us/QVCD.html
ArrowQvmEquityFactorETF,QVM,https://quote.eastmoney.com/us/QVM.html
SPDRMSCIWorldQualityMixETF,QWLD,https://quote.eastmoney.com/us/QWLD.html
NorthernLtsFdTrIvQuantxRi,QXGG,https://quote.eastmoney.com/us/QXGG.html
NorthernLtsFdTrIvQuantxRi,QXMI,https://quote.eastmoney.com/us/QXMI.html
NorthernLtsFdTrIvQuantxRi,QXRR,https://quote.eastmoney.com/us/QXRR.html
NorthernLtsFdTrIvQuantxRs,QXTR,https://quote.eastmoney.com/us/QXTR.html
MarketVectorsMSCIInternation,QXUS,https://quote.eastmoney.com/us/QXUS.html
ReconCapitalNasdaq-100Covere,QYLD,https://quote.eastmoney.com/us/QYLD.html
莱德物流,R,https://quote.eastmoney.com/us/R.html
BrookfieldRealAssetsIncomeF,RA,https://quote.eastmoney.com/us/RA.html
VanEckVectorsRealAssetAlloc,RAAX,https://quote.eastmoney.com/us/RAAX.html
法拉利,RACE,https://quote.eastmoney.com/us/RACE.html
RITEAIDCORP,RAD,https://quote.eastmoney.com/us/RAD.html
RADAElectronicIndustriesLtd,RADA,https://quote.eastmoney.com/us/RADA.html
RADIUSBANCORPINC.,RADB,https://quote.eastmoney.com/us/RADB.html
雷诺美国,RAI,https://quote.eastmoney.com/us/RAI.html
FreightCarAmericaInc,RAIL,https://quote.eastmoney.com/us/RAIL.html
ProSharesRAFILong/Short,RALS,https://quote.eastmoney.com/us/RALS.html
RALLYSOFTWAREDEVELOPMENTCORP,RALY,https://quote.eastmoney.com/us/RALY.html
LiveRampHoldingsInc,RAMP,https://quote.eastmoney.com/us/RAMP.html
兰德资本,RAND,https://quote.eastmoney.com/us/RAND.html
RAPTTherapeuticsInc,RAPT,https://quote.eastmoney.com/us/RAPT.html
UltragenyxPharmaceuticalInc,RARE,https://quote.eastmoney.com/us/RARE.html
RaPharmaceuticalsInc,RARX,https://quote.eastmoney.com/us/RARX.html
RAITFINANCIALTRUST,RAS,https://quote.eastmoney.com/us/RAS.html
RaitFinancialTrust,RAS_A,https://quote.eastmoney.com/us/RAS_A.html
RaitFinancialTrust,RAS_B,https://quote.eastmoney.com/us/RAS_B.html
RaitFinancialTrust,RAS_C,https://quote.eastmoney.com/us/RAS_C.html
银率,RATE,https://quote.eastmoney.com/us/RATE.html
RaveRestaurantGroupInc,RAVE,https://quote.eastmoney.com/us/RAVE.html
FlexSharesReadyAccessVariabl,RAVI,https://quote.eastmoney.com/us/RAVI.html
RavenIndustriesInc,RAVN,https://quote.eastmoney.com/us/RAVN.html
RACKSPACEHOSTING,RAX,https://quote.eastmoney.com/us/RAX.html
RITCHIEBROSAUCTIONEERS,RBA,https://quote.eastmoney.com/us/RBA.html
RBB银行,RBB,https://quote.eastmoney.com/us/RBB.html
RibbonCommunicationsInc,RBBN,https://quote.eastmoney.com/us/RBBN.html
REGALBELOIT,RBC,https://quote.eastmoney.com/us/RBC.html
RepublicBancorpInc-A,RBCAA,https://quote.eastmoney.com/us/RBCAA.html
卢比肯科技,RBCN,https://quote.eastmoney.com/us/RBCN.html
NationwideRisk-BasedInternati,RBIN,https://quote.eastmoney.com/us/RBIN.html
"REVOBIOLOGICS,INC.",RBIO,https://quote.eastmoney.com/us/RBIO.html
RhinebeckBancorpInc,RBKB,https://quote.eastmoney.com/us/RBKB.html
SPDRS&PRussiaETF,RBL,https://quote.eastmoney.com/us/RBL.html
ReliantBancorpInc,RBNC,https://quote.eastmoney.com/us/RBNC.html
RURBANFINANCIALCORP,RBNF,https://quote.eastmoney.com/us/RBNF.html
宾夕法尼亚皇家银行,RBPAA,https://quote.eastmoney.com/us/RBPAA.html
苏格兰皇家银行(US),RBS,https://quote.eastmoney.com/us/RBS.html
RoyalBankOfScotlandGroupPL,RBS_E,https://quote.eastmoney.com/us/RBS_E.html
RoyalBankScotlandplc(The),RBS_E_CL,https://quote.eastmoney.com/us/RBS_E_CL.html
TheRoyalBankofScotlandGroupplcADRSeriesF,RBS_F,https://quote.eastmoney.com/us/RBS_F.html
TheRoyalBankofScotlandGrou,RBS_F_CL,https://quote.eastmoney.com/us/RBS_F_CL.html
RoyalBankOfScotlandGroupPL,RBS_G,https://quote.eastmoney.com/us/RBS_G.html
RoyalBankScotlandplc(The),RBS_G_CL,https://quote.eastmoney.com/us/RBS_G_CL.html
TheRoyalBankofScotlandGroupplcADRSeriesH,RBS_H,https://quote.eastmoney.com/us/RBS_H.html
TheRoyalBankofScotlandGrou,RBS_H_CL,https://quote.eastmoney.com/us/RBS_H_CL.html
RoyalBankOfScotlandGroupPL,RBS_I,https://quote.eastmoney.com/us/RBS_I.html
RoyalBankScotlandplc(The),RBS_I_CL,https://quote.eastmoney.com/us/RBS_I_CL.html
TheRoyalBankofScotlandGroupplcADRSeriesL,RBS_L,https://quote.eastmoney.com/us/RBS_L.html
TheRoyalBankofScotlandGrou,RBS_L_CL,https://quote.eastmoney.com/us/RBS_L_CL.html
RoyalBankOfScotlandGroupPL,RBS_M,https://quote.eastmoney.com/us/RBS_M.html
RoyalBankScotlandplc,RBS_M_CL,https://quote.eastmoney.com/us/RBS_M_CL.html
RoyalBankOfScotlandGroupPL,RBS_N,https://quote.eastmoney.com/us/RBS_N.html
RoyalBankScotlandplc,RBS_N_CL,https://quote.eastmoney.com/us/RBS_N_CL.html
RoyalBankOfScotlandGroupPL,RBS_P,https://quote.eastmoney.com/us/RBS_P.html
RoyalBankScotlandplc,RBS_P_CL,https://quote.eastmoney.com/us/RBS_P_CL.html
RoyalBankOfScotlandGroupPL,RBS_Q,https://quote.eastmoney.com/us/RBS_Q.html
RoyalBankScotlandplc,RBS_Q_CL,https://quote.eastmoney.com/us/RBS_Q_CL.html
RoyalBankOfScotlandGroupPL,RBS_R,https://quote.eastmoney.com/us/RBS_R.html
RoyalBankScotlandplc(The),RBS_R_CL,https://quote.eastmoney.com/us/RBS_R_CL.html
TheRoyalBankofScotlandGroupplcADRSeriesS,RBS_S,https://quote.eastmoney.com/us/RBS_S.html
TheRoyalBankofScotlandGrou,RBS_S_CL,https://quote.eastmoney.com/us/RBS_S_CL.html
TheRoyalBankofScotlandGrou,RBS_S_CL_NYSE,https://quote.eastmoney.com/us/RBS_S_CL_NYSE.html
RoyalBankOfScotlandGroupPL,RBS_T,https://quote.eastmoney.com/us/RBS_T.html
RoyalBankScotlandplc(The),RBS_T_CL,https://quote.eastmoney.com/us/RBS_T_CL.html
NationwideRisk-BasedU.S.Equi,RBUS,https://quote.eastmoney.com/us/RBUS.html
RUBICONMINERALSCORP,RBY,https://quote.eastmoney.com/us/RBY.html
ReebonzHoldingLtd,RBZ,https://quote.eastmoney.com/us/RBZ.html
ReebonzHoldingLtdWt,RBZAW,https://quote.eastmoney.com/us/RBZAW.html
ReadyCapitalCorp,RC,https://quote.eastmoney.com/us/RC.html
ReadyCapitalCorpNotes,RCA,https://quote.eastmoney.com/us/RCA.html
RCSCAPITAL,RCAP,https://quote.eastmoney.com/us/RCAP.html
ReadyCapitalCorpNotes,RCB,https://quote.eastmoney.com/us/RCB.html
GuggenheimS&P500EqualWeight,RCD,https://quote.eastmoney.com/us/RCD.html
RennFundInc,RCG,https://quote.eastmoney.com/us/RCG.html
ROGERSCOMMUNICATIONS-CLB,RCI,https://quote.eastmoney.com/us/RCI.html
Rent-A-CenterInc,RCII,https://quote.eastmoney.com/us/RCII.html
"UnitedFinancialBancorp,Inc.",RCKB,https://quote.eastmoney.com/us/RCKB.html
RocketPharmaceuticalsInc,RCKT,https://quote.eastmoney.com/us/RCKT.html
RockyBrandsInc,RCKY,https://quote.eastmoney.com/us/RCKY.html
皇家加勒比海游轮,RCL,https://quote.eastmoney.com/us/RCL.html
R1RCMInc,RCM,https://quote.eastmoney.com/us/RCM.html
RCMTechnologiesInc,RCMT,https://quote.eastmoney.com/us/RCMT.html
ELKHORNETFTRUST,RCOM,https://quote.eastmoney.com/us/RCOM.html
研控科技,RCON,https://quote.eastmoney.com/us/RCON.html
ReadyCapitalCorpNotes,RCP,https://quote.eastmoney.com/us/RCP.html
"ROCKCREEKPHARMACEUTICALS,INC.",RCPI,https://quote.eastmoney.com/us/RCPI.html
RECEPTOS,RCPT,https://quote.eastmoney.com/us/RCPT.html
PimcoStrategicIncomeFundInc,RCS,https://quote.eastmoney.com/us/RCS.html
ArcusBiosciencesInc,RCUS,https://quote.eastmoney.com/us/RCUS.html
锐迪科,RDA,https://quote.eastmoney.com/us/RDA.html
ROWAN,RDC,https://quote.eastmoney.com/us/RDC.html
RadcomLtd,RDCM,https://quote.eastmoney.com/us/RDCM.html
伊丽莎白·雅顿,RDEN,https://quote.eastmoney.com/us/RDEN.html
红鳍公司,RDFN,https://quote.eastmoney.com/us/RDFN.html
RedHillBiopharmaLtdADR,RDHL,https://quote.eastmoney.com/us/RDHL.html
READINGINTERNATIONALINC-A,RDI,https://quote.eastmoney.com/us/RDI.html
ReadingInternationalInc-B,RDIB,https://quote.eastmoney.com/us/RDIB.html
RevenueSharesUltraDividendFu,RDIV,https://quote.eastmoney.com/us/RDIV.html
RADIANGROUPINC,RDN,https://quote.eastmoney.com/us/RDN.html
RadNetInc,RDNT,https://quote.eastmoney.com/us/RDNT.html
RoyalDutchShellPLC,A,https://quote.eastmoney.com/us/RDS/A.html
ROYALDUTCHSHELLPLCADSCLASSB,B,https://quote.eastmoney.com/us/RDS/B.html
壳牌A,RDS_A,https://quote.eastmoney.com/us/RDS_A.html
壳牌B,RDS_B,https://quote.eastmoney.com/us/RDS_B.html
RadiusHealthInc,RDUS,https://quote.eastmoney.com/us/RDUS.html
RedVioletInc,RDVT,https://quote.eastmoney.com/us/RDVT.html
FirstTrustNasdaqRisingDivid,RDVY,https://quote.eastmoney.com/us/RDVY.html
RadwareLtd,RDWR,https://quote.eastmoney.com/us/RDWR.html
DOCTORREDDY'SLAB-ADR,RDY,https://quote.eastmoney.com/us/RDY.html
安富来集团,RE,https://quote.eastmoney.com/us/RE.html
TheRealRealInc,REAL,https://quote.eastmoney.com/us/REAL.html
ResourcesConnectionInc,RECN,https://quote.eastmoney.com/us/RECN.html
ColumbiaResearchEnhancedCore,RECS,https://quote.eastmoney.com/us/RECS.html
REDIFFCOMINDIALIMITED-ADR,REDF,https://quote.eastmoney.com/us/REDF.html
瑞思学科英语,REDU,https://quote.eastmoney.com/us/REDU.html
OppenheimerEmergingMarketsUl,REDV,https://quote.eastmoney.com/us/REDV.html
INFRAREDXINC,REDX,https://quote.eastmoney.com/us/REDX.html
RAREELEMENTRES,REE,https://quote.eastmoney.com/us/REE.html
Reed’sInc,REED,https://quote.eastmoney.com/us/REED.html
Reed’sInc,REED_NASDAQ,https://quote.eastmoney.com/us/REED_NASDAQ.html
OppenheimerEmergingMarketsRe,REEM,https://quote.eastmoney.com/us/REEM.html
iSharesGlobalReitETF,REET,https://quote.eastmoney.com/us/REET.html
OppenheimerInternationalReven,REFA,https://quote.eastmoney.com/us/REFA.html
ResearchFrontiersInc,REFR,https://quote.eastmoney.com/us/REFR.html
REGENCYCENTERS,REG,https://quote.eastmoney.com/us/REG.html
RegencyCentersCorporation,REG_F,https://quote.eastmoney.com/us/REG_F.html
RegencyCentersCorporation,REG_G,https://quote.eastmoney.com/us/REG_G.html
RegencyCentersCorpSeries7P,REG_G_CL,https://quote.eastmoney.com/us/REG_G_CL.html
RegencyCentersCorp,REG_NYSE,https://quote.eastmoney.com/us/REG_NYSE.html
RenewableEnergyGroupInc,REGI,https://quote.eastmoney.com/us/REGI.html
ProSharesS&PMidcap400Divide,REGL,https://quote.eastmoney.com/us/REGL.html
再生元制药,REGN,https://quote.eastmoney.com/us/REGN.html
RingEnergyInc,REI,https://quote.eastmoney.com/us/REI.html
ReisInc,REIS,https://quote.eastmoney.com/us/REIS.html
ProSharesShortRealEstate,REK,https://quote.eastmoney.com/us/REK.html
RekorSystemsInc,REKR,https://quote.eastmoney.com/us/REKR.html
理查森电子,RELL,https://quote.eastmoney.com/us/RELL.html
Reliv'InternationalInc,RELV,https://quote.eastmoney.com/us/RELV.html
RELX,RELX,https://quote.eastmoney.com/us/RELX.html
RealIndustryInc,RELY,https://quote.eastmoney.com/us/RELY.html
iSharesMortgageRealEstateCa,REM,https://quote.eastmoney.com/us/REM.html
CreditSuisseX-LinksMonthlyP,REML,https://quote.eastmoney.com/us/REML.html
MarketVectorsRareEarth/Strat,REMX,https://quote.eastmoney.com/us/REMX.html
"REMYINTERNATIONAL,INC.",REMY,https://quote.eastmoney.com/us/REMY.html
RESOLUTEENERGYCORPORATION,REN,https://quote.eastmoney.com/us/REN.html
人人,RENN,https://quote.eastmoney.com/us/RENN.html
RENTRAKCORP,RENT,https://quote.eastmoney.com/us/RENT.html
RennovaHealth,RENVW,https://quote.eastmoney.com/us/RENVW.html
PickensMorningstarRenewableE,RENW,https://quote.eastmoney.com/us/RENW.html
RELXNVADR,RENX,https://quote.eastmoney.com/us/RENX.html
RecroPharmaInc,REPH,https://quote.eastmoney.com/us/REPH.html
ReplimuneGroupInc,REPL,https://quote.eastmoney.com/us/REPL.html
RileyExploration-PermianLLC,REPX,https://quote.eastmoney.com/us/REPX.html
RPC,RES,https://quote.eastmoney.com/us/RES.html
FrontYardResidentialCorp,RESI,https://quote.eastmoney.com/us/RESI.html
ResonantInc,RESN,https://quote.eastmoney.com/us/RESN.html
ReataPharmaceuticalsInc-A,RETA,https://quote.eastmoney.com/us/RETA.html
DirexionDailyRetailBull3xS,RETL,https://quote.eastmoney.com/us/RETL.html
瑞图生态,RETO,https://quote.eastmoney.com/us/RETO.html
REVLONINC-CLASSA,REV,https://quote.eastmoney.com/us/REV.html
REVGroupInc,REVG,https://quote.eastmoney.com/us/REVG.html
ColumbiaResearchEnhancedValu,REVS,https://quote.eastmoney.com/us/REVS.html
ProSharesUltrashortTechnology,REW,https://quote.eastmoney.com/us/REW.html
REXAMERICANRESOURCES,REX,https://quote.eastmoney.com/us/REX.html
RESOURCEAMERICAINC-CLA,REXI,https://quote.eastmoney.com/us/REXI.html
RexahnPharmaceuticalsInc,REXN,https://quote.eastmoney.com/us/REXN.html
RexfordIndustrialRealtyInc,REXR,https://quote.eastmoney.com/us/REXR.html
RexfordIndustrialRealtyInc,REXR_A,https://quote.eastmoney.com/us/REXR_A.html
RexfordIndustrialRealtyIncS,REXR_B,https://quote.eastmoney.com/us/REXR_B.html
RexEnergyCorp,REXX,https://quote.eastmoney.com/us/REXX.html
iSharesResidentialRealEstate,REZ,https://quote.eastmoney.com/us/REZ.html
ResideoTechnologiesInc,REZI,https://quote.eastmoney.com/us/REZI.html
地区金融,RF,https://quote.eastmoney.com/us/RF.html
RegionsFinancialCorporation,RF_A,https://quote.eastmoney.com/us/RF_A.html
RegionsFinancialCorporation,RF_B,https://quote.eastmoney.com/us/RF_B.html
RegionsFinancialCorpSeriesC,RF_C,https://quote.eastmoney.com/us/RF_C.html
FirstTrustRiverFrontDynamic,RFAP,https://quote.eastmoney.com/us/RFAP.html
RiverFrontDynamicCoreIncome,RFCI,https://quote.eastmoney.com/us/RFCI.html
RiverFrontDynamicUSDividend,RFDA,https://quote.eastmoney.com/us/RFDA.html
FirstTrustRiverFrontDynamic,RFDI,https://quote.eastmoney.com/us/RFDI.html
FirstTrustRiverFrontDynamic,RFEM,https://quote.eastmoney.com/us/RFEM.html
FirstTrustRiverFrontDynamic,RFEU,https://quote.eastmoney.com/us/RFEU.html
RiverFrontDynamicUSFlex-Cap,RFFC,https://quote.eastmoney.com/us/RFFC.html
GuggenheimS&PMidcap400Pure,RFG,https://quote.eastmoney.com/us/RFG.html
CohenAndSteersTotalReturnR,RFI,https://quote.eastmoney.com/us/RFI.html
RFIndustriesLtd,RFIL,https://quote.eastmoney.com/us/RFIL.html
RafaelHoldingsInc-B,RFL,https://quote.eastmoney.com/us/RFL.html
RFMICRODEVICESINC,RFMD,https://quote.eastmoney.com/us/RFMD.html
RESOLUTEFORESTPRODUCTS,RFP,https://quote.eastmoney.com/us/RFP.html
RaitFinancialTrust,RFT,https://quote.eastmoney.com/us/RFT.html
RaitFinancialTrust7.125%Sr,RFTA,https://quote.eastmoney.com/us/RFTA.html
RiverFrontDynamicUnconstraine,RFUN,https://quote.eastmoney.com/us/RFUN.html
GuggenheimS&PMidcap400Pure,RFV,https://quote.eastmoney.com/us/RFV.html
RGA,RGA,https://quote.eastmoney.com/us/RGA.html
REGAL,RGC,https://quote.eastmoney.com/us/RGC.html
RGCResourcesInc,RGCO,https://quote.eastmoney.com/us/RGCO.html
RESPONSEGENETICSINC,RGDX,https://quote.eastmoney.com/us/RGDX.html
RESPONSEGENETICSINC,RGDXQ,https://quote.eastmoney.com/us/RGDXQ.html
RepligenCorp,RGEN,https://quote.eastmoney.com/us/RGEN.html
GuggenheimS&P500EqualWeight,RGI,https://quote.eastmoney.com/us/RGI.html
OppenheimerGlobalRevenueETF,RGLB,https://quote.eastmoney.com/us/RGLB.html
皇家黄金,RGLD,https://quote.eastmoney.com/us/RGLD.html
RegulusTherapeuticsInc,RGLS,https://quote.eastmoney.com/us/RGLS.html
REGENXBIOInc,RGNX,https://quote.eastmoney.com/us/RGNX.html
REGENCYENERGYPARTNERSLP,RGP,https://quote.eastmoney.com/us/RGP.html
STURMRUGER&COINC,RGR,https://quote.eastmoney.com/us/RGR.html
RBSRogersEnhancedAgriculture,RGRA,https://quote.eastmoney.com/us/RGRA.html
RBSRogersEnhancedCommodityE,RGRC,https://quote.eastmoney.com/us/RGRC.html
RBSRogersEnhancedEnergyExch,RGRE,https://quote.eastmoney.com/us/RGRE.html
RBSRogersEnhancedIndustrial,RGRI,https://quote.eastmoney.com/us/RGRI.html
RevenueSharesGlobalGrowthFun,RGRO,https://quote.eastmoney.com/us/RGRO.html
RBSRogersEnhancedPreciousMe,RGRP,https://quote.eastmoney.com/us/RGRP.html
REGISCORP,RGS,https://quote.eastmoney.com/us/RGS.html
RealGoodsSolarInc-A,RGSE,https://quote.eastmoney.com/us/RGSE.html
RoyceGlobalValueTrustInc,RGT,https://quote.eastmoney.com/us/RGT.html
RESTORATIONHARDWAREHOLDINGSINC,RH,https://quote.eastmoney.com/us/RH.html
RegionalHealthPropertiesInc,RHE,https://quote.eastmoney.com/us/RHE.html
RegionalHealthPropertiesInc,RHE_A,https://quote.eastmoney.com/us/RHE_A.html
罗氏,RHHBY,https://quote.eastmoney.com/us/RHHBY.html
ROBERTHALF,RHI,https://quote.eastmoney.com/us/RHI.html
RYMANHOSPITALITY,RHP,https://quote.eastmoney.com/us/RHP.html
GuggenheimS&P500EqualWeight,RHS,https://quote.eastmoney.com/us/RHS.html
红帽,RHT,https://quote.eastmoney.com/us/RHT.html
RiceBranTechnologies,RIBT,https://quote.eastmoney.com/us/RIBT.html
RiceBranTechnologiesWt,RIBTW,https://quote.eastmoney.com/us/RIBTW.html
RICHMONTMINESINC,RIC,https://quote.eastmoney.com/us/RIC.html
RiceEnergyInc,RICE,https://quote.eastmoney.com/us/RICE.html
RCIHospitalityHoldingsInc,RICK,https://quote.eastmoney.com/us/RICK.html
OppenheimerInternationalUltra,RIDV,https://quote.eastmoney.com/us/RIDV.html
RmrRealEstateIncomeFund,RIF,https://quote.eastmoney.com/us/RIF.html
RMRRealEstateIncomeFundRt,RIFR,https://quote.eastmoney.com/us/RIFR.html
RMRRealEstateIncomeFundRt,RIFRW,https://quote.eastmoney.com/us/RIFRW.html
TRANSOCEANLTD,RIG,https://quote.eastmoney.com/us/RIG.html
RigelPharmaceuticalsInc,RIGL,https://quote.eastmoney.com/us/RIGL.html
TRANSOCEANPARTNERSLLC,RIGP,https://quote.eastmoney.com/us/RIGP.html
RiverfrontStrategicIncomeFun,RIGS,https://quote.eastmoney.com/us/RIGS.html
B.RileyFinancialInc,RILY,https://quote.eastmoney.com/us/RILY.html
B.RileyFinancialIncNotes,RILYG,https://quote.eastmoney.com/us/RILYG.html
B.RileyFinancialIncNotes,RILYH,https://quote.eastmoney.com/us/RILYH.html
B.RileyFinancialIncNotes,RILYI,https://quote.eastmoney.com/us/RILYI.html
B.RileyFinancial,RILYL,https://quote.eastmoney.com/us/RILYL.html
B.RileyFinancialIncNotes,RILYO,https://quote.eastmoney.com/us/RILYO.html
B.RileyFinancialInc,RILYZ,https://quote.eastmoney.com/us/RILYZ.html
RIMAGECORP,RIMG,https://quote.eastmoney.com/us/RIMG.html
ProShares30YearTips/TsySpre,RINF,https://quote.eastmoney.com/us/RINF.html
iSharesMSCIGlobalGoldMiners,RING,https://quote.eastmoney.com/us/RING.html
iSharesMSCIGlobalGoldMiners,RING_NASDAQ,https://quote.eastmoney.com/us/RING_NASDAQ.html
力拓,RIO,https://quote.eastmoney.com/us/RIO.html
RIOALTOMININGLIMITED,RIOM,https://quote.eastmoney.com/us/RIOM.html
RiotBlockchainInc,RIOT,https://quote.eastmoney.com/us/RIOT.html
SitRisingRateETF,RISE,https://quote.eastmoney.com/us/RISE.html
LmpRealEstateIncomeFundInc,RIT,https://quote.eastmoney.com/us/RIT.html
瑞特科技,RITT,https://quote.eastmoney.com/us/RITT.html
RITTECHNOLOGIESLtd.WARRANTS,RITTW,https://quote.eastmoney.com/us/RITTW.html
"RiverNorthOpportunitiesFund,Inc.",RIV,https://quote.eastmoney.com/us/RIV.html
RiverviewFinancialCorp,RIVE,https://quote.eastmoney.com/us/RIVE.html
RIVERVALLEYBANCORP,RIVR,https://quote.eastmoney.com/us/RIVR.html
AbSvenskEkportkreditElements,RJA,https://quote.eastmoney.com/us/RJA.html
RaymondJamesFinancialInc6.9,RJD,https://quote.eastmoney.com/us/RJD.html
共和航空控股,RJET,https://quote.eastmoney.com/us/RJET.html
瑞杰金融,RJF,https://quote.eastmoney.com/us/RJF.html
AbSvenskEkportkreditElements,RJI,https://quote.eastmoney.com/us/RJI.html
AbSvenskEkportkreditElements,RJN,https://quote.eastmoney.com/us/RJN.html
AbSvenskEkportkreditElements,RJZ,https://quote.eastmoney.com/us/RJZ.html
ArcadiaBiosciencesInc,RKDA,https://quote.eastmoney.com/us/RKDA.html
ROCKTENN,RKT,https://quote.eastmoney.com/us/RKT.html
优科无线,RKUS,https://quote.eastmoney.com/us/RKUS.html
POLORALPHLAURENCORPORATION,RL,https://quote.eastmoney.com/us/RL.html
REALDINC,RLD,https://quote.eastmoney.com/us/RLD.html
RadiantLogisticsInc,RLGT,https://quote.eastmoney.com/us/RLGT.html
RadiantLogisticsInc,RLGT_A,https://quote.eastmoney.com/us/RLGT_A.html
RadiantLogisticsIncSeriesA,RLGT_A_CL,https://quote.eastmoney.com/us/RLGT_A_CL.html
RadiantLogisticsIncSeriesA,RLGT_A_CL_AMEX,https://quote.eastmoney.com/us/RLGT_A_CL_AMEX.html
RealogyHoldingsCorp,RLGY,https://quote.eastmoney.com/us/RLGY.html
REDLIONHOTELSCORP,RLH,https://quote.eastmoney.com/us/RLH.html
RedLionHotelsCapitalTrust9,RLH_A,https://quote.eastmoney.com/us/RLH_A.html
RedLionHotelsCorporation,RLH_A_CL,https://quote.eastmoney.com/us/RLH_A_CL.html
RLICORP,RLI,https://quote.eastmoney.com/us/RLI.html
RLJLODGINGTRUST,RLJ,https://quote.eastmoney.com/us/RLJ.html
RLJLodgingTrustSeriesAPfd,RLJ_A,https://quote.eastmoney.com/us/RLJ_A.html
RLJEntertainmentInc,RLJE,https://quote.eastmoney.com/us/RLJE.html
RealmTherapeuticsplcADR,RLM,https://quote.eastmoney.com/us/RLM.html
REACHLOCALINC,RLOC,https://quote.eastmoney.com/us/RLOC.html
RandLogisticsInc,RLOG,https://quote.eastmoney.com/us/RLOG.html
SPDRSSgAMulti-AssetRealRetu,RLY,https://quote.eastmoney.com/us/RLY.html
RELYPSAINC,RLYP,https://quote.eastmoney.com/us/RLYP.html
REGIONALMANAGEMENT,RM,https://quote.eastmoney.com/us/RM.html
RE/MAXHoldingsInc-A,RMAX,https://quote.eastmoney.com/us/RMAX.html
RichmondMutualBancorporationInc,RMBI,https://quote.eastmoney.com/us/RMBI.html
RumbleOnInc-B,RMBL,https://quote.eastmoney.com/us/RMBL.html
RambusInc,RMBS,https://quote.eastmoney.com/us/RMBS.html
洛矶山巧克力工厂,RMCF,https://quote.eastmoney.com/us/RMCF.html
瑞思迈,RMD,https://quote.eastmoney.com/us/RMD.html
RaMedicalSystemsInc,RMED,https://quote.eastmoney.com/us/RMED.html
RMGAcquisitionCorp-A,RMG,https://quote.eastmoney.com/us/RMG.html
RMGAcquisitionCorpUnitConsof1CLA+1/3Wts,RMG_U,https://quote.eastmoney.com/us/RMG_U.html
RMGAcquisitionCorpWt,RMG_WS,https://quote.eastmoney.com/us/RMG_WS.html
RMGNetworksHoldingCorp,RMGN,https://quote.eastmoney.com/us/RMGN.html
"RIVERBANCMULTIFAMILYINVESTORS,INC.",RMI,https://quote.eastmoney.com/us/RMI.html
RAINMAKERSYSTEMSINC,RMKR,https://quote.eastmoney.com/us/RMKR.html
RiverNorthManagedDurationMunicipalIncomeFund,RMM,https://quote.eastmoney.com/us/RMM.html
RiminiStreetInc,RMNI,https://quote.eastmoney.com/us/RMNI.html
"RiminiStreet,Inc.Units",RMNIU,https://quote.eastmoney.com/us/RMNIU.html
"RiminiStreet,Inc.Warrant",RMNIW,https://quote.eastmoney.com/us/RMNIW.html
RiceMidstreamPartnersLP,RMP,https://quote.eastmoney.com/us/RMP.html
RiverNorthMarketplaceLending,RMPL_,https://quote.eastmoney.com/us/RMPL_.html
TheRMRGroupInc-A,RMR,https://quote.eastmoney.com/us/RMR.html
TheRMRGroupInc,RMRAV,https://quote.eastmoney.com/us/RMRAV.html
RoyceMicro-CapTrustInc,RMT,https://quote.eastmoney.com/us/RMT.html
RockwellMedicalInc,RMTI,https://quote.eastmoney.com/us/RMTI.html
PROSENSAHOLDING,RNA,https://quote.eastmoney.com/us/RNA.html
RandolphBancorpInc,RNDB,https://quote.eastmoney.com/us/RNDB.html
DevelopedInternationalEquity,RNDM,https://quote.eastmoney.com/us/RNDM.html
USEquityDividendSelectETF,RNDV,https://quote.eastmoney.com/us/RNDV.html
ROUNDY'SPARENT,RNDY,https://quote.eastmoney.com/us/RNDY.html
EmergingMarketsEquitySelect,RNEM,https://quote.eastmoney.com/us/RNEM.html
RigNetInc,RNET,https://quote.eastmoney.com/us/RNET.html
RENTECHNITROGENPARTNERS,RNF,https://quote.eastmoney.com/us/RNF.html
RINGCENTRAL,RNG,https://quote.eastmoney.com/us/RNG.html
RangerEnergyServicesInc-A,RNGR,https://quote.eastmoney.com/us/RNGR.html
WIRELESSRONINTECHNOLOGIES,RNIN,https://quote.eastmoney.com/us/RNIN.html
LargeCapUSEquitySelectETF,RNLC,https://quote.eastmoney.com/us/RNLC.html
MidCapUSEquitySelectETF,RNMC,https://quote.eastmoney.com/us/RNMC.html
REXAHNPHARMACEUTICALSINC,RNN,https://quote.eastmoney.com/us/RNN.html
RHINORESOURCES,RNO,https://quote.eastmoney.com/us/RNO.html
Cohen&SteersReit&Preferred,RNP,https://quote.eastmoney.com/us/RNP.html
RENAISSANCERE,RNR,https://quote.eastmoney.com/us/RNR.html
RenaissancereHoldingsLtd.6.0,RNR_C,https://quote.eastmoney.com/us/RNR_C.html
RenaissancereHoldingsLtd5.37,RNR_E,https://quote.eastmoney.com/us/RNR_E.html
RenaissanceReHoldingsLtdSeri,RNR_F,https://quote.eastmoney.com/us/RNR_F.html
SmallCapUSEquitySelectETF,RNSC,https://quote.eastmoney.com/us/RNSC.html
RenasantCorp,RNST,https://quote.eastmoney.com/us/RNST.html
RennovaHealthInc,RNVA,https://quote.eastmoney.com/us/RNVA.html
"RennovaHealth,Inc.",RNVAW,https://quote.eastmoney.com/us/RNVAW.html
RennovaHealthIncWt,RNVAZ,https://quote.eastmoney.com/us/RNVAZ.html
RealNetworksInc,RNWK,https://quote.eastmoney.com/us/RNWK.html
ConstructionPartnersInc-A,ROAD,https://quote.eastmoney.com/us/ROAD.html
LatticeEmergingMarketsStrate,ROAM,https://quote.eastmoney.com/us/ROAM.html
RoanResourcesInc-A,ROAN,https://quote.eastmoney.com/us/ROAN.html
Robo-StoxGlobalRoboticsAndA,ROBO,https://quote.eastmoney.com/us/ROBO.html
FirstTrustNasdaqArtificialI,ROBT,https://quote.eastmoney.com/us/ROBT.html
ROCKWOOD,ROC,https://quote.eastmoney.com/us/ROC.html
GibraltarIndustriesInc,ROCK,https://quote.eastmoney.com/us/ROCK.html
ROCHESTERMEDICALCORP,ROCM,https://quote.eastmoney.com/us/ROCM.html
BarclaysReturnOnDisabilityI,RODI,https://quote.eastmoney.com/us/RODI.html
LatticeDevelopedMarkets(ex-U,RODM,https://quote.eastmoney.com/us/RODM.html
ROGERSCORPORATION,ROG,https://quote.eastmoney.com/us/ROG.html
LatticeGlobalSmallCapStrate,ROGS,https://quote.eastmoney.com/us/ROGS.html
RadioOneInc-A,ROIA,https://quote.eastmoney.com/us/ROIA.html
RadioOneInc-D,ROIAK,https://quote.eastmoney.com/us/ROIAK.html
RetailOpportunityInvestmentsCorp,ROIC,https://quote.eastmoney.com/us/ROIC.html
RETAILOPPORTUNITYINVESTMENTS,ROICU,https://quote.eastmoney.com/us/ROICU.html
RETAILOPPORTUNITYINVESTMENTS,ROICW,https://quote.eastmoney.com/us/ROICW.html
ROIACQUISITIONCORP,ROIQ,https://quote.eastmoney.com/us/ROIQ.html
ROIACQUISITION,ROIQU,https://quote.eastmoney.com/us/ROIQU.html
ROIACQUISITIONCorpIIWARRANTS,ROIQW,https://quote.eastmoney.com/us/ROIQW.html
罗克韦尔自动化,ROK,https://quote.eastmoney.com/us/ROK.html
"SorrentoTech,Inc.",ROKA,https://quote.eastmoney.com/us/ROKA.html
SPDRS&PKenshoFinalFrontiers,ROKT,https://quote.eastmoney.com/us/ROKT.html
RokuInc-A,ROKU,https://quote.eastmoney.com/us/ROKU.html
ROLLINS,ROL,https://quote.eastmoney.com/us/ROL.html
iPathLongExtendedRussell100,ROLA,https://quote.eastmoney.com/us/ROLA.html
RBCBearingsInc,ROLL,https://quote.eastmoney.com/us/ROLL.html
ProSharesUltraTechnology,ROM,https://quote.eastmoney.com/us/ROM.html
ROMAFINANCIALCORP,ROMA,https://quote.eastmoney.com/us/ROMA.html
IQUSRealEstateSmallCapETF,ROOF,https://quote.eastmoney.com/us/ROOF.html
ROPERINDUSTRIES,ROP,https://quote.eastmoney.com/us/ROP.html
LatticeRealEstateStrategyET,RORE,https://quote.eastmoney.com/us/RORE.html
SPDRSSgARiskAwareETFOfSSg,RORO,https://quote.eastmoney.com/us/RORO.html
RosehillResourcesInc-A,ROSE,https://quote.eastmoney.com/us/ROSE.html
RosehillResourcesIncUnitConsof1CLA+1Wt,ROSEU,https://quote.eastmoney.com/us/ROSEU.html
RosehillResourcesIncWt,ROSEW,https://quote.eastmoney.com/us/ROSEW.html
RosettaGenomicsLtd,ROSG,https://quote.eastmoney.com/us/ROSG.html
罗斯百货,ROST,https://quote.eastmoney.com/us/ROST.html
LatticeU.S.EquityStrategyET,ROUS,https://quote.eastmoney.com/us/ROUS.html
ROVI,ROVI,https://quote.eastmoney.com/us/ROVI.html
CASTLEBRANDSINC,ROX,https://quote.eastmoney.com/us/ROX.html
ROYALEENERGYINC,ROYL,https://quote.eastmoney.com/us/ROYL.html
PacificCoastOilTrust,ROYT,https://quote.eastmoney.com/us/ROYT.html
REALPAGEINC,RP,https://quote.eastmoney.com/us/RP.html
RetailPropertiesofAmericaInc-A,RPAI,https://quote.eastmoney.com/us/RPAI.html
RetailPropertiesOfAmericaIn,RPAI_A,https://quote.eastmoney.com/us/RPAI_A.html
RepayHoldingsCorp-A,RPAY,https://quote.eastmoney.com/us/RPAY.html
RepayHoldingsCorpWt,RPAYW,https://quote.eastmoney.com/us/RPAYW.html
Rapid7Inc,RPD,https://quote.eastmoney.com/us/RPD.html
GuggenheimS&P500PureGrowth,RPG,https://quote.eastmoney.com/us/RPG.html
ROBERTSREALTYINVSINC,RPI,https://quote.eastmoney.com/us/RPI.html
ReinhartIntermediateBondNext,RPIBC,https://quote.eastmoney.com/us/RPIBC.html
ReplayAcquisitionCorp,RPLA,https://quote.eastmoney.com/us/RPLA.html
ReplayAcquisitionCorpUnitConsof1Sh+0.5Wt,RPLA_U,https://quote.eastmoney.com/us/RPLA_U.html
ReplayAcquisitionCorpWt,RPLA_WS,https://quote.eastmoney.com/us/RPLA_WS.html
RPMINTERNATIONAL,RPM,https://quote.eastmoney.com/us/RPM.html
ReprosTherapeuticsInc,RPRX,https://quote.eastmoney.com/us/RPRX.html
REPROSTHERAPEUTICSInc,RPRXW,https://quote.eastmoney.com/us/RPRXW.html
REPROSTHERAPEUTICSIncSERIESB,RPRXZ,https://quote.eastmoney.com/us/RPRXZ.html
RAMCO-GERSHENSONPROPERTIESTRUST,RPT,https://quote.eastmoney.com/us/RPT.html
Ramco-GershensonPropertiesTru,RPT_D,https://quote.eastmoney.com/us/RPT_D.html
RAPTORPHARMACEUTICALCORP,RPTP,https://quote.eastmoney.com/us/RPTP.html
WisdomTreeCBOERussell2000Pu,RPUT,https://quote.eastmoney.com/us/RPUT.html
GuggenheimS&P500PureValueE,RPV,https://quote.eastmoney.com/us/RPV.html
ColumbiaLargeCapGrowthETF,RPX,https://quote.eastmoney.com/us/RPX.html
RPXCorp,RPXC,https://quote.eastmoney.com/us/RPXC.html
Cohen&SteersQualityIncomeR,RQI,https://quote.eastmoney.com/us/RQI.html
RedRiverBancsharesInc,RRBI,https://quote.eastmoney.com/us/RRBI.html
RANGE,RRC,https://quote.eastmoney.com/us/RRC.html
唐纳利父子,RRD,https://quote.eastmoney.com/us/RRD.html
R.R.Donnelley&SonsCompany,RRD_NYSE,https://quote.eastmoney.com/us/RRD_NYSE.html
WisdomTreeGlobalRealReturnF,RRF,https://quote.eastmoney.com/us/RRF.html
RedRobinGourmetBurgersInc,RRGB,https://quote.eastmoney.com/us/RRGB.html
RemoraRoyaltiesInc-A,RRI,https://quote.eastmoney.com/us/RRI.html
RRSATGLOBALCOMMUNICATIONS,RRM,https://quote.eastmoney.com/us/RRM.html
ROSEROCKMIDSTREAM,RRMS,https://quote.eastmoney.com/us/RRMS.html
RedRockResortsInc-A,RRR,https://quote.eastmoney.com/us/RRR.html
RRSATGLOBALCOMMUNICATIONS,RRST,https://quote.eastmoney.com/us/RRST.html
RoadrunnerTransportationSystemsInc,RRTS,https://quote.eastmoney.com/us/RRTS.html
RoadrunnerTransportationSyste,RRTSR,https://quote.eastmoney.com/us/RRTSR.html
RELIANCE,RS,https://quote.eastmoney.com/us/RS.html
RESAASServicesInc,RSAS,https://quote.eastmoney.com/us/RSAS.html
SPDRRussellSmallCapComplete,RSCO,https://quote.eastmoney.com/us/RSCO.html
"RouseProperties,Inc.",RSE,https://quote.eastmoney.com/us/RSE.html
RiverNorthMarketplaceLendingCorp,RSF,https://quote.eastmoney.com/us/RSF.html
共和服务,RSG,https://quote.eastmoney.com/us/RSG.html
RADIOSHACK,RSH,https://quote.eastmoney.com/us/RSH.html
ReShapeLifesciencesInc,RSLS,https://quote.eastmoney.com/us/RSLS.html
RESOURCECAPITALCORP,RSO,https://quote.eastmoney.com/us/RSO.html
ResourceCapitalCorp,RSO_A,https://quote.eastmoney.com/us/RSO_A.html
ResourceCapitalCorp,RSO_B,https://quote.eastmoney.com/us/RSO_B.html
ResourceCapitalCorp,RSO_C,https://quote.eastmoney.com/us/RSO_C.html
GuggenheimS&P500EqualWeight,RSP,https://quote.eastmoney.com/us/RSP.html
RSPPermianInc,RSPP,https://quote.eastmoney.com/us/RSPP.html
ROSETTASTONEINC,RST,https://quote.eastmoney.com/us/RST.html
ROFIN-SINARTECHNOLOGIESINC,RSTI,https://quote.eastmoney.com/us/RSTI.html
MarketVectorsRussiaETF,RSX,https://quote.eastmoney.com/us/RSX.html
MarketVectorsRussiaSmall-Cap,RSXJ,https://quote.eastmoney.com/us/RSXJ.html
RadisysCorp,RSYS,https://quote.eastmoney.com/us/RSYS.html
RUBYTUESDAYINC,RT,https://quote.eastmoney.com/us/RT.html
RudolphTechnologiesInc,RTEC,https://quote.eastmoney.com/us/RTEC.html
"RUTHIGEN,INC.",RTGN,https://quote.eastmoney.com/us/RTGN.html
MarketVectorsRetailETF,RTH,https://quote.eastmoney.com/us/RTH.html
RTIINTERNATIONALMETALSINC,RTI,https://quote.eastmoney.com/us/RTI.html
RTISurgicalHoldingsInc,RTIX,https://quote.eastmoney.com/us/RTIX.html
RENTECHINC,RTK,https://quote.eastmoney.com/us/RTK.html
PacerBenchmarkRetailRealEst,RTL,https://quote.eastmoney.com/us/RTL.html
iPathLongExtendedRussell200,RTLA,https://quote.eastmoney.com/us/RTLA.html
RattlerMidstreamPartnersLP,RTLR,https://quote.eastmoney.com/us/RTLR.html
GuggenheimS&P500EqualWeight,RTM,https://quote.eastmoney.com/us/RTM.html
雷神,RTN,https://quote.eastmoney.com/us/RTN.html
root9BHoldingsInc,RTNB,https://quote.eastmoney.com/us/RTNB.html
RevenueSharesAdrFund,RTR,https://quote.eastmoney.com/us/RTR.html
RetrophinInc,RTRX,https://quote.eastmoney.com/us/RTRX.html
RitterPharmaceuticalsInc,RTTR,https://quote.eastmoney.com/us/RTTR.html
RTWRetailwindsInc,RTW,https://quote.eastmoney.com/us/RTW.html
TheRubiconProjectInc,RUBI,https://quote.eastmoney.com/us/RUBI.html
RubiusTherapeuticsInc,RUBY,https://quote.eastmoney.com/us/RUBY.html
RUE21,RUE,https://quote.eastmoney.com/us/RUE.html
如涵控股,RUHN,https://quote.eastmoney.com/us/RUHN.html
REEDELSEVIERPLC,RUK,https://quote.eastmoney.com/us/RUK.html
StrategySharesDrawbridgeDyna,RULE,https://quote.eastmoney.com/us/RULE.html
SunrunInc,RUN,https://quote.eastmoney.com/us/RUN.html
RushEnterprisesInc-A,RUSHA,https://quote.eastmoney.com/us/RUSHA.html
RushEnterprisesInc-B,RUSHB,https://quote.eastmoney.com/us/RUSHB.html
DirexionDailyRussiaBull3xS,RUSL,https://quote.eastmoney.com/us/RUSL.html
DirexionDailyRussiaBear3xS,RUSS,https://quote.eastmoney.com/us/RUSS.html
Ruth’sHospitalityGroupInc,RUTH,https://quote.eastmoney.com/us/RUTH.html
RIVERBEDTECHNOLOGY,RVBD,https://quote.eastmoney.com/us/RVBD.html
RevenHousingREITInc,RVEN,https://quote.eastmoney.com/us/RVEN.html
RetailValueInc,RVI,https://quote.eastmoney.com/us/RVI.html
RevolutionLightingTechnologiesInc,RVLT,https://quote.eastmoney.com/us/RVLT.html
RevolveGroupInc-A,RVLV,https://quote.eastmoney.com/us/RVLV.html
REVETTMININGCOMPANYInc,RVM,https://quote.eastmoney.com/us/RVM.html
RevanceTherapeuticsInc,RVNC,https://quote.eastmoney.com/us/RVNC.html
DeutscheX-TrackersMunicipalI,RVNU,https://quote.eastmoney.com/us/RVNU.html
RETRACTABLETECHNOLOGIESINC,RVP,https://quote.eastmoney.com/us/RVP.html
ReverseCapWeightedU.S.Large,RVRS,https://quote.eastmoney.com/us/RVRS.html
RiverviewBancorpInc,RVSB,https://quote.eastmoney.com/us/RVSB.html
RoyceValueTrustInc,RVT,https://quote.eastmoney.com/us/RVT.html
RELMWIRELESSCORP,RWC,https://quote.eastmoney.com/us/RWC.html
DirexionMSCICyclicalsOverDe,RWCD,https://quote.eastmoney.com/us/RWCD.html
DirexionMSCIDefensivesOverC,RWDC,https://quote.eastmoney.com/us/RWDC.html
DirexionMSCIDevelopedOverEm,RWDE,https://quote.eastmoney.com/us/RWDE.html
DirexionMSCIEmergingOverDev,RWED,https://quote.eastmoney.com/us/RWED.html
ColumbiaSelectLargeCapGrowt,RWG,https://quote.eastmoney.com/us/RWG.html
RegalwoodGlobalEnergyLtd-A,RWGE,https://quote.eastmoney.com/us/RWGE.html
RegalwoodGlobalEnergyLtdUnitConsof1CLA+,RWGE_U,https://quote.eastmoney.com/us/RWGE_U.html
RegalwoodGlobalEnergyLtdWt,RWGE_WS,https://quote.eastmoney.com/us/RWGE_WS.html
DirexionRussell1000GrowthOv,RWGV,https://quote.eastmoney.com/us/RWGV.html
DirexionFTSERussellInternati,RWIU,https://quote.eastmoney.com/us/RWIU.html
RevenueSharesSmallCapETF,RWJ,https://quote.eastmoney.com/us/RWJ.html
RevenueSharesMidCapETF,RWK,https://quote.eastmoney.com/us/RWK.html
RevenueSharesLargeCapETF,RWL,https://quote.eastmoney.com/us/RWL.html
ReWalkRoboticsLtd,RWLK,https://quote.eastmoney.com/us/RWLK.html
DirexionRussellLargeOverSma,RWLS,https://quote.eastmoney.com/us/RWLS.html
ProSharesShortRussell2000,RWM,https://quote.eastmoney.com/us/RWM.html
SPDRDowJonesGlobalRealEsta,RWO,https://quote.eastmoney.com/us/RWO.html
SPDRDowJonesReitETF,RWR,https://quote.eastmoney.com/us/RWR.html
DirexionRussellSmallOverLar,RWSL,https://quote.eastmoney.com/us/RWSL.html
REDWOODTRUSTINC,RWT,https://quote.eastmoney.com/us/RWT.html
DirexionFTSERussellUSOverI,RWUI,https://quote.eastmoney.com/us/RWUI.html
RevenueSharesNavellierOverall,RWV,https://quote.eastmoney.com/us/RWV.html
DirexionRussell1000ValueOve,RWVG,https://quote.eastmoney.com/us/RWVG.html
RevenueSharesFinancialsSector,RWW,https://quote.eastmoney.com/us/RWW.html
SPDRDowJonesInternationalRe,RWX,https://quote.eastmoney.com/us/RWX.html
EtracsMonthlyPay2xleveraged,RWXL,https://quote.eastmoney.com/us/RWXL.html
ProSharesUltrashortHealthCar,RXD,https://quote.eastmoney.com/us/RXD.html
IgnytaInc,RXDX,https://quote.eastmoney.com/us/RXDX.html
iSharesGlobalConsumerDiscret,RXI,https://quote.eastmoney.com/us/RXI.html
RXiPharmaceuticalsCorp,RXII,https://quote.eastmoney.com/us/RXII.html
RXiPharmaceuticalsCorpWt,RXIIW,https://quote.eastmoney.com/us/RXIIW.html
ProSharesUltraHealthCare,RXL,https://quote.eastmoney.com/us/RXL.html
REXNORD,RXN,https://quote.eastmoney.com/us/RXN.html
RexnordCorp.,RXN_A,https://quote.eastmoney.com/us/RXN_A.html
PacerBenchmarkHealthcareReal,RXRE,https://quote.eastmoney.com/us/RXRE.html
加拿大皇家银行,RY,https://quote.eastmoney.com/us/RY.html
加拿大皇家银行,RY_S,https://quote.eastmoney.com/us/RY_S.html
RoyalBankofCanadaSeriesC-1,RY_S_CL,https://quote.eastmoney.com/us/RY_S_CL.html
RoyalBankOfCanada,RY_T,https://quote.eastmoney.com/us/RY_T.html
瑞安航空(USADR),RYAAY,https://quote.eastmoney.com/us/RYAAY.html
RayonierAdvancedMaterialsInc,RYAM,https://quote.eastmoney.com/us/RYAM.html
RayonierAdvancedMaterialsInc,RYAM_A,https://quote.eastmoney.com/us/RYAM_A.html
红黄蓝,RYB,https://quote.eastmoney.com/us/RYB.html
GuggenheimS&P500EqualWeight,RYE,https://quote.eastmoney.com/us/RYE.html
GuggenheimS&P500EqualWeight,RYF,https://quote.eastmoney.com/us/RYF.html
GuggenheimS&P500EqualWeight,RYH,https://quote.eastmoney.com/us/RYH.html
RyersonHoldingCorp,RYI,https://quote.eastmoney.com/us/RYI.html
Guggenheim/RaymondJamesSb-1E,RYJ,https://quote.eastmoney.com/us/RYJ.html
RYLANDGROUPINC,RYL,https://quote.eastmoney.com/us/RYL.html
GlobalXRussell2000CoveredC,RYLD,https://quote.eastmoney.com/us/RYLD.html
瑞安,RYN,https://quote.eastmoney.com/us/RYN.html
GuggenheimS&P500EqualWeight,RYT,https://quote.eastmoney.com/us/RYT.html
RhythmPharmaceuticalsInc,RYTM,https://quote.eastmoney.com/us/RYTM.html
GuggenheimS&P500EqualWeight,RYU,https://quote.eastmoney.com/us/RYU.html
RYZZManagedFuturesStrategyP,RYZZ,https://quote.eastmoney.com/us/RYZZ.html
ReinsuranceGroupOfAmericaIn,RZA,https://quote.eastmoney.com/us/RZA.html
ReinsuranceGroupofAmerica,RZB,https://quote.eastmoney.com/us/RZB.html
GuggenheimS&PSmallcap600Pur,RZG,https://quote.eastmoney.com/us/RZG.html
GuggenheimS&PSmallcap600Pur,RZV,https://quote.eastmoney.com/us/RZV.html
斯普林特耐克斯,S,https://quote.eastmoney.com/us/S.html
SEABRIDGEGOLDINC,SA,https://quote.eastmoney.com/us/SA.html
ProSharesUltaSmallcap600,SAA,https://quote.eastmoney.com/us/SAA.html
INCONTACTINC,SAAS,https://quote.eastmoney.com/us/SAAS.html
SaratogaInvestmentCorp,SAB,https://quote.eastmoney.com/us/SAB.html
SABASOFTWAREINC,SABA,https://quote.eastmoney.com/us/SABA.html
SabreCorp,SABR,https://quote.eastmoney.com/us/SABR.html
SachemCapitalCorp,SACH,https://quote.eastmoney.com/us/SACH.html
SAExplorationHoldingsInc,SAEX,https://quote.eastmoney.com/us/SAEX.html
SaratogaInvestmentCorpNotes,SAF,https://quote.eastmoney.com/us/SAF.html
SafeholdInc,SAFE,https://quote.eastmoney.com/us/SAFE.html
桑德森农场,SAFM,https://quote.eastmoney.com/us/SAFM.html
SafetyInsuranceGroupInc,SAFT,https://quote.eastmoney.com/us/SAFT.html
SageTherapeuticsInc,SAGE,https://quote.eastmoney.com/us/SAGE.html
DirexionDailyTotalBondMarke,SAGG,https://quote.eastmoney.com/us/SAGG.html
SONICAUTOMOTIVEINC-CLASSA,SAH,https://quote.eastmoney.com/us/SAH.html
科学应用,SAI,https://quote.eastmoney.com/us/SAI.html
SaiaInc,SAIA,https://quote.eastmoney.com/us/SAIA.html
ScienceApplicationsInternationalCorp,SAIC,https://quote.eastmoney.com/us/SAIC.html
SailPointTechnologiesHoldingsInc,SAIL,https://quote.eastmoney.com/us/SAIL.html
SajanInc,SAJA,https://quote.eastmoney.com/us/SAJA.html
SALISBURYBANCORPINC,SAL,https://quote.eastmoney.com/us/SAL.html
RetailMeNotInc,SALE,https://quote.eastmoney.com/us/SALE.html
SalemMediaGroupInc-A,SALM,https://quote.eastmoney.com/us/SALM.html
ScorpioBulkersInc,SALT,https://quote.eastmoney.com/us/SALT.html
BOSTONBEERCOMPANYINC-CLA,SAM,https://quote.eastmoney.com/us/SAM.html
SchultzeSpecialPurposeAcquisitionCorp,SAMA,https://quote.eastmoney.com/us/SAMA.html
SchultzeSpecialPurposeAcquisitionCorpUniteac,SAMAU,https://quote.eastmoney.com/us/SAMAU.html
SchultzeSpecialPurposeAcquisitionCorpWt,SAMAW,https://quote.eastmoney.com/us/SAMAW.html
SilvercrestAssetManagementGroupInc-A,SAMG,https://quote.eastmoney.com/us/SAMG.html
BANCOSANTANDERSA-SPONADR,SAN,https://quote.eastmoney.com/us/SAN.html
SantanderFinancePreferredS.A,SAN_A,https://quote.eastmoney.com/us/SAN_A.html
SantanderFinancePreferredS.A,SAN_B,https://quote.eastmoney.com/us/SAN_B.html
SantanderFinancePreferredS.A,SAN_C,https://quote.eastmoney.com/us/SAN_C.html
SantanderFinancePreferredS.A,SAN_I,https://quote.eastmoney.com/us/SAN_I.html
SandstormGoldLtd,SAND,https://quote.eastmoney.com/us/SAND.html
新美亚,SANM,https://quote.eastmoney.com/us/SANM.html
S&WSeedCo,SANW,https://quote.eastmoney.com/us/SANW.html
S&WSEEDCOMPANY,SANWW,https://quote.eastmoney.com/us/SANWW.html
S&WSEEDCOMPANY,SANWZ,https://quote.eastmoney.com/us/SANWZ.html
SAP,SAP,https://quote.eastmoney.com/us/SAP.html
SAPIENTCORPORATION,SAPE,https://quote.eastmoney.com/us/SAPE.html
SEVENARTSPICTURESPLC,SAPX,https://quote.eastmoney.com/us/SAPX.html
SaratogaInvestmentCorp,SAQ,https://quote.eastmoney.com/us/SAQ.html
SARATOGAINVESTMENTCORP,SAR,https://quote.eastmoney.com/us/SAR.html
SARATOGARESOURCESINC,SARA,https://quote.eastmoney.com/us/SARA.html
SandySpringBancorpInc,SASR,https://quote.eastmoney.com/us/SASR.html
回声星通信,SATS,https://quote.eastmoney.com/us/SATS.html
回声星通信,SATSV,https://quote.eastmoney.com/us/SATSV.html
DiversifiedRestaurantHoldingsInc,SAUC,https://quote.eastmoney.com/us/SAUC.html
疼痛治疗,SAVA,https://quote.eastmoney.com/us/SAVA.html
SpiritAirlinesInc,SAVE,https://quote.eastmoney.com/us/SAVE.html
SAFEBULKERSINC,SB,https://quote.eastmoney.com/us/SB.html
SafeBulkersInc,SB_B,https://quote.eastmoney.com/us/SB_B.html
SafeBulkersInc,SB_C,https://quote.eastmoney.com/us/SB_C.html
SafeBulkersInc,SB_D,https://quote.eastmoney.com/us/SB_D.html
SBACommunicationsCorp-A,SBAC,https://quote.eastmoney.com/us/SBAC.html
ProSharesShortSmallcap600,SBB,https://quote.eastmoney.com/us/SBB.html
ScorpioTankersInc,SBBC,https://quote.eastmoney.com/us/SBBC.html
StrongbridgeBiopharmaplc,SBBP,https://quote.eastmoney.com/us/SBBP.html
萨塞克斯银行,SBBX,https://quote.eastmoney.com/us/SBBX.html
SeacoastBankingCorpofFlorida,SBCF,https://quote.eastmoney.com/us/SBCF.html
SunshineBancorpInc,SBCP,https://quote.eastmoney.com/us/SBCP.html
SwitchbackEnergyAcquisitionCorp-A,SBE,https://quote.eastmoney.com/us/SBE.html
SwitchbackEnergyAcquisitionCorpUnitConsof1,SBE_U,https://quote.eastmoney.com/us/SBE_U.html
SwitchbackEnergyAcquisitionCorpWt,SBE_WS,https://quote.eastmoney.com/us/SBE_WS.html
EtfsDiversified-FactorDevelop,SBEU,https://quote.eastmoney.com/us/SBEU.html
SBFinancialGroupInc,SBFG,https://quote.eastmoney.com/us/SBFG.html
SbFinancialGroupInc,SBFGP,https://quote.eastmoney.com/us/SBFGP.html
SinclairBroadcastGroupInc-A,SBGI,https://quote.eastmoney.com/us/SBGI.html
SibanyeGoldLtdADR,SBGL,https://quote.eastmoney.com/us/SBGL.html
SibanyeGoldLimited,SBGLR,https://quote.eastmoney.com/us/SBGLR.html
SibanyeGoldLimited,SBGLRW,https://quote.eastmoney.com/us/SBGLRW.html
莎莉美容,SBH,https://quote.eastmoney.com/us/SBH.html
WesternAssetIntermediateMuni,SBI,https://quote.eastmoney.com/us/SBI.html
AlpsMedicalBreakthroughsETF,SBIO,https://quote.eastmoney.com/us/SBIO.html
StarBulkCarriersCorp,SBLK,https://quote.eastmoney.com/us/SBLK.html
StarBulkCarriersCorp8.00%S,SBLKL,https://quote.eastmoney.com/us/SBLKL.html
StarBulkCarriersCorpNotes,SBLKZ,https://quote.eastmoney.com/us/SBLKZ.html
ProSharesShortBasicMaterials,SBM,https://quote.eastmoney.com/us/SBM.html
ScorpioTankersInc,SBNA,https://quote.eastmoney.com/us/SBNA.html
ScorpioTankersInc,SBNB,https://quote.eastmoney.com/us/SBNB.html
DB3xShort25+YearTreasuryB,SBND,https://quote.eastmoney.com/us/SBND.html
SignatureBank,SBNY,https://quote.eastmoney.com/us/SBNY.html
SignatureBankWt,SBNYW,https://quote.eastmoney.com/us/SBNYW.html
StellarBiotechnologiesInc,SBOT,https://quote.eastmoney.com/us/SBOT.html
SilverBowResourcesInc,SBOW,https://quote.eastmoney.com/us/SBOW.html
SilverBowResorces,SBOW_NYSE,https://quote.eastmoney.com/us/SBOW_NYSE.html
SpringBankPharmaceuticalsInc,SBPH,https://quote.eastmoney.com/us/SBPH.html
SABINEROYALTYTRUST,SBR,https://quote.eastmoney.com/us/SBR.html
SabraHealthCareREITInc,SBRA,https://quote.eastmoney.com/us/SBRA.html
SabraHealthcareReitInc7.125,SBRAP,https://quote.eastmoney.com/us/SBRAP.html
CIASANEAMENTOBASICODE-ADR,SBS,https://quote.eastmoney.com/us/SBS.html
西班牙广播系统,SBSA,https://quote.eastmoney.com/us/SBSA.html
SouthsideBancsharesInc,SBSI,https://quote.eastmoney.com/us/SBSI.html
SterlingBancorpInc,SBT,https://quote.eastmoney.com/us/SBT.html
EtfsDiversified-FactorU.S.La,SBUS,https://quote.eastmoney.com/us/SBUS.html
星巴克,SBUX,https://quote.eastmoney.com/us/SBUX.html
iPathPureBetaS&PGscir-Weigh,SBV,https://quote.eastmoney.com/us/SBV.html
WesternAssetWorldwideIncome,SBW,https://quote.eastmoney.com/us/SBW.html
SILVERBAYREALTYTRUSTCORP,SBY,https://quote.eastmoney.com/us/SBY.html
SANTANDERCONSUMERUSAHOLDINGSINC.,SC,https://quote.eastmoney.com/us/SC.html
StellusCapitalInvestmentCorp,SCA,https://quote.eastmoney.com/us/SCA.html
SabanCapitalAcquisitionCorp-A,SCAC,https://quote.eastmoney.com/us/SCAC.html
SabanCapitalAcquisitionCorpUnitConsof1CLA,SCACU,https://quote.eastmoney.com/us/SCACU.html
SabanCapitalAcquisitionCorpWt,SCACW,https://quote.eastmoney.com/us/SCACW.html
SURGICALCAREAFFILIATESInc,SCAI,https://quote.eastmoney.com/us/SCAI.html
AdvisorSharesCornerstoneSmall,SCAP,https://quote.eastmoney.com/us/SCAP.html
SCBTFINANCIALCORP,SCBT,https://quote.eastmoney.com/us/SCBT.html
ProSharesUltrashortConsumerS,SCC,https://quote.eastmoney.com/us/SCC.html
SachemCapitalCorpNotes,SCCB,https://quote.eastmoney.com/us/SCCB.html
ShimmickConstructionCoInc,SCCI,https://quote.eastmoney.com/us/SCCI.html
南方铜业,SCCO,https://quote.eastmoney.com/us/SCCO.html
LmpCapitalAndIncomeFundInc,SCD,https://quote.eastmoney.com/us/SCD.html
SouthernCaliforniaEdisonCo,SCE_B,https://quote.eastmoney.com/us/SCE_B.html
SouthernCaliforniaEdisonCo,SCE_C,https://quote.eastmoney.com/us/SCE_C.html
SouthernCaliforniaEdisonCo,SCE_D,https://quote.eastmoney.com/us/SCE_D.html
SouthernCaliforniaEdisonCo,SCE_E,https://quote.eastmoney.com/us/SCE_E.html
SouthernCaliforniaEdisonComp,SCE_F,https://quote.eastmoney.com/us/SCE_F.html
SCETrustIPfd,SCE_F_CL,https://quote.eastmoney.com/us/SCE_F_CL.html
SouthernCaliforniaEdisonComp,SCE_G,https://quote.eastmoney.com/us/SCE_G.html
SouthernCaliforniaEdisonComp,SCE_H,https://quote.eastmoney.com/us/SCE_H.html
SouthernCaliforniaEdisonComp,SCE_J,https://quote.eastmoney.com/us/SCE_J.html
SouthernCaliforniaEdisonComp,SCE_K,https://quote.eastmoney.com/us/SCE_K.html
SouthernCaliforniaEdisonCoS,SCE_L,https://quote.eastmoney.com/us/SCE_L.html
SouthernCaliforniaEdisonCoS,SCE_L_NYSE,https://quote.eastmoney.com/us/SCE_L_NYSE.html
索昂生物,SCEI,https://quote.eastmoney.com/us/SCEI.html
SouthernCaliforniaEdisonCo,SCEPB,https://quote.eastmoney.com/us/SCEPB.html
SouthernCaliforniaEdisonCo,SCEPC,https://quote.eastmoney.com/us/SCEPC.html
SouthernCaliforniaEdisonCo,SCEPD,https://quote.eastmoney.com/us/SCEPD.html
SouthernCaliforniaEdisonCo,SCEPE,https://quote.eastmoney.com/us/SCEPE.html
SCANA,SCG,https://quote.eastmoney.com/us/SCG.html
SCGFINANCIALACQUISTIONCORP,SCGQ,https://quote.eastmoney.com/us/SCGQ.html
SCHealthCorp-A,SCH,https://quote.eastmoney.com/us/SCH.html
SCHealthCorpUnitConsof1Sh+1/2Wts,SCH_U,https://quote.eastmoney.com/us/SCH_U.html
SCHealthCorpWt,SCH_WS,https://quote.eastmoney.com/us/SCH_WS.html
SchwabU.SSmall-CapETF,SCHA,https://quote.eastmoney.com/us/SCHA.html
SchwabU.S.BroadMarketETF,SCHB,https://quote.eastmoney.com/us/SCHB.html
SchwabInternationalSmall-Cap,SCHC,https://quote.eastmoney.com/us/SCHC.html
SchwabUSDividendEquityETF,SCHD,https://quote.eastmoney.com/us/SCHD.html
SchwabEmergingMarketsEquity,SCHE,https://quote.eastmoney.com/us/SCHE.html
SchwabInternationalEquityETF,SCHF,https://quote.eastmoney.com/us/SCHF.html
SchwabU.S.Large-CapGrowthET,SCHG,https://quote.eastmoney.com/us/SCHG.html
SchwabU.S.ReitETF,SCHH,https://quote.eastmoney.com/us/SCHH.html
Schwab1000IndexETF,SCHK,https://quote.eastmoney.com/us/SCHK.html
美国学乐教育,SCHL,https://quote.eastmoney.com/us/SCHL.html
SchwabU.S.Mid-CapETF,SCHM,https://quote.eastmoney.com/us/SCHM.html
史尼泽钢铁,SCHN,https://quote.eastmoney.com/us/SCHN.html
SchwabShort-TermU.S.Treasury,SCHO,https://quote.eastmoney.com/us/SCHO.html
SchwabU.S.TipsETF,SCHP,https://quote.eastmoney.com/us/SCHP.html
SchwabIntermediately-TermU.S.,SCHR,https://quote.eastmoney.com/us/SCHR.html
SchwabU.S.Large-CapValueETF,SCHV,https://quote.eastmoney.com/us/SCHV.html
嘉信理财,SCHW,https://quote.eastmoney.com/us/SCHW.html
TheCharlesSchwabCorporation,SCHW_B,https://quote.eastmoney.com/us/SCHW_B.html
TheCharlesSchwabCorporation,SCHW_C,https://quote.eastmoney.com/us/SCHW_C.html
TheCharlesSchwabCorporation,SCHW_D,https://quote.eastmoney.com/us/SCHW_D.html
SchwabU.S.Large-CapETF,SCHX,https://quote.eastmoney.com/us/SCHX.html
SchwabUSAggregateBondETF,SCHZ,https://quote.eastmoney.com/us/SCHZ.html
SCI,SCI,https://quote.eastmoney.com/us/SCI.html
GlobalXScientificBetaEurope,SCID,https://quote.eastmoney.com/us/SCID.html
MarketVectorsIndiaSmall-Cap,SCIF,https://quote.eastmoney.com/us/SCIF.html
GlobalXScientificBetaJapan,SCIJ,https://quote.eastmoney.com/us/SCIJ.html
ScientificLearningCorp,SCIL,https://quote.eastmoney.com/us/SCIL.html
GlobalXScientificBetaEmergi,SCIM,https://quote.eastmoney.com/us/SCIM.html
EGSharesIndiaSmallCapETF,SCIN,https://quote.eastmoney.com/us/SCIN.html
GlobalXScientificBetaUSETF,SCIU,https://quote.eastmoney.com/us/SCIU.html
GlobalXScientificBetaAsiae,SCIX,https://quote.eastmoney.com/us/SCIX.html
iSharesMSCIJapanSmall-CapET,SCJ,https://quote.eastmoney.com/us/SCJ.html
SocketMobileInc,SCKT,https://quote.eastmoney.com/us/SCKT.html
STEPANCO,SCL,https://quote.eastmoney.com/us/SCL.html
赛生制药,SCLN,https://quote.eastmoney.com/us/SCLN.html
STELLUSCAPITALINVESTMENTCORP,SCM,https://quote.eastmoney.com/us/SCM.html
SOUTHERNCOMMUNITYFINANCIALCORPORATIO,SCMFO,https://quote.eastmoney.com/us/SCMFO.html
SucampoPharmaceuticalsInc-A,SCMP,https://quote.eastmoney.com/us/SCMP.html
SYCAMORENETWORKSINC,SCMR,https://quote.eastmoney.com/us/SCMR.html
SUFFOLKBANCORP,SCNB,https://quote.eastmoney.com/us/SCNB.html
