name_cn,name_en,url
GogoInc,GOGO,https://quote.eastmoney.com/us/GOGO.html
GOLLINHASAEREASINTEL-ADR,GOL,https://quote.eastmoney.com/us/GOL.html
兰德黄金ADR,GOLD,https://quote.eastmoney.com/us/GOLD.html
AcushnetHoldingsCorp,GOLF,https://quote.eastmoney.com/us/GOLF.html
GMACLLC7.375%NOTES(DUE12/16/2044),GOM,https://quote.eastmoney.com/us/GOM.html
久邦数码,GOMO,https://quote.eastmoney.com/us/GOMO.html
GladstoneCommercialCorp,GOOD,https://quote.eastmoney.com/us/GOOD.html
GladstoneCommercialCorporatio,GOODM,https://quote.eastmoney.com/us/GOODM.html
GladstoneCommercialCorporatio,GOODN,https://quote.eastmoney.com/us/GOODN.html
GLADSTONECOMMERCIALCORPORATION,GOODO,https://quote.eastmoney.com/us/GOODO.html
GLADSTONECOMMERCIALCORPORATION,GOODP,https://quote.eastmoney.com/us/GOODP.html
谷歌-CLC,GOOG,https://quote.eastmoney.com/us/GOOG.html
谷歌-A,GOOGL,https://quote.eastmoney.com/us/GOOGL.html
CanadaGooseHoldingsInc,GOOS,https://quote.eastmoney.com/us/GOOS.html
GoldResourceCorp,GORO,https://quote.eastmoney.com/us/GORO.html
GossamerBioInc,GOSS,https://quote.eastmoney.com/us/GOSS.html
GOVERNMENTPROPERTIESINCOMETRUST,GOV,https://quote.eastmoney.com/us/GOV.html
GovernmentPropertiesIncomeTr,GOVN,https://quote.eastmoney.com/us/GOVN.html
GovernmentPropertiesIncomeTr,GOVNI,https://quote.eastmoney.com/us/GOVNI.html
iSharesCoreU.S.TreasuryBond,GOVT,https://quote.eastmoney.com/us/GOVT.html
GlobalPartnerAcquisitionCorp,GPAC,https://quote.eastmoney.com/us/GPAC.html
GlobalPartnerAcquisitionCorpUnitConsof1Sh,GPACU,https://quote.eastmoney.com/us/GPACU.html
GlobalPartnerAcquisitionCorpWt,GPACW,https://quote.eastmoney.com/us/GPACW.html
GordonPointeAcquisitionCorp-A,GPAQ,https://quote.eastmoney.com/us/GPAQ.html
GordonPointeAcquisitionCorpUnitConsof1CLA,GPAQU,https://quote.eastmoney.com/us/GPAQU.html
GordonPointeAcquisitionCorpWt,GPAQW,https://quote.eastmoney.com/us/GPAQW.html
纯牌零件,GPC,https://quote.eastmoney.com/us/GPC.html
GROUP1AUTOMOTIVEINC,GPI,https://quote.eastmoney.com/us/GPI.html
GPInvestmentsAcquisitionCorp,GPIA,https://quote.eastmoney.com/us/GPIA.html
GPInvestmentsAcquisitionCorpUnitConsof1Sh,GPIAU,https://quote.eastmoney.com/us/GPIAU.html
GPInvestmentsAcquisitionCorpWt,GPIAW,https://quote.eastmoney.com/us/GPIAW.html
GamingPartnersInternationalCorp,GPIC,https://quote.eastmoney.com/us/GPIC.html
GeorgiaPowerCoNotes,GPJA,https://quote.eastmoney.com/us/GPJA.html
GRAPHICPACKAGINGHOLDINGCO,GPK,https://quote.eastmoney.com/us/GPK.html
GREATPANTHERSILVER,GPL,https://quote.eastmoney.com/us/GPL.html
GuggenheimEnhancedEquityInco,GPM,https://quote.eastmoney.com/us/GPM.html
格拉尼特角抵押信托,GPMT,https://quote.eastmoney.com/us/GPMT.html
GLOBALPAYMENTS,GPN,https://quote.eastmoney.com/us/GPN.html
格尔夫波特能源,GPOR,https://quote.eastmoney.com/us/GPOR.html
GreenPlainsPartnersLP,GPP,https://quote.eastmoney.com/us/GPP.html
GEOPETRORESOURCESCO,GPR,https://quote.eastmoney.com/us/GPR.html
冠威塑料,GPRC,https://quote.eastmoney.com/us/GPRC.html
绿色平原能源,GPRE,https://quote.eastmoney.com/us/GPRE.html
GeoParkLtd,GPRK,https://quote.eastmoney.com/us/GPRK.html
GoProInc-A,GPRO,https://quote.eastmoney.com/us/GPRO.html
盖普,GPS,https://quote.eastmoney.com/us/GPS.html
GRAMERCYPROPERTYTRUSTInc,GPT,https://quote.eastmoney.com/us/GPT.html
GPSTRATEGIESCORP,GPX,https://quote.eastmoney.com/us/GPX.html
FlexSharesGlobalQualityReal,GQRE,https://quote.eastmoney.com/us/GQRE.html
GRACE,GRA,https://quote.eastmoney.com/us/GRA.html
GrafIndustrialCorp,GRAF,https://quote.eastmoney.com/us/GRAF.html
GranayMonteroSAAADR,GRAM,https://quote.eastmoney.com/us/GRAM.html
GabelliRBINextShares,GRBIC,https://quote.eastmoney.com/us/GRBIC.html
GreenBrickPartnersInc,GRBK,https://quote.eastmoney.com/us/GRBK.html
GORMAN-RUPPCO,GRC,https://quote.eastmoney.com/us/GRC.html
GlobalXFTSEGreece20ETF,GREK,https://quote.eastmoney.com/us/GREK.html
IQArbGlobalResources,GRES,https://quote.eastmoney.com/us/GRES.html
EagleCapitalGrowthFundInc,GRF,https://quote.eastmoney.com/us/GRF.html
GrifolsSAADR,GRFS,https://quote.eastmoney.com/us/GRFS.html
GREENHUNTERRESOURCES,GRH,https://quote.eastmoney.com/us/GRH.html
Cohen&SteersGlobalRealtyMa,GRI,https://quote.eastmoney.com/us/GRI.html
FirstTrustNasdaqCleanEdgeS,GRID,https://quote.eastmoney.com/us/GRID.html
GriffinIndustrialRealtyInc,GRIF,https://quote.eastmoney.com/us/GRIF.html
GrindrodShippingHoldingsLtd,GRIN,https://quote.eastmoney.com/us/GRIN.html
佳明,GRMN,https://quote.eastmoney.com/us/GRMN.html
XtrackersGermanyEquityETF,GRMY,https://quote.eastmoney.com/us/GRMY.html
iPathGlobalCarbonETN,GRN,https://quote.eastmoney.com/us/GRN.html
GREENBANKCAPINC,GRNB,https://quote.eastmoney.com/us/GRNB.html
绿专资本,GRNQ,https://quote.eastmoney.com/us/GRNQ.html
华奥物种,GRO,https://quote.eastmoney.com/us/GRO.html
美国全球投资者,GROW,https://quote.eastmoney.com/us/GROW.html
GRANITEREALESTATEINVESTMENTTRUST,U,https://quote.eastmoney.com/us/GRP/U.html
GrouponInc-A,GRPN,https://quote.eastmoney.com/us/GRPN.html
AsiaTigersFundInc,GRR,https://quote.eastmoney.com/us/GRR.html
GoresHoldingsIIIInc-A,GRSH,https://quote.eastmoney.com/us/GRSH.html
"GORESHOLDINGS,INC.",GRSHU,https://quote.eastmoney.com/us/GRSHU.html
"GORESHOLDINGS,INC.",GRSHW,https://quote.eastmoney.com/us/GRSHW.html
GLIMCHERREALTYTRUST,GRT,https://quote.eastmoney.com/us/GRT.html
GritstoneOncologyInc,GRTS,https://quote.eastmoney.com/us/GRTS.html
AbSvenskEkportkredit(Swedish,GRU,https://quote.eastmoney.com/us/GRU.html
GrubhubInc,GRUB,https://quote.eastmoney.com/us/GRUB.html
GravityCoLtdADR,GRVY,https://quote.eastmoney.com/us/GRVY.html
iPathPureBetaSoftsETN,GRWN,https://quote.eastmoney.com/us/GRWN.html
TheGabelliHealthcare&Wellne,GRX,https://quote.eastmoney.com/us/GRX.html
GOLDRESERVEINC,GRZ,https://quote.eastmoney.com/us/GRZ.html
高盛,GS,https://quote.eastmoney.com/us/GS.html
GSAcquisitionHoldingsCorp-A,GSAH,https://quote.eastmoney.com/us/GSAH.html
GlobalstarInc,GSAT,https://quote.eastmoney.com/us/GSAT.html
GLOBALSCAPEINC,GSB,https://quote.eastmoney.com/us/GSB.html
大南方银行,GSBC,https://quote.eastmoney.com/us/GSBC.html
GoldmanSachsBDCInc,GSBD,https://quote.eastmoney.com/us/GSBD.html
GSConnectS&PGSCIEnhancedCo,GSC,https://quote.eastmoney.com/us/GSC.html
WisdomTreeGlobalSmallCapDivi,GSD,https://quote.eastmoney.com/us/GSD.html
GSEHOLDING,GSE,https://quote.eastmoney.com/us/GSE.html
GSEHOLDING,GSEHQ,https://quote.eastmoney.com/us/GSEHQ.html
GoldmanSachsActiveBetaEurope,GSEU,https://quote.eastmoney.com/us/GSEU.html
GoldmanSachsEqualWeightU.S.,GSEW,https://quote.eastmoney.com/us/GSEW.html
GoldmanSachsGroupIncThe6.1,GSF,https://quote.eastmoney.com/us/GSF.html
iSharesS&PGSCICommodity-Inde,GSG,https://quote.eastmoney.com/us/GSG.html
广深铁路,GSH,https://quote.eastmoney.com/us/GSH.html
GooseheadInsuranceInc-A,GSHD,https://quote.eastmoney.com/us/GSHD.html
GoresHoldingsIIInc-A,GSHT,https://quote.eastmoney.com/us/GSHT.html
GoresHoldingsIIIncUnitConsof1CLA+1/3Wt,GSHTU,https://quote.eastmoney.com/us/GSHTU.html
GoresHoldingsIIIncWt,GSHTW,https://quote.eastmoney.com/us/GSHTW.html
通用钢铁,GSI,https://quote.eastmoney.com/us/GSI.html
GoldmanSachsActiveBetaIntern,GSIE,https://quote.eastmoney.com/us/GSIE.html
GSIGROUP,GSIG,https://quote.eastmoney.com/us/GSIG.html
广船国际技术,GSIT,https://quote.eastmoney.com/us/GSIT.html
GoldmanSachsGroupIncThe6.5,GSJ,https://quote.eastmoney.com/us/GSJ.html
COMPRESSCOPARTNERS,GSJK,https://quote.eastmoney.com/us/GSJK.html
GoldmanSachsActiveBetaJapan,GSJY,https://quote.eastmoney.com/us/GSJY.html
葛兰素史克-ADR,GSK,https://quote.eastmoney.com/us/GSK.html
GreenSkyInc-A,GSKY,https://quote.eastmoney.com/us/GSKY.html
GLOBALSHIPLEASEINC-CLA,GSL,https://quote.eastmoney.com/us/GSL.html
GoldmanSachsActiveBetaU.S.L,GSLC,https://quote.eastmoney.com/us/GSLC.html
GLOBESPECIALTYMETALSINC,GSM,https://quote.eastmoney.com/us/GSM.html
全球资源,GSOL,https://quote.eastmoney.com/us/GSOL.html
BarclaysBankPLCiPathExchang,GSP,https://quote.eastmoney.com/us/GSP.html
GOLDENSTARRESOURCESLTD,GSS,https://quote.eastmoney.com/us/GSS.html
GoldmanSachsAccessU.S.Small,GSSC,https://quote.eastmoney.com/us/GSSC.html
GoldmanSachsAccessUltraShor,GSST,https://quote.eastmoney.com/us/GSST.html
GASTAREXPLORATIONLTD,GST,https://quote.eastmoney.com/us/GST.html
国双,GSUM,https://quote.eastmoney.com/us/GSUM.html
GOLDSTANDARDVENTURES,GSV,https://quote.eastmoney.com/us/GSV.html
GSVCapitalCorp,GSVC,https://quote.eastmoney.com/us/GSVC.html
GASCOENERGYINC,GSX,https://quote.eastmoney.com/us/GSX.html
GuggenheimEnhancedShortDurat,GSY,https://quote.eastmoney.com/us/GSY.html
固特异轮胎,GT,https://quote.eastmoney.com/us/GT.html
AdvisorSharesMorganCreekGlob,GTAA,https://quote.eastmoney.com/us/GTAA.html
GTADVANCEDTECHNOLOGIESINC,GTAT,https://quote.eastmoney.com/us/GTAT.html
GTADVANCEDTECHNOLOGIESINC,GTATQ,https://quote.eastmoney.com/us/GTATQ.html
GRANTIERRAENERGYINC,GTE,https://quote.eastmoney.com/us/GTE.html
GatesIndustrialCorpplc,GTES,https://quote.eastmoney.com/us/GTES.html
G1TherapeuticsInc,GTHX,https://quote.eastmoney.com/us/GTHX.html
GRAFTECH,GTI,https://quote.eastmoney.com/us/GTI.html
恋上餐厅,GTIM,https://quote.eastmoney.com/us/GTIM.html
iSharesGlobalInflation-Linked,GTIP,https://quote.eastmoney.com/us/GTIP.html
GENTIVAHEALTHSERVICES,GTIV,https://quote.eastmoney.com/us/GTIV.html
查特工业,GTLS,https://quote.eastmoney.com/us/GTLS.html
GRAYTELEVISIONINC,GTN,https://quote.eastmoney.com/us/GTN.html
GRAYTELEVISIONIncCLASSA,A,https://quote.eastmoney.com/us/GTN/A.html
EatonVanceTax-AdvantageGloba,GTO,https://quote.eastmoney.com/us/GTO.html
TRIPLE-SMANAGEMENTCORP-B,GTS,https://quote.eastmoney.com/us/GTS.html
GTTCommunicationsInc,GTT,https://quote.eastmoney.com/us/GTT.html
CENTRALGOLDTRUST,GTU,https://quote.eastmoney.com/us/GTU.html
GeorgetownBancorpInc,GTWN,https://quote.eastmoney.com/us/GTWN.html
