name_cn,name_en,url
COHEN&STEERSLTDDURATIONPFD&INCOFD,LDP,https://quote.eastmoney.com/us/LDP.html
LANDAUERINC,LDR,https://quote.eastmoney.com/us/LDR.html
LDRHOLDING,LDRH,https://quote.eastmoney.com/us/LDRH.html
PowersharesLadderrite0-5Year,LDRI,https://quote.eastmoney.com/us/LDRI.html
InnovatorIBDETFLeadersETF,LDRS,https://quote.eastmoney.com/us/LDRS.html
FirstTrustLowDurationStrate,LDSF,https://quote.eastmoney.com/us/LDSF.html
PimcoLowDurationActiveExcha,LDUR,https://quote.eastmoney.com/us/LDUR.html
Lands’EndInc,LE,https://quote.eastmoney.com/us/LE.html
LEAR,LEA,https://quote.eastmoney.com/us/LEA.html
REALITYSHSETFTR,LEAD,https://quote.eastmoney.com/us/LEAD.html
LeafGroupLtd,LEAF,https://quote.eastmoney.com/us/LEAF.html
LEAPWIRELESSINTLINC,LEAP,https://quote.eastmoney.com/us/LEAP.html
林肯电气,LECO,https://quote.eastmoney.com/us/LECO.html
iPathPureBetaLeadETN,LEDD,https://quote.eastmoney.com/us/LEDD.html
MARKETLEADERINC,LEDR,https://quote.eastmoney.com/us/LEDR.html
旭明光电,LEDS,https://quote.eastmoney.com/us/LEDS.html
LEEENTERPRISES,LEE,https://quote.eastmoney.com/us/LEE.html
礼恩派集团,LEG,https://quote.eastmoney.com/us/LEG.html
LegacyHousingCorp,LEGH,https://quote.eastmoney.com/us/LEGH.html
FirstTrustIndxxInnovativeTr,LEGR,https://quote.eastmoney.com/us/LEGR.html
LUCASENERGYINC,LEI,https://quote.eastmoney.com/us/LEI.html
乐居,LEJU,https://quote.eastmoney.com/us/LEJU.html
iSharesEmergingMarketsLocal,LEMB,https://quote.eastmoney.com/us/LEMB.html
莱纳房产,LEN,https://quote.eastmoney.com/us/LEN.html
LENNARCORPORATIONCLASSB,B,https://quote.eastmoney.com/us/LEN/B.html
莱纳地产-B,LEN_B,https://quote.eastmoney.com/us/LEN_B.html
AmplifyCrowdBureauPeer-to-Pee,LEND,https://quote.eastmoney.com/us/LEND.html
PresbiaPLC,LENS,https://quote.eastmoney.com/us/LENS.html
DreyfusStrategicMunicipalsIn,LEO,https://quote.eastmoney.com/us/LEO.html
CentrusEnergyCorp-A,LEU,https://quote.eastmoney.com/us/LEU.html
LevelBrandsInc,LEVB,https://quote.eastmoney.com/us/LEVB.html
李维斯,LEVI,https://quote.eastmoney.com/us/LEVI.html
LevelOneBancorpInc,LEVL,https://quote.eastmoney.com/us/LEVL.html
LEVYACQUISITIONCORP,LEVYU,https://quote.eastmoney.com/us/LEVYU.html
LibertyExpediaHoldingsInc-A,LEXEA,https://quote.eastmoney.com/us/LEXEA.html
LibertyExpediaHoldingsInc-B,LEXEB,https://quote.eastmoney.com/us/LEXEB.html
LEAPFROGENTERPRISESINC,LF,https://quote.eastmoney.com/us/LF.html
LFCapitalAcquisitionCorp-A,LFAC,https://quote.eastmoney.com/us/LFAC.html
LFCapitalAcquisitionCorpUnitConsof1CLA+,LFACU,https://quote.eastmoney.com/us/LFACU.html
LFCapitalAcquisitionCorpWt,LFACW,https://quote.eastmoney.com/us/LFACW.html
中国人寿,LFC,https://quote.eastmoney.com/us/LFC.html
VanEckVectorsNDRCMGLong/Fla,LFEQ,https://quote.eastmoney.com/us/LFEQ.html
LeafGroupLtd,LFGR,https://quote.eastmoney.com/us/LFGR.html
LATAMAirlinesGroupS.A.ADR,LFL,https://quote.eastmoney.com/us/LFL.html
美国力特保险丝,LFUS,https://quote.eastmoney.com/us/LFUS.html
LifeVantageCorp,LFVN,https://quote.eastmoney.com/us/LFVN.html
THELACLEDEGROUPINC,LG,https://quote.eastmoney.com/us/LG.html
LegacyAcquisitionCorp-A,LGC,https://quote.eastmoney.com/us/LGC.html
LegacyAcquisitionCorpUnitConsof1CLA+1Wt,LGC_U,https://quote.eastmoney.com/us/LGC_U.html
LegacyAcquisitionCorpWt,LGC_WS,https://quote.eastmoney.com/us/LGC_WS.html
LegacyReservesInc,LGCY,https://quote.eastmoney.com/us/LGCY.html
LegacyReservesLP,LGCYO,https://quote.eastmoney.com/us/LGCYO.html
LegacyReservesLP,LGCYP,https://quote.eastmoney.com/us/LGCYP.html
LIONSGATEENTERTAINMENTCOR,LGF,https://quote.eastmoney.com/us/LGF.html
狮门娱乐-A,LGF_A,https://quote.eastmoney.com/us/LGF_A.html
狮门娱乐-B,LGF_B,https://quote.eastmoney.com/us/LGF_B.html
LazardGlobalTotalReturn&In,LGI,https://quote.eastmoney.com/us/LGI.html
LGIHomesInc,LGIH,https://quote.eastmoney.com/us/LGIH.html
LGLGROUPINC,LGL,https://quote.eastmoney.com/us/LGL.html
LGLGROUPIncWARRANTTOPURCHASECOMMONSTOCK,LGL_WS,https://quote.eastmoney.com/us/LGL_WS.html
SPDRRussell1000LowVolatilit,LGLV,https://quote.eastmoney.com/us/LGLV.html
LigandPharmaceuticalsInc,LGND,https://quote.eastmoney.com/us/LGND.html
FirstTrustLongDurationOppor,LGOV,https://quote.eastmoney.com/us/LGOV.html
LEHIGHGASPARTNERSLP,LGP,https://quote.eastmoney.com/us/LGP.html
美国实验室,LH,https://quote.eastmoney.com/us/LH.html
LeoHoldingsCorp-A,LHC,https://quote.eastmoney.com/us/LHC.html
LeoHoldingsCorpUnitConsof1CLA+1/3Wts,LHC_U,https://quote.eastmoney.com/us/LHC_U.html
LeoHoldingsCorpWt,LHC_WS,https://quote.eastmoney.com/us/LHC_WS.html
LHCGroupInc,LHCG,https://quote.eastmoney.com/us/LHCG.html
LASALLEHOTELPROPERTIES,LHO,https://quote.eastmoney.com/us/LHO.html
LasalleHotelProperties,LHO_H,https://quote.eastmoney.com/us/LHO_H.html
LaSalleHotelProperties,LHO_H_CL,https://quote.eastmoney.com/us/LHO_H_CL.html
LasalleHotelProperties,LHO_I,https://quote.eastmoney.com/us/LHO_I.html
LaSalleHotelProperties,LHO_J,https://quote.eastmoney.com/us/LHO_J.html
L3HarrisTechnologiesInc,LHX,https://quote.eastmoney.com/us/LHX.html
aTyrPharmaInc,LIFE,https://quote.eastmoney.com/us/LIFE.html
LENNOXINTERNATIONAL,LII,https://quote.eastmoney.com/us/LII.html
LibertyLatinAmericaLtd-A,LILA,https://quote.eastmoney.com/us/LILA.html
LibertyLatinAmericaLtd-B,LILAB,https://quote.eastmoney.com/us/LILAB.html
LibertyLatinAmericaLtd-C,LILAK,https://quote.eastmoney.com/us/LILAK.html
LibertyGlobalplc,LILAV,https://quote.eastmoney.com/us/LILAV.html
LibertyGlobalplc,LILKV,https://quote.eastmoney.com/us/LILKV.html
莱姆能源,LIME,https://quote.eastmoney.com/us/LIME.html
Lindeplc,LIN,https://quote.eastmoney.com/us/LIN.html
林肯教育服务,LINC,https://quote.eastmoney.com/us/LINC.html
LindbladExpeditionsHoldingsInc,LIND,https://quote.eastmoney.com/us/LIND.html
LindbladExpeditionsHoldingsIncWt,LINDW,https://quote.eastmoney.com/us/LINDW.html
Linn石油,LINE,https://quote.eastmoney.com/us/LINE.html
InterlinkElectronicsInc,LINK,https://quote.eastmoney.com/us/LINK.html
自由媒体-互动-A,LINTA,https://quote.eastmoney.com/us/LINTA.html
自由媒体-互动-B,LINTB,https://quote.eastmoney.com/us/LINTB.html
LiNiuTechnologyGroup,LINU,https://quote.eastmoney.com/us/LINU.html
LinxSAADR,LINX,https://quote.eastmoney.com/us/LINX.html
富达南方银行,LION,https://quote.eastmoney.com/us/LION.html
莱博智科技,LIOX,https://quote.eastmoney.com/us/LIOX.html
LIQUIDHOLDINGSGROUP,LIQD,https://quote.eastmoney.com/us/LIQD.html
LiqTechInternationalInc,LIQT,https://quote.eastmoney.com/us/LIQT.html
LiqTechInternationalInc,LIQT_NASDAQ,https://quote.eastmoney.com/us/LIQT_NASDAQ.html
GlobalXLithiumETF,LIT,https://quote.eastmoney.com/us/LIT.html
兰亭集势,LITB,https://quote.eastmoney.com/us/LITB.html
LumentumHoldingsInc,LITE,https://quote.eastmoney.com/us/LITE.html
LumentumHoldingsInc.,LITEV,https://quote.eastmoney.com/us/LITEV.html
LiveVenturesInc,LIVE,https://quote.eastmoney.com/us/LIVE.html
LivaNovaPLC,LIVN,https://quote.eastmoney.com/us/LIVN.html
LiveXLiveMediaInc,LIVX,https://quote.eastmoney.com/us/LIVX.html
利华国际,LIWA,https://quote.eastmoney.com/us/LIWA.html
LaJollaPharmaceuticalCo,LJPC,https://quote.eastmoney.com/us/LJPC.html
瑞幸咖啡,LK,https://quote.eastmoney.com/us/LK.html
箩筐技术,LKCO,https://quote.eastmoney.com/us/LKCO.html
莱克兰金融,LKFN,https://quote.eastmoney.com/us/LKFN.html
凌动智行,LKM,https://quote.eastmoney.com/us/LKM.html
FlexSharesCredit-ScoredUSLon,LKOR,https://quote.eastmoney.com/us/LKOR.html
LKQCORPORATION,LKQ,https://quote.eastmoney.com/us/LKQ.html
LSCCommunicationsInc,LKSD,https://quote.eastmoney.com/us/LKSD.html
LUMBERLIQUIDATORSINC,LL,https://quote.eastmoney.com/us/LL.html
DirexionDailyFTSEDevelopedM,LLDM,https://quote.eastmoney.com/us/LLDM.html
DirexionDailyFTSEEmergingMa,LLEM,https://quote.eastmoney.com/us/LLEM.html
龙腾矿业,LLEN,https://quote.eastmoney.com/us/LLEN.html
LilisEnergyInc,LLEX,https://quote.eastmoney.com/us/LLEX.html
LilisEnergy,LLEX_NASDAQ,https://quote.eastmoney.com/us/LLEX_NASDAQ.html
联络智能,LLIT,https://quote.eastmoney.com/us/LLIT.html
L-3COMMUNICATIONSHOLDINGS,LLL,https://quote.eastmoney.com/us/LLL.html
LimelightNetworksInc,LLNW,https://quote.eastmoney.com/us/LLNW.html
iShares10+YearInvestmentGra,LLQD,https://quote.eastmoney.com/us/LLQD.html
DirexionDailySmallCapBull1,LLSC,https://quote.eastmoney.com/us/LLSC.html
DirexionDailyS&P500rBull1.,LLSP,https://quote.eastmoney.com/us/LLSP.html
凌力尔特,LLTC,https://quote.eastmoney.com/us/LLTC.html
礼来,LLY,https://quote.eastmoney.com/us/LLY.html
EliLillyandCoWI,LLY_WD,https://quote.eastmoney.com/us/LLY_WD.html
礼来WI,LLY_Z,https://quote.eastmoney.com/us/LLY_Z.html
美盛集团,LM,https://quote.eastmoney.com/us/LM.html
勒梅特微管医疗,LMAT,https://quote.eastmoney.com/us/LMAT.html
LimbachHoldingsInc,LMB,https://quote.eastmoney.com/us/LMB.html
FirstTrustLowDurationMortga,LMBS,https://quote.eastmoney.com/us/LMBS.html
LIBERTYMEDIA,LMCA,https://quote.eastmoney.com/us/LMCA.html
LIBERTYSPINCOINC,LMCB,https://quote.eastmoney.com/us/LMCB.html
LibertyMediaCorporation,LMCK,https://quote.eastmoney.com/us/LMCK.html
LMFundingAmericaInc,LMFA,https://quote.eastmoney.com/us/LMFA.html
LMFundingAmericaInc,LMFAU,https://quote.eastmoney.com/us/LMFAU.html
LMFundingAmericaIncWt,LMFAW,https://quote.eastmoney.com/us/LMFAW.html
LeggMasonInc,LMHA,https://quote.eastmoney.com/us/LMHA.html
LeggMason,LMHB,https://quote.eastmoney.com/us/LMHB.html
LMIAerospaceInc,LMIA,https://quote.eastmoney.com/us/LMIA.html
ETRACSMonthlyPay2xLeveraged,LMLP,https://quote.eastmoney.com/us/LMLP.html
LimoneiraCo,LMNR,https://quote.eastmoney.com/us/LMNR.html
LUMENISLTD,LMNS,https://quote.eastmoney.com/us/LMNS.html
路明克斯,LMNX,https://quote.eastmoney.com/us/LMNX.html
LumosNetworksCorp,LMOS,https://quote.eastmoney.com/us/LMOS.html
LandmarkInfrastructurePartnersLP,LMRK,https://quote.eastmoney.com/us/LMRK.html
LandmarkInfrastructurePartner,LMRKN,https://quote.eastmoney.com/us/LMRKN.html
LandmarkInfrastructurePartner,LMRKO,https://quote.eastmoney.com/us/LMRKO.html
LandmarkInfrastructurePartner,LMRKP,https://quote.eastmoney.com/us/LMRKP.html
LimestoneBancorpInc,LMST,https://quote.eastmoney.com/us/LMST.html
洛克希德马丁,LMT,https://quote.eastmoney.com/us/LMT.html
LINECorpADR,LN,https://quote.eastmoney.com/us/LN.html
LNBBANCORPINC,LNBB,https://quote.eastmoney.com/us/LNBB.html
林肯国民,LNC,https://quote.eastmoney.com/us/LNC.html
LincolnNationalCorpWt,LNC_WS,https://quote.eastmoney.com/us/LNC_WS.html
施耐德兰斯,LNCE,https://quote.eastmoney.com/us/LNCE.html
LINNENERGYLLC,LNCO,https://quote.eastmoney.com/us/LNCO.html
BrasilAgro–CompanhiaBrasileiradePropriedades,LND,https://quote.eastmoney.com/us/LND.html
LandecCorp,LNDC,https://quote.eastmoney.com/us/LNDC.html
CHENIERE,LNG,https://quote.eastmoney.com/us/LNG.html
GlobalXLongevityThematicETF,LNGR,https://quote.eastmoney.com/us/LNGR.html
领英公司,LNKD,https://quote.eastmoney.com/us/LNKD.html
LINDSAYCORP,LNN,https://quote.eastmoney.com/us/LNN.html
ALLIANTENERGY,LNT,https://quote.eastmoney.com/us/LNT.html
美国联合能源,LNT_NYSE,https://quote.eastmoney.com/us/LNT_NYSE.html
LantheusHoldingsInc,LNTH,https://quote.eastmoney.com/us/LNTH.html
罗瑞拉德烟草,LO,https://quote.eastmoney.com/us/LO.html
LongevityAcquisitionCorp,LOAC,https://quote.eastmoney.com/us/LOAC.html
LongevityAcquisitionCorpRt,LOACR,https://quote.eastmoney.com/us/LOACR.html
LongevityAcquisitionCorpUnitConsof1Sh+1R,LOACU,https://quote.eastmoney.com/us/LOACU.html
LongevityAcquisitionCorpWt,LOACW,https://quote.eastmoney.com/us/LOACW.html
曼哈顿大桥投资,LOAN,https://quote.eastmoney.com/us/LOAN.html
LiveOakBancsharesInc,LOB,https://quote.eastmoney.com/us/LOB.html
LIFELOCKINC,LOCK,https://quote.eastmoney.com/us/LOCK.html
LOCALCOMCORP,LOCM,https://quote.eastmoney.com/us/LOCM.html
ElPolloLocoHoldingsInc,LOCO,https://quote.eastmoney.com/us/LOCO.html
ComstockMiningInc,LODE,https://quote.eastmoney.com/us/LODE.html
LogicBioTherapeuticsInc,LOGC,https://quote.eastmoney.com/us/LOGC.html
罗技,LOGI,https://quote.eastmoney.com/us/LOGI.html
大家来网络,LOGM,https://quote.eastmoney.com/us/LOGM.html
路捷,LOJN,https://quote.eastmoney.com/us/LOJN.html
LomaNegraCompaniaIndustrialArgentinaSociedad,LOMA,https://quote.eastmoney.com/us/LOMA.html
LonestarResourcesUSInc-A,LONE,https://quote.eastmoney.com/us/LONE.html
艺龙,LONG,https://quote.eastmoney.com/us/LONG.html
LOOKSMARTLTD,LOOK,https://quote.eastmoney.com/us/LOOK.html
LoopIndustriesInc,LOOP,https://quote.eastmoney.com/us/LOOP.html
大峡谷教育,LOPE,https://quote.eastmoney.com/us/LOPE.html
LazardWorldDividend&Income,LOR,https://quote.eastmoney.com/us/LOR.html
劳拉空间通信,LORL,https://quote.eastmoney.com/us/LORL.html
IronHorseAcquisitionCorp-A,LOU,https://quote.eastmoney.com/us/LOU.html
IronHorseAcquisitionCorpUnitConsof1CLA+,LOU_U,https://quote.eastmoney.com/us/LOU_U.html
IronHorseAcquisitionCorpWt,LOU_WS,https://quote.eastmoney.com/us/LOU_WS.html
InnovatorLoupFrontierTechET,LOUP,https://quote.eastmoney.com/us/LOUP.html
SPARKNETWORKSINC,LOV,https://quote.eastmoney.com/us/LOV.html
TheLovesacCo,LOVE,https://quote.eastmoney.com/us/LOVE.html
劳氏,LOW,https://quote.eastmoney.com/us/LOW.html
SPDRMSCIACWILowCarbonTarge,LOWC,https://quote.eastmoney.com/us/LOWC.html
LoxoOncologyInc,LOXO,https://quote.eastmoney.com/us/LOXO.html
LipocineInc,LPCN,https://quote.eastmoney.com/us/LPCN.html
LIPOSCIENCEINC,LPDX,https://quote.eastmoney.com/us/LPDX.html
DORIANLPGLTD.,LPG,https://quote.eastmoney.com/us/LPG.html
龙威石油,LPH,https://quote.eastmoney.com/us/LPH.html
LIFEPARTNERSHOLDINGSINC,LPHI,https://quote.eastmoney.com/us/LPHI.html
LAREDO,LPI,https://quote.eastmoney.com/us/LPI.html
LGDISPLAYCOLTD-ADR,LPL,https://quote.eastmoney.com/us/LPL.html
LPLFinancialHoldingsInc,LPLA,https://quote.eastmoney.com/us/LPLA.html
LifePointHealthInc,LPNT,https://quote.eastmoney.com/us/LPNT.html
LONEPINERESOURCES,LPRIQ,https://quote.eastmoney.com/us/LPRIQ.html
LPS,LPS,https://quote.eastmoney.com/us/LPS.html
拉波特银行,LPSB,https://quote.eastmoney.com/us/LPSB.html
LivePersonInc,LPSN,https://quote.eastmoney.com/us/LPSN.html
LIBERTYPROPERTYTRUST,LPT,https://quote.eastmoney.com/us/LPT.html
LightPathTechnologiesInc-A,LPTH,https://quote.eastmoney.com/us/LPTH.html
LPATHInc,LPTN,https://quote.eastmoney.com/us/LPTN.html
LeapTherapeuticsInc,LPTX,https://quote.eastmoney.com/us/LPTX.html
LOUISIANA-PACIFICCORP,LPX,https://quote.eastmoney.com/us/LPX.html
LAQUINTAHOLDINGSINC.,LQ,https://quote.eastmoney.com/us/LQ.html
iSharesIboxx$InvestmentGrad,LQD,https://quote.eastmoney.com/us/LQD.html
LiquidiaTechnologiesInc,LQDA,https://quote.eastmoney.com/us/LQDA.html
iSharesInterestRateHedgedCo,LQDH,https://quote.eastmoney.com/us/LQDH.html
iSharesInflationHedgedCorpor,LQDI,https://quote.eastmoney.com/us/LQDI.html
LiquidityServicesInc,LQDT,https://quote.eastmoney.com/us/LQDT.html
LRADCorp,LRAD,https://quote.eastmoney.com/us/LRAD.html
拉姆研究,LRCX,https://quote.eastmoney.com/us/LRCX.html
LRRENERGY,LRE,https://quote.eastmoney.com/us/LRE.html
UBSAG,LRET,https://quote.eastmoney.com/us/LRET.html
ClearBridgeLargeCapGrowthES,LRGE,https://quote.eastmoney.com/us/LRGE.html
iSharesFactorselectMSCIUSAE,LRGF,https://quote.eastmoney.com/us/LRGF.html
K12INC,LRN,https://quote.eastmoney.com/us/LRN.html
LeaderSharesAlphaFactorUSCor,LSAF,https://quote.eastmoney.com/us/LSAF.html
LakeSunapeeBankGroup,LSBG,https://quote.eastmoney.com/us/LSBG.html
LSBFINANCIALCORP,LSBI,https://quote.eastmoney.com/us/LSBI.html
湖滨银行,LSBK,https://quote.eastmoney.com/us/LSBK.html
ElementsS&PCtiETN,LSC,https://quote.eastmoney.com/us/LSC.html
莱迪思半导体,LSCC,https://quote.eastmoney.com/us/LSCC.html
CAPLEASEINC,LSE,https://quote.eastmoney.com/us/LSE.html
LAKESHOREGOLDCORP,LSG,https://quote.eastmoney.com/us/LSG.html
LSICORPORATION,LSI,https://quote.eastmoney.com/us/LSI.html
"LifeStorage,Inc.",LSI,https://quote.eastmoney.com/us/LSI.html
SaltLowtruBetaUSMarketETF,LSLT,https://quote.eastmoney.com/us/LSLT.html
NatixisLoomisSaylesShortDur,LSST,https://quote.eastmoney.com/us/LSST.html
iPathPureBetaLivestockETN,LSTK,https://quote.eastmoney.com/us/LSTK.html
莱帝运输,LSTR,https://quote.eastmoney.com/us/LSTR.html
UBSAGVelocitySharesVIXVaria,LSVX,https://quote.eastmoney.com/us/LSVX.html
LibertyMediaCorpLibertySiriusXM-A,LSXMA,https://quote.eastmoney.com/us/LSXMA.html
LibertyMediaCorpLibertySiriusXM-B,LSXMB,https://quote.eastmoney.com/us/LSXMB.html
LibertyMediaCorpLibertySiriusXM-C,LSXMK,https://quote.eastmoney.com/us/LSXMK.html
LightbridgeCorp,LTBR,https://quote.eastmoney.com/us/LTBR.html
LTCPROPERTIESINC,LTC,https://quote.eastmoney.com/us/LTC.html
LongIslandIcedTeaCorp,LTEA,https://quote.eastmoney.com/us/LTEA.html
LiventCorp,LTHM,https://quote.eastmoney.com/us/LTHM.html
LiventCorpWI,LTHM_V,https://quote.eastmoney.com/us/LTHM_V.html
LiventCorpWI,LTHMW,https://quote.eastmoney.com/us/LTHMW.html
ProSharesUltraTelecommunicati,LTL,https://quote.eastmoney.com/us/LTL.html
LATAMAirlinesGroupSAADR,LTM,https://quote.eastmoney.com/us/LTM.html
UnionAcquisitionCorp,LTN,https://quote.eastmoney.com/us/LTN.html
UnionAcquisitionCorpUnitConsof1Sh+1Wt+,LTN_U,https://quote.eastmoney.com/us/LTN_U.html
UnionAcquisitionCorpWt,LTN_WS,https://quote.eastmoney.com/us/LTN_WS.html
UnionAcquisitionCorpRt,LTNR,https://quote.eastmoney.com/us/LTNR.html
掌上灵通,LTONY,https://quote.eastmoney.com/us/LTONY.html
Pimco15+YearU.S.TipsIndex,LTPZ,https://quote.eastmoney.com/us/LTPZ.html
LEARNINGTREEINTERNATIONAL,LTRE,https://quote.eastmoney.com/us/LTRE.html
LibertyTripAdvisorHoldingsInc-A,LTRPA,https://quote.eastmoney.com/us/LTRPA.html
LibertyTripAdvisorHoldingsInc-B,LTRPB,https://quote.eastmoney.com/us/LTRPB.html
创力,LTRX,https://quote.eastmoney.com/us/LTRX.html
LADENBURGTHALMANNFINANCIAL,LTS,https://quote.eastmoney.com/us/LTS.html
LadenburgThalmannFinancialSe,LTS_A,https://quote.eastmoney.com/us/LTS_A.html
LadenburgThalmannFinancialSe,LTSF,https://quote.eastmoney.com/us/LTSF.html
LadenburgThalmannFinancialSe,LTSH,https://quote.eastmoney.com/us/LTSH.html
LadenburgThalmannFinancialSe,LTSK,https://quote.eastmoney.com/us/LTSK.html
LadenburgThalmannFinancialSe,LTSL,https://quote.eastmoney.com/us/LTSL.html
LegacyTexasFinancialGroupInc,LTXB,https://quote.eastmoney.com/us/LTXB.html
LUBY'SINC,LUB,https://quote.eastmoney.com/us/LUB.html
LUCATECHNOLOGIES,LUCA,https://quote.eastmoney.com/us/LUCA.html
LUFKININDUSTRIESINC,LUFK,https://quote.eastmoney.com/us/LUFK.html
莱卡迪亚,LUK,https://quote.eastmoney.com/us/LUK.html
lululemonathleticainc,LULU,https://quote.eastmoney.com/us/LULU.html
LunaInnovationsInc,LUNA,https://quote.eastmoney.com/us/LUNA.html
ProLungInc,LUNG,https://quote.eastmoney.com/us/LUNG.html
西南航空,LUV,https://quote.eastmoney.com/us/LUV.html
LUXOTTICAGROUPSPA-SPONADR,LUX,https://quote.eastmoney.com/us/LUX.html
STEINWAYMUSICALINSTRUMENTS,LVB,https://quote.eastmoney.com/us/LVB.html
LivongoHealthInc,LVGO,https://quote.eastmoney.com/us/LVGO.html
ElkhornETFTrustLuntLowVol/,LVHB,https://quote.eastmoney.com/us/LVHB.html
LeggMasonLowVolatilityHigh,LVHD,https://quote.eastmoney.com/us/LVHD.html
LEGGMASONETFEQUTREMERGING,LVHE,https://quote.eastmoney.com/us/LVHE.html
LEGGMASONINTERNATIONALLOWVO,LVHI,https://quote.eastmoney.com/us/LVHI.html
HartfordMultifactorLowVolati,LVIN,https://quote.eastmoney.com/us/LVIN.html
GuggenheimS&PGlobalDividend,LVL,https://quote.eastmoney.com/us/LVL.html
第三级通讯,LVLT,https://quote.eastmoney.com/us/LVLT.html
LibertyInteractiveCorpLibertyVentures-A,LVNTA,https://quote.eastmoney.com/us/LVNTA.html
LibertyInteractiveCorpLibertyVentures-B,LVNTB,https://quote.eastmoney.com/us/LVNTB.html
拉斯韦加斯金沙集团,LVS,https://quote.eastmoney.com/us/LVS.html
HartfordMultifactorLowVolati,LVUS,https://quote.eastmoney.com/us/LVUS.html
蓝威斯顿控股,LW,https://quote.eastmoney.com/us/LW.html
来福威食品,LWAY,https://quote.eastmoney.com/us/LWAY.html
SPDRBarclaysLongTermCredit,LWC,https://quote.eastmoney.com/us/LWC.html
乐信,LX,https://quote.eastmoney.com/us/LX.html
LuxferHoldingsPLC,LXFR,https://quote.eastmoney.com/us/LXFR.html
LuxoftHoldingInc-A,LXFT,https://quote.eastmoney.com/us/LXFT.html
利盟国际,LXK,https://quote.eastmoney.com/us/LXK.html
LEXINGTONREALTYTRUST,LXP,https://quote.eastmoney.com/us/LXP.html
Lxngtn.RealtyTrust6.5%SerC,LXP_C,https://quote.eastmoney.com/us/LXP_C.html
莱斯康制药,LXRX,https://quote.eastmoney.com/us/LXRX.html
LSBINDUSTRIESINC,LXU,https://quote.eastmoney.com/us/LXU.html
利安德巴塞尔工业,LYB,https://quote.eastmoney.com/us/LYB.html
LyftInc-A,LYFT,https://quote.eastmoney.com/us/LYFT.html
劳埃德银行ADR,LYG,https://quote.eastmoney.com/us/LYG.html
LloydsBankingGroupPlc,LYG_A,https://quote.eastmoney.com/us/LYG_A.html
LloydsBankingGroupPlc,LYG_A_CL,https://quote.eastmoney.com/us/LYG_A_CL.html
龙运国际,LYL,https://quote.eastmoney.com/us/LYL.html
LSIIndustriesInc,LYTS,https://quote.eastmoney.com/us/LYTS.html
LIVENATIONINC,LYV,https://quote.eastmoney.com/us/LYV.html
LA-Z-BOYINC,LZB,https://quote.eastmoney.com/us/LZB.html
梅西百货,M,https://quote.eastmoney.com/us/M.html
万事达卡,MA,https://quote.eastmoney.com/us/MA.html
MAA,MAA,https://quote.eastmoney.com/us/MAA.html
Mid-AmericaApartmentCommuniti,MAA_I,https://quote.eastmoney.com/us/MAA_I.html
VanEckVectorsMunicipalAlloca,MAAX,https://quote.eastmoney.com/us/MAAX.html
EatonVanceMassachusettsMunic,MAB,https://quote.eastmoney.com/us/MAB.html
MACERICH,MAC,https://quote.eastmoney.com/us/MAC.html
MerrimackPharmaceuticalsInc,MACK,https://quote.eastmoney.com/us/MACK.html
MIAcquisitionsInc,MACQ,https://quote.eastmoney.com/us/MACQ.html
MIAcquisitionsIncUnitConsof1Sh+1Wt,MACQU,https://quote.eastmoney.com/us/MACQU.html
MIAcquisitionsIncWt,MACQW,https://quote.eastmoney.com/us/MACQW.html
MAGNETEKINC,MAG,https://quote.eastmoney.com/us/MAG.html
PointBridgeGOPStockTracker,MAGA,https://quote.eastmoney.com/us/MAGA.html
马加尔安全系统,MAGS,https://quote.eastmoney.com/us/MAGS.html
MainStreetCapitalCorp,MAIN,https://quote.eastmoney.com/us/MAIN.html
MAKOSURGICALCORP,MAKO,https://quote.eastmoney.com/us/MAKO.html
MAMSoftwareGroupInc,MAMS,https://quote.eastmoney.com/us/MAMS.html
万宝盛华,MAN,https://quote.eastmoney.com/us/MAN.html
曼哈顿联合软件,MANH,https://quote.eastmoney.com/us/MANH.html
美泰科技,MANT,https://quote.eastmoney.com/us/MANT.html
曼联,MANU,https://quote.eastmoney.com/us/MANU.html
Mapi-PharmaLtd,MAPI,https://quote.eastmoney.com/us/MAPI.html
MAPPHARMACEUTICALSINC,MAPP,https://quote.eastmoney.com/us/MAPP.html
万豪国际,MAR,https://quote.eastmoney.com/us/MAR.html
MarathonPatentGroupInc,MARA,https://quote.eastmoney.com/us/MARA.html
RemarkHoldingsInc,MARK,https://quote.eastmoney.com/us/MARK.html
海洋石油信托,MARPS,https://quote.eastmoney.com/us/MARPS.html
马斯柯,MAS,https://quote.eastmoney.com/us/MAS.html
MATERIALSCIENCES,MASC,https://quote.eastmoney.com/us/MASC.html
麦斯莫医疗,MASI,https://quote.eastmoney.com/us/MASI.html
美泰,MAT,https://quote.eastmoney.com/us/MAT.html
iSharesEdgeMSCIMultifactorM,MATF,https://quote.eastmoney.com/us/MATF.html
MeidellTacticalAdvantageETF,MATH,https://quote.eastmoney.com/us/MATH.html
DirexionDailyBasicMaterials,MATL,https://quote.eastmoney.com/us/MATL.html
"MateonTherapeutics,Inc.",MATN,https://quote.eastmoney.com/us/MATN.html
MattersightCorp,MATR,https://quote.eastmoney.com/us/MATR.html
马修国际,MATW,https://quote.eastmoney.com/us/MATW.html
美森,MATX,https://quote.eastmoney.com/us/MATX.html
AdvisorShares,MAUI,https://quote.eastmoney.com/us/MAUI.html
PioneerMunicipalHighIncomeA,MAV,https://quote.eastmoney.com/us/MAV.html
MaxarTechnologiesLtd,MAXR,https://quote.eastmoney.com/us/MAXR.html
MAXYGENINC,MAXY,https://quote.eastmoney.com/us/MAXY.html
梅斯物业,MAYS,https://quote.eastmoney.com/us/MAYS.html
MINDBODYInc-A,MB,https://quote.eastmoney.com/us/MB.html
CIBTEDUCATIONGROUPINC,MBA,https://quote.eastmoney.com/us/MBA.html
iSharesMbsETF,MBB,https://quote.eastmoney.com/us/MBB.html
按揭抵押债ETF-iShares,MBB_NASDAQ,https://quote.eastmoney.com/us/MBB_NASDAQ.html
米德尔菲尔德银行,MBCN,https://quote.eastmoney.com/us/MBCN.html
MBFinancialInc,MBFI,https://quote.eastmoney.com/us/MBFI.html
MBFinancialIncSeriesCPfd,MBFIO,https://quote.eastmoney.com/us/MBFIO.html
MbFinancialIncPerpetualNon-,MBFIP,https://quote.eastmoney.com/us/MBFIP.html
SPDRBarclaysMortgageBackedB,MBG,https://quote.eastmoney.com/us/MBG.html
MBIA,MBI,https://quote.eastmoney.com/us/MBI.html
MarroneBioInnovationsInc,MBII,https://quote.eastmoney.com/us/MBII.html
MerchantsBancorp,MBIN,https://quote.eastmoney.com/us/MBIN.html
MerchantsBancorpSeriesBPfd,MBINO,https://quote.eastmoney.com/us/MBINO.html
MerchantsBancorpSeriesAPfd,MBINP,https://quote.eastmoney.com/us/MBINP.html
野马生物,MBIO,https://quote.eastmoney.com/us/MBIO.html
DJIAMITTSMATURITY,MBL,https://quote.eastmoney.com/us/MBL.html
麦特波利斯材料,MBLX,https://quote.eastmoney.com/us/MBLX.html
MobileyeNV,MBLY,https://quote.eastmoney.com/us/MBLY.html
MULTIBANDCORP,MBND,https://quote.eastmoney.com/us/MBND.html
MicrobotMedicalInc,MBOT,https://quote.eastmoney.com/us/MBOT.html
米德尔堡金融,MBRG,https://quote.eastmoney.com/us/MBRG.html
MoleculinBiotechInc,MBRX,https://quote.eastmoney.com/us/MBRX.html
FlexsharesDisciplinedDuration,MBSD,https://quote.eastmoney.com/us/MBSD.html
MOBILETELESYSTEMS-SPADR,MBT,https://quote.eastmoney.com/us/MBT.html
MBTFinancialCorp,MBTF,https://quote.eastmoney.com/us/MBTF.html
MalibuBoatsInc-A,MBUU,https://quote.eastmoney.com/us/MBUU.html
MerchantsBancsharesInc,MBVT,https://quote.eastmoney.com/us/MBVT.html
MabVaxTherapeuticsHoldingsInc,MBVX,https://quote.eastmoney.com/us/MBVX.html
商业银行(密歇根州),MBWM,https://quote.eastmoney.com/us/MBWM.html
MOELIS&CO,MC,https://quote.eastmoney.com/us/MC.html
BlackrockMuniyieldCalifornia,MCA,https://quote.eastmoney.com/us/MCA.html
MetropolitanBankHoldingCorp,MCB,https://quote.eastmoney.com/us/MCB.html
MacatawaBankCorp,MCBC,https://quote.eastmoney.com/us/MCBC.html
MONARCHCOMMUNITYBANCORP,MCBF,https://quote.eastmoney.com/us/MCBF.html
METROCORPBANCSHARESINC,MCBI,https://quote.eastmoney.com/us/MCBI.html
MADISONCOUNTYFINANCIAL,MCBK,https://quote.eastmoney.com/us/MCBK.html
MedleyCapitalCorp,MCC,https://quote.eastmoney.com/us/MCC.html
麦当劳,MCD,https://quote.eastmoney.com/us/MCD.html
FirstTrustMunicipalCEFIncom,MCEF,https://quote.eastmoney.com/us/MCEF.html
Mid-ConEnergyPartnersLP,MCEP,https://quote.eastmoney.com/us/MCEP.html
CONTANGOOIL&GAS,MCF,https://quote.eastmoney.com/us/MCF.html
MasterCraftBoatHoldingsInc,MCFT,https://quote.eastmoney.com/us/MCFT.html
MCGCAPITALCORP,MCGC,https://quote.eastmoney.com/us/MCGC.html
iSharesMSCIChinaETF,MCHI,https://quote.eastmoney.com/us/MCHI.html
微芯科技,MCHP,https://quote.eastmoney.com/us/MCHP.html
MarchexInc-B,MCHX,https://quote.eastmoney.com/us/MCHX.html
BABSONCAPITALCORPORATEINVESTORS,MCI,https://quote.eastmoney.com/us/MCI.html
麦克森,MCK,https://quote.eastmoney.com/us/MCK.html
"MICROLINBIO,INC.",MCLB,https://quote.eastmoney.com/us/MCLB.html
MadisonCoveredCall&EquityS,MCN,https://quote.eastmoney.com/us/MCN.html
穆迪,MCO,https://quote.eastmoney.com/us/MCO.html
麦考林,MCOX,https://quote.eastmoney.com/us/MCOX.html
MOLYCORP,MCP,https://quote.eastmoney.com/us/MCP.html
MedleyCapitalCorporation,MCQ,https://quote.eastmoney.com/us/MCQ.html
MFSCharterIncomeTrust,MCR,https://quote.eastmoney.com/us/MCR.html
SeresTherapeuticsInc,MCRB,https://quote.eastmoney.com/us/MCRB.html
MonarchCasino&ResortInc,MCRI,https://quote.eastmoney.com/us/MCRI.html
MICRELINC,MCRL,https://quote.eastmoney.com/us/MCRL.html
MilacronHoldingsCorp,MCRN,https://quote.eastmoney.com/us/MCRN.html
IQHedgeMacroTracker,MCRO,https://quote.eastmoney.com/us/MCRO.html
MICROSSYSTEMS,MCRS,https://quote.eastmoney.com/us/MCRS.html
MARCUSCORPORATION,MCS,https://quote.eastmoney.com/us/MCS.html
MACROCURELTD.,MCUR,https://quote.eastmoney.com/us/MCUR.html
MedleyCapitalCorporation6.12,MCV,https://quote.eastmoney.com/us/MCV.html
MedleyCapitalCorporation,MCX,https://quote.eastmoney.com/us/MCX.html
MERCURYGENERAL,MCY,https://quote.eastmoney.com/us/MCY.html
MADCATZINTERACTIVEINC,MCZ,https://quote.eastmoney.com/us/MCZ.html
MEDNAX,MD,https://quote.eastmoney.com/us/MD.html
MEDASSETSINC,MDAS,https://quote.eastmoney.com/us/MDAS.html
MongoDBInc-A,MDB,https://quote.eastmoney.com/us/MDB.html
MDCHOLDINGSINC,MDC,https://quote.eastmoney.com/us/MDC.html
MDCPartnersInc-A,MDCA,https://quote.eastmoney.com/us/MDCA.html
MEDICALACTIONINDINC,MDCI,https://quote.eastmoney.com/us/MDCI.html
麦迪逊医药,MDCO,https://quote.eastmoney.com/us/MDCO.html
SPDRIndexSharesFundsSPDRS&,MDD,https://quote.eastmoney.com/us/MDD.html
MadrigalPharmaceuticalsInc,MDGL,https://quote.eastmoney.com/us/MDGL.html
MEDGENICSINC,MDGN,https://quote.eastmoney.com/us/MDGN.html
MEDGENICSIncWARRANT(EXPIRINGAPRIL122016),MDGN_WS,https://quote.eastmoney.com/us/MDGN_WS.html
MedigusLtdADR,MDGS,https://quote.eastmoney.com/us/MDGS.html
MedigusLtdWt-C,MDGSW,https://quote.eastmoney.com/us/MDGSW.html
MHIHOSPITALITYCORPORATION,MDH,https://quote.eastmoney.com/us/MDH.html
FirstTrustExchange-TradedFun,MDIV,https://quote.eastmoney.com/us/MDIV.html
明大嘉和,MDJH,https://quote.eastmoney.com/us/MDJH.html
MedalliaInc,MDLA,https://quote.eastmoney.com/us/MDLA.html
DirexionDailyMidCapBull2x,MDLL,https://quote.eastmoney.com/us/MDLL.html
MedleyLLC,MDLQ,https://quote.eastmoney.com/us/MDLQ.html
MedleyCapitalCorporation,MDLX,https://quote.eastmoney.com/us/MDLX.html
MedleyManagementInc-A,MDLY,https://quote.eastmoney.com/us/MDLY.html
亿滋国际,MDLZ,https://quote.eastmoney.com/us/MDLZ.html
MOUNTAINPROVINCEDIAMONDS,MDM,https://quote.eastmoney.com/us/MDM.html
梅雷迪斯,MDP,https://quote.eastmoney.com/us/MDP.html
MCDERMOTT,MDR,https://quote.eastmoney.com/us/MDR.html
MedalistDiversifiedREITInc,MDRR,https://quote.eastmoney.com/us/MDRR.html
奥斯奎医疗解决方案,MDRX,https://quote.eastmoney.com/us/MDRX.html
MedidataSolutionsInc,MDSO,https://quote.eastmoney.com/us/MDSO.html
ModSysInternationalLtd,MDSY,https://quote.eastmoney.com/us/MDSY.html
美敦力,MDT,https://quote.eastmoney.com/us/MDT.html
MDUResourcesGroupInc,MDU,https://quote.eastmoney.com/us/MDU.html
麦迪韦逊医疗,MDVN,https://quote.eastmoney.com/us/MDVN.html
MedoveXCorp,MDVX,https://quote.eastmoney.com/us/MDVX.html
MEDOVEXCORP.,MDVXU,https://quote.eastmoney.com/us/MDVXU.html
MedovexCorpWt-A,MDVXW,https://quote.eastmoney.com/us/MDVXW.html
MIDWAYGOLDCORP,MDW,https://quote.eastmoney.com/us/MDW.html
MediWoundLtd,MDWD,https://quote.eastmoney.com/us/MDWD.html
MiMedxGroupInc,MDXG,https://quote.eastmoney.com/us/MDXG.html
SPDRS&PMidcap400ETFTrust,MDY,https://quote.eastmoney.com/us/MDY.html
SPDRS&P400MidCapGrowthETF,MDYG,https://quote.eastmoney.com/us/MDYG.html
SPDRS&P400MidCapValueETF,MDYV,https://quote.eastmoney.com/us/MDYV.html
METALICOINC,MEA,https://quote.eastmoney.com/us/MEA.html
MEADEINSTRUMENTSCORP,MEAD,https://quote.eastmoney.com/us/MEAD.html
iSharesShortMaturityMunicipa,MEAR,https://quote.eastmoney.com/us/MEAR.html
MEASUREMENTSPECIALTIESINC,MEAS,https://quote.eastmoney.com/us/MEAS.html
MayvilleEngineeringCoInc,MEC,https://quote.eastmoney.com/us/MEC.html
MEDIFASTINC,MED,https://quote.eastmoney.com/us/MED.html
MedpaceHoldingsInc,MEDP,https://quote.eastmoney.com/us/MEDP.html
美联国际教育,MEDU,https://quote.eastmoney.com/us/MEDU.html
TheMeetGroupInc,MEET,https://quote.eastmoney.com/us/MEET.html
MEDIAGENERALINC-CLA,MEG,https://quote.eastmoney.com/us/MEG.html
METHODEELECTRONICSINC,MEI,https://quote.eastmoney.com/us/MEI.html
METHESENERGIESINTERNATIONALLtd,MEIL,https://quote.eastmoney.com/us/MEIL.html
METHESENERGIESINTERNATIONALLTD,MEILU,https://quote.eastmoney.com/us/MEILU.html
METHESENERGIESINTERNATIONALLtdCLASSAWARRANTS,MEILW,https://quote.eastmoney.com/us/MEILW.html
METHESENERGIESINTERNATIONALLtdCLASSBWARRANTS,MEILZ,https://quote.eastmoney.com/us/MEILZ.html
MEIPharmaInc,MEIP,https://quote.eastmoney.com/us/MEIP.html
ELECTRO-OPTICALSCIENCESINC,MELA,https://quote.eastmoney.com/us/MELA.html
MercadoLibreInc,MELI,https://quote.eastmoney.com/us/MELI.html
MelroseBancorpInc,MELR,https://quote.eastmoney.com/us/MELR.html
DirexionDailyGoldMinersInde,MELT,https://quote.eastmoney.com/us/MELT.html
MemorialProductionPartnersLP,MEMP,https://quote.eastmoney.com/us/MEMP.html
美新半导体,MEMS,https://quote.eastmoney.com/us/MEMS.html
BlackrockMuniEnhancedFundIn,MEN,https://quote.eastmoney.com/us/MEN.html
明导资讯,MENT,https://quote.eastmoney.com/us/MENT.html
USCFRestaurantLeadersFund,MENU,https://quote.eastmoney.com/us/MENU.html
梅赛尼斯,MEOH,https://quote.eastmoney.com/us/MEOH.html
MIDCOASTENERGYPARTNERSLP,MEP,https://quote.eastmoney.com/us/MEP.html
MerrillLynchPreferredCapital,MER_D,https://quote.eastmoney.com/us/MER_D.html
MerrillLynch&CoInc,MER_D_CL,https://quote.eastmoney.com/us/MER_D_CL.html
MerrillLynchPreferredCapital,MER_E,https://quote.eastmoney.com/us/MER_E.html
MerrillLynch&CoInc,MER_E_CL,https://quote.eastmoney.com/us/MER_E_CL.html
MerrillLynchPreferredCapital,MER_F,https://quote.eastmoney.com/us/MER_F.html
MerrillLynch&CoInc,MER_F_CL,https://quote.eastmoney.com/us/MER_F_CL.html
MerrillLynchCapitalTrust,MER_K,https://quote.eastmoney.com/us/MER_K.html
MerrillLynchCapitalTrust,MER_M,https://quote.eastmoney.com/us/MER_M.html
MerrillLynch&Co,MER_M_CL,https://quote.eastmoney.com/us/MER_M_CL.html
MerrillLynchCapitalTrust,MER_P,https://quote.eastmoney.com/us/MER_P.html
美世国际,MERC,https://quote.eastmoney.com/us/MERC.html
MERUNETWORKS,MERU,https://quote.eastmoney.com/us/MERU.html
MarketVectors-GulfStatesET,MES,https://quote.eastmoney.com/us/MES.html
MesaAirGroupInc,MESA,https://quote.eastmoney.com/us/MESA.html
"Xura,Inc.",MESG,https://quote.eastmoney.com/us/MESG.html
"Xura,Inc.",MESG,https://quote.eastmoney.com/us/MESG.html
MesoblastLtdADR,MESO,https://quote.eastmoney.com/us/MESO.html
大都会保险,MET,https://quote.eastmoney.com/us/MET.html
MetLifeInc,MET_A,https://quote.eastmoney.com/us/MET_A.html
MetLifeInc,MET_B_CL,https://quote.eastmoney.com/us/MET_B_CL.html
MetLifeIncSeriesEPfd,MET_E,https://quote.eastmoney.com/us/MET_E.html
RamacoResourcesInc,METC,https://quote.eastmoney.com/us/METC.html
METROBANCORPINC,METR,https://quote.eastmoney.com/us/METR.html
DirexionShsEtfTrDailyMsci,MEXX,https://quote.eastmoney.com/us/MEXX.html
MFAFINANCIAL,MFA,https://quote.eastmoney.com/us/MFA.html
MfaFinancialInc,MFA_B,https://quote.eastmoney.com/us/MFA_B.html
MegalithFinancialAcquisitionCorp-A,MFAC,https://quote.eastmoney.com/us/MFAC.html
MegalithFinancialAcquisitionCorpUnitConsof1,MFAC_U,https://quote.eastmoney.com/us/MFAC_U.html
MegalithFinancialAcquisitionCorpWt,MFAC_WS,https://quote.eastmoney.com/us/MFAC_WS.html
媚登峰,MFB,https://quote.eastmoney.com/us/MFB.html
MANULIFEFINANCIALCORP,MFC,https://quote.eastmoney.com/us/MFC.html
MFCBancorpLtd,MFCB,https://quote.eastmoney.com/us/MFCB.html
Macquarie/FirstTrustGlobalIn,MFD,https://quote.eastmoney.com/us/MFD.html
PIMCORAFIDynamicMulti-Factor,MFDX,https://quote.eastmoney.com/us/MFDX.html
PIMCORAFIDynamicMulti-Factor,MFEM,https://quote.eastmoney.com/us/MFEM.html
MIZUHOFINANCIALGROUP-ADR,MFG,https://quote.eastmoney.com/us/MFG.html
微焦点国际,MFGP,https://quote.eastmoney.com/us/MFGP.html
MicroFocusInternationalplcA,MFGPW,https://quote.eastmoney.com/us/MFGPW.html
MICROFINANCIALINC,MFI,https://quote.eastmoney.com/us/MFI.html
MedallionFinancialCorp,MFIN,https://quote.eastmoney.com/us/MFIN.html
MedallionFinancialCorp.,MFINL,https://quote.eastmoney.com/us/MFINL.html
BlackrockMuniholdingsInvestme,MFL,https://quote.eastmoney.com/us/MFL.html
iPathLongEnhancedMSCIEafer,MFLA,https://quote.eastmoney.com/us/MFLA.html
MAYFLOWERBANCORPINC,MFLR,https://quote.eastmoney.com/us/MFLR.html
MULTI-FINELINEELECTRONIXIN,MFLX,https://quote.eastmoney.com/us/MFLX.html
MfsMunicipalIncomeTrustShar,MFM,https://quote.eastmoney.com/us/MFM.html
MotleyFoolSmall-CapGrowthET,MFMS,https://quote.eastmoney.com/us/MFMS.html
MackinacFinancialCorp,MFNC,https://quote.eastmoney.com/us/MFNC.html
MfaFinancialInc8.00%SrNts,MFO,https://quote.eastmoney.com/us/MFO.html
MFRIINC,MFRI,https://quote.eastmoney.com/us/MFRI.html
MATTRESSFIRMHOLDINGCORP,MFRM,https://quote.eastmoney.com/us/MFRM.html
"ManitowocFoodService,Inc.",MFS,https://quote.eastmoney.com/us/MFS.html
MutualFirstFinancialInc,MFSF,https://quote.eastmoney.com/us/MFSF.html
BlackrockMuniyieldInvestment,MFT,https://quote.eastmoney.com/us/MFT.html
PIMCORAFIDynamicMulti-Factor,MFUS,https://quote.eastmoney.com/us/MFUS.html
MfsSpecialValueTrust,MFV,https://quote.eastmoney.com/us/MFV.html
MISTRASGROUPINC,MG,https://quote.eastmoney.com/us/MG.html
MAGNAINTERNATIONALINC-CLA,MGA,https://quote.eastmoney.com/us/MGA.html
MULTIMEDIAGAMESINC,MGAM,https://quote.eastmoney.com/us/MGAM.html
VanguardMegaCap300IndexETF,MGC,https://quote.eastmoney.com/us/MGC.html
MGCDiagnosticsCorp,MGCD,https://quote.eastmoney.com/us/MGCD.html
MGEEnergyInc,MGEE,https://quote.eastmoney.com/us/MGEE.html
MiragenTherapeuticsInc,MGEN,https://quote.eastmoney.com/us/MGEN.html
MfsGovernmentMarketsIncomeT,MGF,https://quote.eastmoney.com/us/MGF.html
明科金矿,MGH,https://quote.eastmoney.com/us/MGH.html
MONEYGRAMINTERNATIONALINC,MGI,https://quote.eastmoney.com/us/MGI.html
MagicSoftwareEnterprisesLtd,MGIC,https://quote.eastmoney.com/us/MGIC.html
MARKETINDEXTARGETTERMSECURITIES,MGJ,https://quote.eastmoney.com/us/MGJ.html
VanguardMegaCapGrowthETF,MGK,https://quote.eastmoney.com/us/MGK.html
麦哲伦健康,MGLN,https://quote.eastmoney.com/us/MGLN.html
美高梅国际酒店,MGM,https://quote.eastmoney.com/us/MGM.html
MINESMANAGEMENTINC,MGN,https://quote.eastmoney.com/us/MGN.html
MacroGenicsInc,MGNX,https://quote.eastmoney.com/us/MGNX.html
MGMGrowthPropertiesLLC-A,MGP,https://quote.eastmoney.com/us/MGP.html
MGPIngredientsInc,MGPI,https://quote.eastmoney.com/us/MGPI.html
AffiliatedManagersGroupInc6,MGR,https://quote.eastmoney.com/us/MGR.html
AffiliatedManagersGroupNotes,MGR_CL,https://quote.eastmoney.com/us/MGR_CL.html
McGrathRentCorp,MGRC,https://quote.eastmoney.com/us/MGRC.html
MGTCAPITALINVESTMENTSINC,MGT,https://quote.eastmoney.com/us/MGT.html
MagentaTherapeuticsInc,MGTA,https://quote.eastmoney.com/us/MGTA.html
MeiraGTxHoldingsplc,MGTX,https://quote.eastmoney.com/us/MGTX.html
MacquarieGlobalInfrastructure,MGU,https://quote.eastmoney.com/us/MGU.html
VanguardMegaCapValueETF,MGV,https://quote.eastmoney.com/us/MGV.html
MagnoliaOil&GasCorp-A,MGY,https://quote.eastmoney.com/us/MGY.html
MagnoliaOil&GasCorpWt,MGY_WS,https://quote.eastmoney.com/us/MGY_WS.html
MagyarBancorpInc,MGYR,https://quote.eastmoney.com/us/MGYR.html
MaidenHoldingsLtd,MH_A,https://quote.eastmoney.com/us/MH_A.html
MaidenHoldingsLtd,MH_C,https://quote.eastmoney.com/us/MH_C.html
MaidenHoldings,MH_D,https://quote.eastmoney.com/us/MH_D.html
BlackrockMuniholdingsFundInc,MHD,https://quote.eastmoney.com/us/MHD.html
BlackrockMassachusettsTax-Exe,MHE,https://quote.eastmoney.com/us/MHE.html
WesternAssetMunicipalHighIn,MHF,https://quote.eastmoney.com/us/MHF.html
MCGRAWHILLFINANCIALINC,MHFI,https://quote.eastmoney.com/us/MHFI.html
MARINEHARVESTASAAMERICAN,MHG,https://quote.eastmoney.com/us/MHG.html
MORGANSHOTELGROUPCO,MHGC,https://quote.eastmoney.com/us/MHGC.html
MASTECHHOLDINGSINC,MHH,https://quote.eastmoney.com/us/MHH.html
PioneerMunicipalHighIncomeT,MHI,https://quote.eastmoney.com/us/MHI.html
莫霍克工业,MHK,https://quote.eastmoney.com/us/MHK.html
MaidenHoldingsLtd,MHLA,https://quote.eastmoney.com/us/MHLA.html
MaidenHoldingsLtd,MHLD,https://quote.eastmoney.com/us/MHLD.html
MaidenHoldingsLtd7.25%Mand,MHLDO,https://quote.eastmoney.com/us/MHLDO.html
BankofAmericaCorporation,MHM,https://quote.eastmoney.com/us/MHM.html
BlackrockMuniholdingsNewYork,MHN,https://quote.eastmoney.com/us/MHN.html
MaidenHoldingsNorthAmerica,MHNA,https://quote.eastmoney.com/us/MHNA.html
MaidenHoldingsNorthAmerica,MHNB,https://quote.eastmoney.com/us/MHNB.html
MaidenHoldings,MHNB_CL,https://quote.eastmoney.com/us/MHNB_CL.html
MaidenHoldings,MHNB_CL_NYSE,https://quote.eastmoney.com/us/MHNB_CL_NYSE.html
MaidenHoldingsNorthAmerica,MHNC,https://quote.eastmoney.com/us/MHNC.html
M/IHOMESINC,MHO,https://quote.eastmoney.com/us/MHO.html
M/IHomesInc,MHO_A,https://quote.eastmoney.com/us/MHO_A.html
麦格劳希尔,MHP,https://quote.eastmoney.com/us/MHP.html
MAGNUMHUNTERRESOURCESCORPORATION,MHR,https://quote.eastmoney.com/us/MHR.html
MagnumHunterResources,MHR_C,https://quote.eastmoney.com/us/MHR_C.html
MagnumHunterResources,MHR_D,https://quote.eastmoney.com/us/MHR_D.html
MagnumHunterResources,MHR_E,https://quote.eastmoney.com/us/MHR_E.html
MAGNUMHUNTERRESOURCE,MHRPC,https://quote.eastmoney.com/us/MHRPC.html
WesternAssetManagedHighInco,MHY,https://quote.eastmoney.com/us/MHY.html
MACQUARIEINFRASTRUCTURECO,MIC,https://quote.eastmoney.com/us/MIC.html
MicronSolutionsInc,MICR,https://quote.eastmoney.com/us/MICR.html
MICTInc,MICT,https://quote.eastmoney.com/us/MICT.html
MicronetEnertecTechnologiesIncWt,MICTW,https://quote.eastmoney.com/us/MICTW.html
TheMiddlebyCorp,MIDD,https://quote.eastmoney.com/us/MIDD.html
iSharesEdgeMSCIMultifactorU,MIDF,https://quote.eastmoney.com/us/MIDF.html
DirexionDailyMidCapBull3x,MIDU,https://quote.eastmoney.com/us/MIDU.html
DirexionDailyMidCapBear3x,MIDZ,https://quote.eastmoney.com/us/MIDZ.html
Cohen&SteersMlpIncomeAndE,MIE,https://quote.eastmoney.com/us/MIE.html
NOVATELWIRELESSINC,MIFI,https://quote.eastmoney.com/us/MIFI.html
MEADOWBROOKINSURANCEGROUP,MIG,https://quote.eastmoney.com/us/MIG.html
MIIIAcquisitionCorp,MIII,https://quote.eastmoney.com/us/MIII.html
MIIIAcquisitionCorpUnitConsof1Sh+1Wt,MIIIU,https://quote.eastmoney.com/us/MIIIU.html
MIIIAcquisitionCorpWt,MIIIW,https://quote.eastmoney.com/us/MIIIW.html
TheMichaelsCompaniesInc,MIK,https://quote.eastmoney.com/us/MIK.html
MFCINDUSTRIAL,MIL,https://quote.eastmoney.com/us/MIL.html
MILLERENERGYRESOURCESINC,MILL,https://quote.eastmoney.com/us/MILL.html
MillerEnergyResourcesInc,MILL_C,https://quote.eastmoney.com/us/MILL_C.html
MillerEnergyResourcesInc,MILL_D,https://quote.eastmoney.com/us/MILL_D.html
MillerEnergyResourcesInc,MILLO,https://quote.eastmoney.com/us/MILLO.html
GlobalXMillennialsThematicE,MILN,https://quote.eastmoney.com/us/MILN.html
MimecastLtd,MIME,https://quote.eastmoney.com/us/MIME.html
MfsIntermediateIncomeTrust,MIN,https://quote.eastmoney.com/us/MIN.html
AdvisorSharesNewfleetMulti-Se,MINC,https://quote.eastmoney.com/us/MINC.html
米查姆工业,MIND,https://quote.eastmoney.com/us/MIND.html
MitchamIndustries,MINDP,https://quote.eastmoney.com/us/MINDP.html
MobileMiniInc,MINI,https://quote.eastmoney.com/us/MINI.html
PimcoEnhancedShortMaturityA,MINT,https://quote.eastmoney.com/us/MINT.html
MirumPharmaceuticalsInc,MIRM,https://quote.eastmoney.com/us/MIRM.html
MirnaTherapeuticsInc,MIRN,https://quote.eastmoney.com/us/MIRN.html
MilestonePharmaceuticalsInc,MIST,https://quote.eastmoney.com/us/MIST.html
MitekSystemsInc,MITK,https://quote.eastmoney.com/us/MITK.html
MitelNetworksCorp,MITL,https://quote.eastmoney.com/us/MITL.html
StealthBioTherapeuticsCorpADR,MITO,https://quote.eastmoney.com/us/MITO.html
AGMortgageInvestmentTrustInc,MITT,https://quote.eastmoney.com/us/MITT.html
AgMortgageInvestmentTrustIn,MITT_A,https://quote.eastmoney.com/us/MITT_A.html
AgMortgageInvestmentTrustIn,MITT_B,https://quote.eastmoney.com/us/MITT_B.html
EatonVanceMichiganMunicipal,MIW,https://quote.eastmoney.com/us/MIW.html
MiXTelematicsLtdADR,MIXT,https://quote.eastmoney.com/us/MIXT.html
BlackrockMuniyieldMichiganQu,MIY,https://quote.eastmoney.com/us/MIY.html
ETFMGAlternativeHarvestETF,MJ,https://quote.eastmoney.com/us/MJ.html
Majesco,MJCO,https://quote.eastmoney.com/us/MJCO.html
Majesco,MJCO_NASDAQ,https://quote.eastmoney.com/us/MJCO_NASDAQ.html
美赞臣,MJN,https://quote.eastmoney.com/us/MJN.html
ETFMGAlternativeHarvestETF,MJX,https://quote.eastmoney.com/us/MJX.html
味好美,MKC,https://quote.eastmoney.com/us/MKC.html
MCCORMICK&COMPANYINCORPORATEDVOTINGCS,V,https://quote.eastmoney.com/us/MKC/V.html
味好美,MKC_V,https://quote.eastmoney.com/us/MKC_V.html
MARKETINDEXTARGETTERMSECURITIES,MKF,https://quote.eastmoney.com/us/MKF.html
MonakerGroupInc,MKGI,https://quote.eastmoney.com/us/MKGI.html
MARKEL,MKL,https://quote.eastmoney.com/us/MKL.html
MSDWSTRUCTUREDASSETSATURNS,MKS,https://quote.eastmoney.com/us/MKS.html
MKSInstrumentsInc,MKSI,https://quote.eastmoney.com/us/MKSI.html
MAKITACORP-SPONSADR,MKTAY,https://quote.eastmoney.com/us/MKTAY.html
RESPONSYSINC,MKTG,https://quote.eastmoney.com/us/MKTG.html
MARKETO,MKTO,https://quote.eastmoney.com/us/MKTO.html
MarketAxessHoldingsInc,MKTX,https://quote.eastmoney.com/us/MKTX.html
MESALABORATORIESINC,MLA,https://quote.eastmoney.com/us/MLA.html
MesaLaboratoriesInc,MLAB,https://quote.eastmoney.com/us/MLAB.html
新濠博亚娱乐,MLCO,https://quote.eastmoney.com/us/MLCO.html
METLIFEINC5.875%SRNOTESNOV21,MLG,https://quote.eastmoney.com/us/MLG.html
赫尔曼米勒,MLHR,https://quote.eastmoney.com/us/MLHR.html
MUELLERINDUSTRIESINC,MLI,https://quote.eastmoney.com/us/MLI.html
MARTINMARIETTA,MLM,https://quote.eastmoney.com/us/MLM.html
MarketVectors-LongMunicipal,MLN,https://quote.eastmoney.com/us/MLN.html
MillendoTherapeuticsInc,MLND,https://quote.eastmoney.com/us/MLND.html
麦迪实全球解决方案,MLNK,https://quote.eastmoney.com/us/MLNK.html
MelintaTherapeuticsInc,MLNT,https://quote.eastmoney.com/us/MLNT.html
迈勒罗斯科技,MLNX,https://quote.eastmoney.com/us/MLNX.html
MAUILAND&PINEAPPLECO,MLP,https://quote.eastmoney.com/us/MLP.html
GlobalXMLPETF,MLPA,https://quote.eastmoney.com/us/MLPA.html
UBSAG,MLPB,https://quote.eastmoney.com/us/MLPB.html
C-TracksETNsBasedOnPerforma,MLPC,https://quote.eastmoney.com/us/MLPC.html
CitigroupGlobalMarketsHldgs,MLPE,https://quote.eastmoney.com/us/MLPE.html
UBSAGExchangeTradedAccessS,MLPG,https://quote.eastmoney.com/us/MLPG.html
UBSE-TracsAlerianMLPInfrast,MLPI,https://quote.eastmoney.com/us/MLPI.html
GlobalXJuniorMLPETF,MLPJ,https://quote.eastmoney.com/us/MLPJ.html
UBSAG2xmonthlyLeveragedLong,MLPL,https://quote.eastmoney.com/us/MLPL.html
CreditSuisseEqualWeightMLP,MLPN,https://quote.eastmoney.com/us/MLPN.html
CreditSuisseS&PMLPIndexETN,MLPO,https://quote.eastmoney.com/us/MLPO.html
UBSAG,MLPQ,https://quote.eastmoney.com/us/MLPQ.html
UBSAG,MLPS,https://quote.eastmoney.com/us/MLPS.html
UBSAG,MLPV,https://quote.eastmoney.com/us/MLPV.html
UBSAGExchangeTradedAccessS,MLPW,https://quote.eastmoney.com/us/MLPW.html
GlobalXMLP&EnergyInfrastru,MLPX,https://quote.eastmoney.com/us/MLPX.html
MorganStanleyCushingMLPHigh,MLPY,https://quote.eastmoney.com/us/MLPY.html
UBSAG,MLPZ,https://quote.eastmoney.com/us/MLPZ.html
iShares5-10YearInvestmentGr,MLQD,https://quote.eastmoney.com/us/MLQD.html
MILLERINDUSTRIESINC,MLR,https://quote.eastmoney.com/us/MLR.html
MilestoneScientificInc,MLSS,https://quote.eastmoney.com/us/MLSS.html
CreditSuisseX-LinksMulti-Ass,MLTI,https://quote.eastmoney.com/us/MLTI.html
MalvernBancorpInc,MLVF,https://quote.eastmoney.com/us/MLVF.html
MILLENNIALMEDIA,MM,https://quote.eastmoney.com/us/MM.html
MMACapitalManagementLLC,MMAC,https://quote.eastmoney.com/us/MMAC.html
威达信,MMC,https://quote.eastmoney.com/us/MMC.html
MAINSTAYDEFINEDTERMMUNIOPPFUND,MMD,https://quote.eastmoney.com/us/MMD.html
现代媒体收购,MMDM,https://quote.eastmoney.com/us/MMDM.html
ModernMediaAcquisitionCorpR,MMDMR,https://quote.eastmoney.com/us/MMDMR.html
ModernMediaAcquisitionCorpUnitConsof1Sh+,MMDMU,https://quote.eastmoney.com/us/MMDMU.html
ModernMediaAcquisitionCorpWt,MMDMW,https://quote.eastmoney.com/us/MMDMW.html
马库斯米利查普,MMI,https://quote.eastmoney.com/us/MMI.html
IQMacKayMunicipalInsuredETF,MMIN,https://quote.eastmoney.com/us/MMIN.html
IQMacKayMunicipalIntermediat,MMIT,https://quote.eastmoney.com/us/MMIT.html
MartinMidstreamPartnersLP,MMLP,https://quote.eastmoney.com/us/MMLP.html
3M,MMM,https://quote.eastmoney.com/us/MMM.html
MAGELLANMIDSTREAMPARTNERSLP,MMP,https://quote.eastmoney.com/us/MMP.html
MCMORANEXPLORATIONCO,MMR,https://quote.eastmoney.com/us/MMR.html
MAXIMUSINC,MMS,https://quote.eastmoney.com/us/MMS.html
MeritMedicalSystemsInc,MMSI,https://quote.eastmoney.com/us/MMSI.html
MfsMultimarketIncomeTrustSh,MMT,https://quote.eastmoney.com/us/MMT.html
美美证券,MMTC,https://quote.eastmoney.com/us/MMTC.html
SPDRS&P1500MomentumTiltETF,MMTM,https://quote.eastmoney.com/us/MMTM.html
WesternAssetManagedMunicipal,MMU,https://quote.eastmoney.com/us/MMU.html
MAKEMUSICINC,MMUS,https://quote.eastmoney.com/us/MMUS.html
EatonVanceMassachusettsMunic,MMV,https://quote.eastmoney.com/us/MMV.html
MaverixMetalsInc,MMX,https://quote.eastmoney.com/us/MMX.html
MakeMyTripLtd,MMYT,https://quote.eastmoney.com/us/MMYT.html
MANNING&NAPIER,MN,https://quote.eastmoney.com/us/MN.html
IQArbMergerArbitrageETF,MNA,https://quote.eastmoney.com/us/MNA.html
MonocleAcquisitionCorp,MNCL,https://quote.eastmoney.com/us/MNCL.html
MonocleAcquisitionCorpUnitConsof1Sh+1Wt,MNCLU,https://quote.eastmoney.com/us/MNCLU.html
MonocleAcquisitionCorpWt,MNCLW,https://quote.eastmoney.com/us/MNCLW.html
思维终端科技,MNDO,https://quote.eastmoney.com/us/MNDO.html
BlackrockMuniNewYorkInterme,MNE,https://quote.eastmoney.com/us/MNE.html
TaronisTechnologiesInc,MNGA,https://quote.eastmoney.com/us/MNGA.html
BLUEWOLFMONGOLIAHOLDINGS,MNGLU,https://quote.eastmoney.com/us/MNGLU.html
MCCLATCHYCO-CLASSA,MNI,https://quote.eastmoney.com/us/MNI.html
Mallinckrodtplc,MNK,https://quote.eastmoney.com/us/MNK.html
曼恩凯德生物医疗,MNKD,https://quote.eastmoney.com/us/MNKD.html
MenloTherapeuticsInc,MNLO,https://quote.eastmoney.com/us/MNLO.html
美第奇新星生物技术,MNOV,https://quote.eastmoney.com/us/MNOV.html
WesternAssetMunicipalPartner,MNP,https://quote.eastmoney.com/us/MNP.html
MONMOUTHREALESTATEINVESTMENT,MNR,https://quote.eastmoney.com/us/MNR.html
MonmouthRealEstateInvestment,MNR_A,https://quote.eastmoney.com/us/MNR_A.html
MonmouthRealEstateInvestment,MNR_A_CL,https://quote.eastmoney.com/us/MNR_A_CL.html
MonmouthRealEstateInvestment,MNR_B,https://quote.eastmoney.com/us/MNR_B.html
MonmouthRealEstateInvestment,MNR_B_CL,https://quote.eastmoney.com/us/MNR_B_CL.html
MonmouthRealEstateInvestment,MNR_C,https://quote.eastmoney.com/us/MNR_C.html
MONARCHFINANCIALHOLDINGS,MNRK,https://quote.eastmoney.com/us/MNRK.html
MONARCHFINANCIALHOLDINGS,MNRKP,https://quote.eastmoney.com/us/MNRKP.html
BrighamMineralsInc-A,MNRL,https://quote.eastmoney.com/us/MNRL.html
MonroInc,MNRO,https://quote.eastmoney.com/us/MNRO.html
MONMOUTHREALESTATEINVESTMENT,MNRPA,https://quote.eastmoney.com/us/MNRPA.html
MainStreetBancsharesInc,MNSB,https://quote.eastmoney.com/us/MNSB.html
御花园度假村,MNSI,https://quote.eastmoney.com/us/MNSI.html
怪物饮料,MNST,https://quote.eastmoney.com/us/MNST.html
MomentaPharmaceuticalsInc,MNTA,https://quote.eastmoney.com/us/MNTA.html
MTRGAMINGGROUPINC,MNTG,https://quote.eastmoney.com/us/MNTG.html
ManitexInternationalInc,MNTX,https://quote.eastmoney.com/us/MNTX.html
高特利,MO,https://quote.eastmoney.com/us/MO.html
MarketVectorsETFTrust,MOAT,https://quote.eastmoney.com/us/MOAT.html
斯凯,MOBI,https://quote.eastmoney.com/us/MOBI.html
MobileIronInc,MOBL,https://quote.eastmoney.com/us/MOBL.html
COMMANDSECURITYCORPORATION,MOC,https://quote.eastmoney.com/us/MOC.html
MOCONInc,MOCO,https://quote.eastmoney.com/us/MOCO.html
MODINEMANUFACTURINGCO,MOD,https://quote.eastmoney.com/us/MOD.html
ModelNInc,MODN,https://quote.eastmoney.com/us/MODN.html
MidWestOneFinancialGroupInc,MOFG,https://quote.eastmoney.com/us/MOFG.html
MOOGInc,A,https://quote.eastmoney.com/us/MOG/A.html
MOOGINCCLB,B,https://quote.eastmoney.com/us/MOG/B.html
穆格-A,MOG_A,https://quote.eastmoney.com/us/MOG_A.html
穆格-B,MOG_B,https://quote.eastmoney.com/us/MOG_B.html
GabelliNextSharesTrust,MOGLC,https://quote.eastmoney.com/us/MOGLC.html
MogoInc,MOGO,https://quote.eastmoney.com/us/MOGO.html
蘑菇街,MOGU,https://quote.eastmoney.com/us/MOGU.html
MOLINAHEALTHCAREINC,MOH,https://quote.eastmoney.com/us/MOH.html
MOKOSOCIALMEDIALTD,MOKO,https://quote.eastmoney.com/us/MOKO.html
MolinoCanuelasSACIFIAADR,MOLC,https://quote.eastmoney.com/us/MOLC.html
"MOLGLOBAL,INC.",MOLG,https://quote.eastmoney.com/us/MOLG.html
莫仕,MOLX,https://quote.eastmoney.com/us/MOLX.html
莫仕,MOLXA,https://quote.eastmoney.com/us/MOLXA.html
QuantSharesU.S.MarketNeutral,MOM,https://quote.eastmoney.com/us/MOM.html
陌陌,MOMO,https://quote.eastmoney.com/us/MOMO.html
孟山都,MON,https://quote.eastmoney.com/us/MON.html
澜起科技,MONT,https://quote.eastmoney.com/us/MONT.html
iSharesFinancialsBondETF,MONY,https://quote.eastmoney.com/us/MONY.html
MarketVectorsAgribusinessETF,MOO,https://quote.eastmoney.com/us/MOO.html
MorphoSysAGADR,MOR,https://quote.eastmoney.com/us/MOR.html
MonogramResidentialTrustInc,MORE,https://quote.eastmoney.com/us/MORE.html
MorphicHoldingInc,MORF,https://quote.eastmoney.com/us/MORF.html
EtracsMonthlyPay2xleveraged,MORL,https://quote.eastmoney.com/us/MORL.html
晨星,MORN,https://quote.eastmoney.com/us/MORN.html
MarketVectorsMortgageReitIn,MORT,https://quote.eastmoney.com/us/MORT.html
美盛化肥,MOS,https://quote.eastmoney.com/us/MOS.html
MosaicAcquisitionCorp-A,MOSC,https://quote.eastmoney.com/us/MOSC.html
MosaicAcquisitionCorpUnitConsof1CLA+1/3,MOSC_U,https://quote.eastmoney.com/us/MOSC_U.html
MosaicAcquisitionCorpWt,MOSC_WS,https://quote.eastmoney.com/us/MOSC_WS.html
正一科技,MOSY,https://quote.eastmoney.com/us/MOSY.html
MotaGroupInc,MOTA,https://quote.eastmoney.com/us/MOTA.html
MotaGroupIncWt,MOTAW,https://quote.eastmoney.com/us/MOTAW.html
MarketVectorsMorningstarInte,MOTI,https://quote.eastmoney.com/us/MOTI.html
SmartTransportationETF,MOTO,https://quote.eastmoney.com/us/MOTO.html
MOTRICITYINC,MOTR,https://quote.eastmoney.com/us/MOTR.html
MotusGIHoldingsInc,MOTS,https://quote.eastmoney.com/us/MOTS.html
MOVADOGROUPINC,MOV,https://quote.eastmoney.com/us/MOV.html
MOVEINC,MOVE,https://quote.eastmoney.com/us/MOVE.html
魔线,MOXC,https://quote.eastmoney.com/us/MOXC.html
MississippiPowerCompany,MP_D,https://quote.eastmoney.com/us/MP_D.html
BlackrockMuniyieldPennsylvani,MPA,https://quote.eastmoney.com/us/MPA.html
MotorcarPartsofAmericaInc,MPAA,https://quote.eastmoney.com/us/MPAA.html
Matlin&PartnersAcquisitionCorp-A,MPAC,https://quote.eastmoney.com/us/MPAC.html
Matlin&PartnersAcquisitionCorpUnitConsof1,MPACU,https://quote.eastmoney.com/us/MPACU.html
Matlin&PartnersAcquisitionCorpWt,MPACW,https://quote.eastmoney.com/us/MPACW.html
MIDPENNBANCORPINC,MPB,https://quote.eastmoney.com/us/MPB.html
马拉松原油,MPC,https://quote.eastmoney.com/us/MPC.html
iSharesSustainableMSCIGlobal,MPCT,https://quote.eastmoney.com/us/MPCT.html
MARKETINDEXTARGETTERMSECURITIES,MPE,https://quote.eastmoney.com/us/MPE.html
新濠博亚娱乐,MPEL,https://quote.eastmoney.com/us/MPEL.html
MAGELLANPETROLEUMCORP,MPET,https://quote.eastmoney.com/us/MPET.html
METALDYNEPERFORMANCEGROUPINC.,MPG,https://quote.eastmoney.com/us/MPG.html
MPLXLP,MPLX,https://quote.eastmoney.com/us/MPLX.html
MPMHoldingsInc,MPMH,https://quote.eastmoney.com/us/MPMH.html
MIDSTATESPETROLEUMCOMPANY,MPO,https://quote.eastmoney.com/us/MPO.html
MIDSTATESPETROLEUMCOMPANY,MPO_NYSE,https://quote.eastmoney.com/us/MPO_NYSE.html
MET-PROCORP,MPR,https://quote.eastmoney.com/us/MPR.html
MultiPackagingSolutionsInternationalLtd,MPSX,https://quote.eastmoney.com/us/MPSX.html
BabsonCapitalParticipationIn,MPV,https://quote.eastmoney.com/us/MPV.html
MountainProvinceDiamondsInc,MPVD,https://quote.eastmoney.com/us/MPVD.html
MountainProvinceDiamondsInc,MPVD_NASDAQ,https://quote.eastmoney.com/us/MPVD_NASDAQ.html
MEDICALPROPERTIESTRUSTINC,MPW,https://quote.eastmoney.com/us/MPW.html
MonolithicPowerSystemsInc,MPWR,https://quote.eastmoney.com/us/MPWR.html
MARINEPRODUCTSCORP,MPX,https://quote.eastmoney.com/us/MPX.html
BlackrockMuniYieldQualityFu,MQT,https://quote.eastmoney.com/us/MQT.html
BlackrockMuniYieldQualityFu,MQY,https://quote.eastmoney.com/us/MQY.html
迈瑞,MR,https://quote.eastmoney.com/us/MR.html
EverspinTechnologiesInc,MRAM,https://quote.eastmoney.com/us/MRAM.html
MeridianCorp,MRBK,https://quote.eastmoney.com/us/MRBK.html
MRCGLOBAL,MRC,https://quote.eastmoney.com/us/MRC.html
MonroeCapitalCorp,MRCC,https://quote.eastmoney.com/us/MRCC.html
MonroeCapitalCorpNotes,MRCCL,https://quote.eastmoney.com/us/MRCCL.html
MercurySystemsInc,MRCY,https://quote.eastmoney.com/us/MRCY.html
MEMORIALRESOURCEDEVELOPMENTCORP.,MRD,https://quote.eastmoney.com/us/MRD.html
MeridianWasteSolutionsInc,MRDN,https://quote.eastmoney.com/us/MRDN.html
MeridianWasteSolutionsIncWt,MRDNW,https://quote.eastmoney.com/us/MRDNW.html
MereoBioPharmaGroupplcADR,MREO,https://quote.eastmoney.com/us/MREO.html
MERGEHEALTHCAREINC,MRGE,https://quote.eastmoney.com/us/MRGE.html
ProSharesMergerETF,MRGR,https://quote.eastmoney.com/us/MRGR.html
MONTPELIERREHOLDINGSLTD,MRH,https://quote.eastmoney.com/us/MRH.html
MontpelierReHoldingsLtd,MRH_A,https://quote.eastmoney.com/us/MRH_A.html
MontpelierReHoldingsLtd,MRH_A_CL,https://quote.eastmoney.com/us/MRH_A_CL.html
MRIInterventionsInc,MRIC,https://quote.eastmoney.com/us/MRIC.html
MarinSoftwareInc,MRIN,https://quote.eastmoney.com/us/MRIN.html
默克,MRK,https://quote.eastmoney.com/us/MRK.html
MERCK&COMPANY,MRKPB,https://quote.eastmoney.com/us/MRKPB.html
MarkerTherapeuticsInc,MRKR,https://quote.eastmoney.com/us/MRKR.html
MARKITLTD.,MRKT,https://quote.eastmoney.com/us/MRKT.html
MarlinBusinessServicesCorp,MRLN,https://quote.eastmoney.com/us/MRLN.html
ModernaInc,MRNA,https://quote.eastmoney.com/us/MRNA.html
MarinusPharmaceuticalsInc,MRNS,https://quote.eastmoney.com/us/MRNS.html
马拉松石油,MRO,https://quote.eastmoney.com/us/MRO.html
UBSAG,MRRL,https://quote.eastmoney.com/us/MRRL.html
梅莎娜制药,MRSN,https://quote.eastmoney.com/us/MRSN.html
MedEquitiesRealtyTrustInc,MRT,https://quote.eastmoney.com/us/MRT.html
马尔登运输,MRTN,https://quote.eastmoney.com/us/MRTN.html
MiratiTherapeuticsInc,MRTX,https://quote.eastmoney.com/us/MRTX.html
MerusNV,MRUS,https://quote.eastmoney.com/us/MRUS.html
MRVCommunicationsInc,MRVC,https://quote.eastmoney.com/us/MRVC.html
迈威尔科技,MRVL,https://quote.eastmoney.com/us/MRVL.html
摩根士丹利,MS,https://quote.eastmoney.com/us/MS.html
MorganStanley,MS_A,https://quote.eastmoney.com/us/MS_A.html
MorganStanley,MS_E,https://quote.eastmoney.com/us/MS_E.html
MorganStanley,MS_F,https://quote.eastmoney.com/us/MS_F.html
MorganStanley,MS_G,https://quote.eastmoney.com/us/MS_G.html
MorganStanley,MS_I,https://quote.eastmoney.com/us/MS_I.html
MorganStanley,MS_K,https://quote.eastmoney.com/us/MS_K.html
MINESAFETYAPPLIANCESCO,MSA,https://quote.eastmoney.com/us/MSA.html
MESABITRUST,MSB,https://quote.eastmoney.com/us/MSB.html
MSBFinancialCorp,MSBF,https://quote.eastmoney.com/us/MSBF.html
MidlandStatesBancorpInc,MSBI,https://quote.eastmoney.com/us/MSBI.html
新濠影汇,MSC,https://quote.eastmoney.com/us/MSC.html
MainStreetCapitalCorporation,MSCA,https://quote.eastmoney.com/us/MSCA.html
美高森美,MSCC,https://quote.eastmoney.com/us/MSCC.html
明晟,MSCI,https://quote.eastmoney.com/us/MSCI.html
MSEMERGMKTSDEBTFD,MSD,https://quote.eastmoney.com/us/MSD.html
MonsterDigitalInc,MSDI,https://quote.eastmoney.com/us/MSDI.html
MonsterDigitalIncWt,MSDIW,https://quote.eastmoney.com/us/MSDIW.html
米德尔赛克斯水务公司,MSEX,https://quote.eastmoney.com/us/MSEX.html
MorganStanleyEmergingMarkets,MSF,https://quote.eastmoney.com/us/MSF.html
MainSourceFinancialGroupInc,MSFG,https://quote.eastmoney.com/us/MSFG.html
微软,MSFT,https://quote.eastmoney.com/us/MSFT.html
MADISONSQUAREGARDEN,MSG,https://quote.eastmoney.com/us/MSG.html
MSGNetworksInc-A,MSGN,https://quote.eastmoney.com/us/MSGN.html
摩托罗拉解决方案,MSI,https://quote.eastmoney.com/us/MSI.html
MORGANSTANLEYCAPITALTRUSTVI6.60%C,MSJ,https://quote.eastmoney.com/us/MSJ.html
MorganStanleyCapitalTrust,MSJ_CL,https://quote.eastmoney.com/us/MSJ_CL.html
MORGANSTANLEYCAPITALTRUSTVIII6.45%,MSK,https://quote.eastmoney.com/us/MSK.html
MorganStanleyCapitalTrustVI,MSK_CL,https://quote.eastmoney.com/us/MSK_CL.html
MIDSOUTHBANCORPINC,MSL,https://quote.eastmoney.com/us/MSL.html
MerusLabsInternationalInc,MSLI,https://quote.eastmoney.com/us/MSLI.html
MSC,MSM,https://quote.eastmoney.com/us/MSM.html
EMERSONRADIOCORP,MSN,https://quote.eastmoney.com/us/MSN.html
MARTHASTEWARTLIVING-CLA,MSO,https://quote.eastmoney.com/us/MSO.html
MisonixInc,MSON,https://quote.eastmoney.com/us/MSON.html
MadisonStrategicSectorPremiu,MSP,https://quote.eastmoney.com/us/MSP.html
