name_cn,name_en,url
安捷伦,A,https://quote.eastmoney.com/us/A.html
美国铝业,AA,https://quote.eastmoney.com/us/AA.html
AlcoaInc,AA_,https://quote.eastmoney.com/us/AA_.html
AlcoaInc,AA_B,https://quote.eastmoney.com/us/AA_B.html
AdvancedAcceleratorApplicationsSAADR,AAAP,https://quote.eastmoney.com/us/AAAP.html
PerthMintPhysicalGoldETF,AAAU,https://quote.eastmoney.com/us/AAAU.html
雅虎,AABA,https://quote.eastmoney.com/us/AABA.html
AACHoldingsInc,AAC,https://quote.eastmoney.com/us/AAC.html
ASSETACCEPTANCECAPITAL,AACC,https://quote.eastmoney.com/us/AACC.html
WCMBNYMellonFocusedGrowthA,AADR,https://quote.eastmoney.com/us/AADR.html
iSharesMSCIAllCountryAsiaI,AAIT,https://quote.eastmoney.com/us/AAIT.html
美国航空,AAL,https://quote.eastmoney.com/us/AAL.html
AltisourceAssetManagementCorp,AAMC,https://quote.eastmoney.com/us/AAMC.html
美国大西洋,AAME,https://quote.eastmoney.com/us/AAME.html
AARON'S,AAN,https://quote.eastmoney.com/us/AAN.html
应用光电,AAOI,https://quote.eastmoney.com/us/AAOI.html
艾伦建材,AAON,https://quote.eastmoney.com/us/AAON.html
ADVANCEAUTOPARTS,AAP,https://quote.eastmoney.com/us/AAP.html
AtlanticAlliancePartnershipCorp,AAPC,https://quote.eastmoney.com/us/AAPC.html
苹果,AAPL,https://quote.eastmoney.com/us/AAPL.html
AMERICANASSETSTRUSTINC,AAT,https://quote.eastmoney.com/us/AAT.html
ALMADENMINERALSLTD,AAU,https://quote.eastmoney.com/us/AAU.html
ADVANTAGEOIL&GASLTD,AAV,https://quote.eastmoney.com/us/AAV.html
"AVALANCHEBIOTECHNOLOGIES,INC.",AAVL,https://quote.eastmoney.com/us/AAVL.html
阿特拉斯环球航空,AAWW,https://quote.eastmoney.com/us/AAWW.html
iSharesMSCIAllCountryAsiaE,AAXJ,https://quote.eastmoney.com/us/AAXJ.html
AxonEnterpriseInc,AAXN,https://quote.eastmoney.com/us/AAXN.html
ALLIANCEBERNSTEIN,AB,https://quote.eastmoney.com/us/AB.html
人民天力,ABAC,https://quote.eastmoney.com/us/ABAC.html
爱贝斯,ABAX,https://quote.eastmoney.com/us/ABAX.html
ABBLTD-SPONADR,ABB,https://quote.eastmoney.com/us/ABB.html
艾伯维,ABBV,https://quote.eastmoney.com/us/ABBV.html
美源伯根,ABC,https://quote.eastmoney.com/us/ABC.html
AmerisBancorp,ABCB,https://quote.eastmoney.com/us/ABCB.html
加博教育集团,ABCD,https://quote.eastmoney.com/us/ABCD.html
艾瑞博德,ABCO,https://quote.eastmoney.com/us/ABCO.html
ANCHORBANCORPWISCONSININC,ABCW,https://quote.eastmoney.com/us/ABCW.html
AlcentraCapitalCorp,ABDC,https://quote.eastmoney.com/us/ABDC.html
ABERDEENEMERGINGMKTSTELE&INFRA,ABE,https://quote.eastmoney.com/us/ABE.html
AbeonaTherapeuticsInc,ABEO,https://quote.eastmoney.com/us/ABEO.html
AbeonaTherapeuticsIncWt,ABEOW,https://quote.eastmoney.com/us/ABEOW.html
AmbevSAADR,ABEV,https://quote.eastmoney.com/us/ABEV.html
ASBURYAUTOMOTIVEGROUP,ABG,https://quote.eastmoney.com/us/ABG.html
ABENGOA,ABGB,https://quote.eastmoney.com/us/ABGB.html
AbilityInc,ABIL,https://quote.eastmoney.com/us/ABIL.html
AbilityInc.,ABILW,https://quote.eastmoney.com/us/ABILW.html
方舟生物医药,ABIO,https://quote.eastmoney.com/us/ABIO.html
ABMINDUSTRIESINC,ABM,https://quote.eastmoney.com/us/ABM.html
阿比奥梅德,ABMD,https://quote.eastmoney.com/us/ABMD.html
AbproCorp,ABP,https://quote.eastmoney.com/us/ABP.html
ARBORREALTYTRUST,ABR,https://quote.eastmoney.com/us/ABR.html
ArborRealtyTrustInc,ABR_A,https://quote.eastmoney.com/us/ABR_A.html
ArborRealtyTrustInc,ABR_B,https://quote.eastmoney.com/us/ABR_B.html
ArborRealtyTrustInc,ABR_C,https://quote.eastmoney.com/us/ABR_C.html
ArborRealtyTrustInc,ABRN,https://quote.eastmoney.com/us/ABRN.html
AlbertsonsCompaniesInc,ABS,https://quote.eastmoney.com/us/ABS.html
雅培制药,ABT,https://quote.eastmoney.com/us/ABT.html
AutobytelInc,ABTL,https://quote.eastmoney.com/us/ABTL.html
AllegianceBancsharesInc,ABTX,https://quote.eastmoney.com/us/ABTX.html
ArbutusBiopharmaCorp,ABUS,https://quote.eastmoney.com/us/ABUS.html
COMPANHIADEBEBIDAS-PRFADR,ABV,https://quote.eastmoney.com/us/ABV.html
COMPANHIADEBEBIDAS-ADR,ABV_C,https://quote.eastmoney.com/us/ABV_C.html
BARRICKGOLDCORP,ABX,https://quote.eastmoney.com/us/ABX.html
AtlanticaYieldplc,ABY,https://quote.eastmoney.com/us/ABY.html
AssociatedCapitalGroupInc-A,AC,https://quote.eastmoney.com/us/AC.html
AssociatedCapitalGroupInc,AC_WD,https://quote.eastmoney.com/us/AC_WD.html
ArcosaInc,ACA,https://quote.eastmoney.com/us/ACA.html
阿卡迪亚,ACAD,https://quote.eastmoney.com/us/ACAD.html
AcamarPartnersAcquisitionCorp-A,ACAM,https://quote.eastmoney.com/us/ACAM.html
AcamarPartnersAcquisitionCorpUnitConsof1CL,ACAMU,https://quote.eastmoney.com/us/ACAMU.html
AcamarPartnersAcquisitionCorpWt,ACAMW,https://quote.eastmoney.com/us/ACAMW.html
美国资本有限公司,ACAS,https://quote.eastmoney.com/us/ACAS.html
北极猫公司,ACAT,https://quote.eastmoney.com/us/ACAT.html
ArcosaInc,ACAW,https://quote.eastmoney.com/us/ACAW.html
AuroraCannabisInc,ACB,https://quote.eastmoney.com/us/ACB.html
AtlanticCapitalBancsharesInc,ACBI,https://quote.eastmoney.com/us/ACBI.html
AMERICANCAMPUSCOMMUNITIES,ACC,https://quote.eastmoney.com/us/ACC.html
ACCELRYSINC,ACCL,https://quote.eastmoney.com/us/ACCL.html
爱可品牌,ACCO,https://quote.eastmoney.com/us/ACCO.html
AcceleratedPharmaInc,ACCP,https://quote.eastmoney.com/us/ACCP.html
AcceleratedPharmaIncSeriesAWt,ACCPW,https://quote.eastmoney.com/us/ACCPW.html
ACE,ACE,https://quote.eastmoney.com/us/ACE.html
AcerTherapeuticsInc,ACER,https://quote.eastmoney.com/us/ACER.html
AcerTherapeuticsInc.Wt,ACERW,https://quote.eastmoney.com/us/ACERW.html
ALPSCleanEnergyETF,ACES,https://quote.eastmoney.com/us/ACES.html
艾切托,ACET,https://quote.eastmoney.com/us/ACET.html
艾切托,ACETQ,https://quote.eastmoney.com/us/ACETQ.html
AtlanticCoastFinancialCorp,ACFC,https://quote.eastmoney.com/us/ACFC.html
ACORNENERGYINC,ACFN,https://quote.eastmoney.com/us/ACFN.html
AlliancebernsteinIncomeFundI,ACG,https://quote.eastmoney.com/us/ACG.html
艾奇资本,ACGL,https://quote.eastmoney.com/us/ACGL.html
ArchCapitalGroupLtdSeriesF,ACGLO,https://quote.eastmoney.com/us/ACGLO.html
ArchCapitalGroupLtd,ACGLP,https://quote.eastmoney.com/us/ACGLP.html
中国铝业,ACH,https://quote.eastmoney.com/us/ACH.html
阿卡迪亚医疗,ACHC,https://quote.eastmoney.com/us/ACHC.html
ACCRETIVEHEALTHINC,ACHI,https://quote.eastmoney.com/us/ACHI.html
爱克莱恩,ACHN,https://quote.eastmoney.com/us/ACHN.html
AchieveLifeSciencesInc,ACHV,https://quote.eastmoney.com/us/ACHV.html
ARCHCOALINC,ACI,https://quote.eastmoney.com/us/ACI.html
AcaciaCommunicationsInc,ACIA,https://quote.eastmoney.com/us/ACIA.html
SPDRMSCIACWIIMIETF,ACIM,https://quote.eastmoney.com/us/ACIM.html
AptusCollaredIncomeOpportuni,ACIO,https://quote.eastmoney.com/us/ACIO.html
ACImmuneSA,ACIU,https://quote.eastmoney.com/us/ACIU.html
ACIWorldwideInc,ACIW,https://quote.eastmoney.com/us/ACIW.html
AxcelisTechnologiesInc,ACLS,https://quote.eastmoney.com/us/ACLS.html
AccelerizeInc.,ACLZ,https://quote.eastmoney.com/us/ACLZ.html
AECOM,ACM,https://quote.eastmoney.com/us/ACM.html
ACMResearchInc-A,ACMR,https://quote.eastmoney.com/us/ACMR.html
埃森哲,ACN,https://quote.eastmoney.com/us/ACN.html
ACNBCorp,ACNB,https://quote.eastmoney.com/us/ACNB.html
AMCOLINTERNATIONALCORP,ACO,https://quote.eastmoney.com/us/ACO.html
阿索尔达治疗,ACOR,https://quote.eastmoney.com/us/ACOR.html
AvenueIncomeCreditStrategies,ACP,https://quote.eastmoney.com/us/ACP.html
艾泰沃,ACPW,https://quote.eastmoney.com/us/ACPW.html
阿瑞斯商业地产,ACRE,https://quote.eastmoney.com/us/ACRE.html
AclarisTherapeuticsInc,ACRS,https://quote.eastmoney.com/us/ACRS.html
AcelRxPharmaceuticalsInc,ACRX,https://quote.eastmoney.com/us/ACRX.html
AmericanCapitalSeniorFloatingLtd,ACSF,https://quote.eastmoney.com/us/ACSF.html
XtrackersMSCIACWIexUSAESG,ACSG,https://quote.eastmoney.com/us/ACSG.html
AmericanCustomerSatisfaction,ACSI,https://quote.eastmoney.com/us/ACSI.html
AcastiPharmaInc-A,ACST,https://quote.eastmoney.com/us/ACST.html
ACTAVISINC,ACT,https://quote.eastmoney.com/us/ACT.html
ActavisPlc5.500%MandatoryCo,ACT_A,https://quote.eastmoney.com/us/ACT_A.html
ActuaCorp,ACTA,https://quote.eastmoney.com/us/ACTA.html
阿卡西亚,ACTG,https://quote.eastmoney.com/us/ACTG.html
炬力,ACTS,https://quote.eastmoney.com/us/ACTS.html
ActIIGlobalAcquisitionCorp-A,ACTT,https://quote.eastmoney.com/us/ACTT.html
ActIIGlobalAcquisitionCorpUnitConsof1CLA,ACTTU,https://quote.eastmoney.com/us/ACTTU.html
ActIIGlobalAcquisitionCorpWt,ACTTW,https://quote.eastmoney.com/us/ACTTW.html
ACTIVENETWORK,ACTV,https://quote.eastmoney.com/us/ACTV.html
GlobalXGuruActivistETF,ACTX,https://quote.eastmoney.com/us/ACTX.html
ACMEUNITEDCORP,ACU,https://quote.eastmoney.com/us/ACU.html
阿库拉制药,ACUR,https://quote.eastmoney.com/us/ACUR.html
AllianzGIDiversifiedIncome&ConvertibleFund,ACV,https://quote.eastmoney.com/us/ACV.html
ACCURIDECORPORATIONNEW,ACW,https://quote.eastmoney.com/us/ACW.html
iSharesFactorselectMSCIGloba,ACWF,https://quote.eastmoney.com/us/ACWF.html
iSharesMSCIAcwiETF,ACWI,https://quote.eastmoney.com/us/ACWI.html
iSharesMSCIAllCountryWorld,ACWV,https://quote.eastmoney.com/us/ACWV.html
iSharesMSCIAcwiExUsETF,ACWX,https://quote.eastmoney.com/us/ACWX.html
安客诚,ACXM,https://quote.eastmoney.com/us/ACXM.html
AEROCENTURYCORP,ACY,https://quote.eastmoney.com/us/ACY.html
ADAMAAGRICULTURALSOLUTIONSLTD.,ADAM,https://quote.eastmoney.com/us/ADAM.html
AdaptimmuneTherapeuticsplcADR,ADAP,https://quote.eastmoney.com/us/ADAP.html
奥特控股,ADAT,https://quote.eastmoney.com/us/ADAT.html
奥多比,ADBE,https://quote.eastmoney.com/us/ADBE.html
AGREEREALTYCORPORATION,ADC,https://quote.eastmoney.com/us/ADC.html
ADEPTTECHNOLOGYINC,ADEP,https://quote.eastmoney.com/us/ADEP.html
AdvancedEmissionsSolutionsInc,ADES,https://quote.eastmoney.com/us/ADES.html
AmericanDGEnergyInc,ADGE,https://quote.eastmoney.com/us/ADGE.html
AlcobraLtd,ADHD,https://quote.eastmoney.com/us/ADHD.html
模拟器件,ADI,https://quote.eastmoney.com/us/ADI.html
AdialPharmaceuticalsInc,ADIL,https://quote.eastmoney.com/us/ADIL.html
AdialPharmaceuticalsIncWt,ADILW,https://quote.eastmoney.com/us/ADILW.html
AdaptiveInsightsInc,ADIN,https://quote.eastmoney.com/us/ADIN.html
ADCAREHEALTHSYSTEMSINC,ADK,https://quote.eastmoney.com/us/ADK.html
AdcareHealthSystemsInc,ADK_A,https://quote.eastmoney.com/us/ADK_A.html
ADM,ADM,https://quote.eastmoney.com/us/ADM.html
ADMABiologicsInc,ADMA,https://quote.eastmoney.com/us/ADMA.html
AdamisPharmaceuticalsCorp,ADMP,https://quote.eastmoney.com/us/ADMP.html
AdamasPharmaceuticalsInc,ADMS,https://quote.eastmoney.com/us/ADMS.html
AUDIENCE,ADNC,https://quote.eastmoney.com/us/ADNC.html
Adientplc,ADNT,https://quote.eastmoney.com/us/ADNT.html
阿朵玛尼,ADOM,https://quote.eastmoney.com/us/ADOM.html
自动数据处理,ADP,https://quote.eastmoney.com/us/ADP.html
AdaptiveBiotechnologiesCorp,ADPT,https://quote.eastmoney.com/us/ADPT.html
BldrsAsia50AdrIndexFund,ADRA,https://quote.eastmoney.com/us/ADRA.html
BldrsDevelopedMarkets100Adr,ADRD,https://quote.eastmoney.com/us/ADRD.html
BldrsEmergingMarkets50AdrI,ADRE,https://quote.eastmoney.com/us/ADRE.html
AduroBiotechInc,ADRO,https://quote.eastmoney.com/us/ADRO.html
BldrsEurope100AdrIndexFund,ADRU,https://quote.eastmoney.com/us/ADRU.html
联合数据系统,ADS,https://quote.eastmoney.com/us/ADS.html
欧特克,ADSK,https://quote.eastmoney.com/us/ADSK.html
AdvancedDisposalServicesInc,ADSW,https://quote.eastmoney.com/us/ADSW.html
ADTCORP,ADT,https://quote.eastmoney.com/us/ADT.html
亚川,ADTN,https://quote.eastmoney.com/us/ADTN.html
爱德斯,ADUS,https://quote.eastmoney.com/us/ADUS.html
AdverumBiotechnologiesInc,ADVM,https://quote.eastmoney.com/us/ADVM.html
ADVENT,ADVS,https://quote.eastmoney.com/us/ADVS.html
AdamsDiversifiedEquityFundI,ADX,https://quote.eastmoney.com/us/ADX.html
AdvaxisInc,ADXS,https://quote.eastmoney.com/us/ADXS.html
AdvaxisIncWt,ADXSW,https://quote.eastmoney.com/us/ADXSW.html
飞鹤国际,ADY,https://quote.eastmoney.com/us/ADY.html
AdynxxInc,ADYX,https://quote.eastmoney.com/us/ADYX.html
DBAgricultureShortETNDueAp,ADZ,https://quote.eastmoney.com/us/ADZ.html
ADAMSRESOURCES&ENERGYINC,AE,https://quote.eastmoney.com/us/AE.html
AEGONNV,AEB,https://quote.eastmoney.com/us/AEB.html
ASSOCIATEDESTATESREALTY,AEC,https://quote.eastmoney.com/us/AEC.html
AEGONNV,AED,https://quote.eastmoney.com/us/AED.html
AegonNVCapitalSecurities,AED_CL,https://quote.eastmoney.com/us/AED_CL.html
阿莫林,AEE,https://quote.eastmoney.com/us/AEE.html
AEGONNV,AEF,https://quote.eastmoney.com/us/AEF.html
AEGONNV-ADR,AEG,https://quote.eastmoney.com/us/AEG.html
AegionCorp-A,AEGN,https://quote.eastmoney.com/us/AEGN.html
Aegerion制药,AEGR,https://quote.eastmoney.com/us/AEGR.html
AEGONNV,AEH,https://quote.eastmoney.com/us/AEH.html
AehrTestSystems,AEHR,https://quote.eastmoney.com/us/AEHR.html
先进能源工业,AEIS,https://quote.eastmoney.com/us/AEIS.html
AegonNV,AEK,https://quote.eastmoney.com/us/AEK.html
AMERICANEQUITYINVTLIFEHL,AEL,https://quote.eastmoney.com/us/AEL.html
AGNICO-EAGLEMINESLTD,AEM,https://quote.eastmoney.com/us/AEM.html
AethlonMedicalInc,AEMD,https://quote.eastmoney.com/us/AEMD.html
美国鹰,AEO,https://quote.eastmoney.com/us/AEO.html
美国电力,AEP,https://quote.eastmoney.com/us/AEP.html
AmericanElectricPowerCompany,AEP_B,https://quote.eastmoney.com/us/AEP_B.html
AEP工业公司,AEPI,https://quote.eastmoney.com/us/AEPI.html
AERCAPHOLDINGSNV,AER,https://quote.eastmoney.com/us/AER.html
AeriePharmaceuticalsInc,AERI,https://quote.eastmoney.com/us/AERI.html
爱依斯电力,AES,https://quote.eastmoney.com/us/AES.html
AesTrustIII6.75%ConvPfd,AES_C,https://quote.eastmoney.com/us/AES_C.html
TheAESCorporation,AES_C_CL,https://quote.eastmoney.com/us/AES_C_CL.html
AlliedEsportsEntertainmentInc,AESE,https://quote.eastmoney.com/us/AESE.html
AlliedEsportsEntertainmentIncWt,AESEW,https://quote.eastmoney.com/us/AESEW.html
安泰保险,AET,https://quote.eastmoney.com/us/AET.html
美国电力技术,AETI,https://quote.eastmoney.com/us/AETI.html
ANADARKOPETROLEUMCORP,AEUA,https://quote.eastmoney.com/us/AEUA.html
AEGONNV,AEV,https://quote.eastmoney.com/us/AEV.html
ADDVANTAGETECHNOLOGIESGRP,AEY,https://quote.eastmoney.com/us/AEY.html
AudioEyeInc,AEYE,https://quote.eastmoney.com/us/AEYE.html
依特钠,AEZS,https://quote.eastmoney.com/us/AEZS.html
ASTORIAFINANCIALCORP,AF,https://quote.eastmoney.com/us/AF.html
AstoriaFinancialCorporation,AF_C,https://quote.eastmoney.com/us/AF_C.html
AmericanFinancialGroupInc,AFA,https://quote.eastmoney.com/us/AFA.html
AmericanFinancialGroupIncNo,AFA_CL,https://quote.eastmoney.com/us/AFA_CL.html
亲如一家健康护理,AFAM,https://quote.eastmoney.com/us/AFAM.html
AllianceNationalMunicipalInc,AFB,https://quote.eastmoney.com/us/AFB.html
AlliedCapitalCorporation,AFC,https://quote.eastmoney.com/us/AFC.html
ATHENSBANCSHARESCORPORATION,AFCB,https://quote.eastmoney.com/us/AFCB.html
AMERICANFARMLANDCO,AFCO,https://quote.eastmoney.com/us/AFCO.html
AMERICANINTERNATIONALGROUPINC,AFF,https://quote.eastmoney.com/us/AFF.html
美国昂飞公司,AFFX,https://quote.eastmoney.com/us/AFFX.html
AFFYMAXINC,AFFY,https://quote.eastmoney.com/us/AFFY.html
AFG,AFG,https://quote.eastmoney.com/us/AFG.html
AmericanFinancialGroupIncDe,AFGB,https://quote.eastmoney.com/us/AFGB.html
AmericanFinancialGroupInc,AFGE,https://quote.eastmoney.com/us/AFGE.html
AmericanFinancialGroupInc,AFGH,https://quote.eastmoney.com/us/AFGH.html
AFGHoldingsInc,AFGL,https://quote.eastmoney.com/us/AFGL.html
ATLASFINANCIALHOLDINGSINC,AFH,https://quote.eastmoney.com/us/AFH.html
AtlasFinancialHoldings,AFHBL,https://quote.eastmoney.com/us/AFHBL.html
ArmstrongFlooringInc,AFI,https://quote.eastmoney.com/us/AFI.html
AnfieldUniversalFixedIncome,AFIF,https://quote.eastmoney.com/us/AFIF.html
AmericanFinanceTrustInc-A,AFIN,https://quote.eastmoney.com/us/AFIN.html
AmericanFinanceTrustIncSeri,AFINP,https://quote.eastmoney.com/us/AFINP.html
MarketVectors-AfricaIndexET,AFK,https://quote.eastmoney.com/us/AFK.html
家庭人寿保险,AFL,https://quote.eastmoney.com/us/AFL.html
AffiliatedManagersGroupInc,AFM,https://quote.eastmoney.com/us/AFM.html
AffiliatedManagersGroupInc,AFM_CL,https://quote.eastmoney.com/us/AFM_CL.html
AffimedNV,AFMD,https://quote.eastmoney.com/us/AFMD.html
ALLIANCEFIBEROPTICPRODUCT,AFOP,https://quote.eastmoney.com/us/AFOP.html
AmericanFinancialGroupInc,AFQ,https://quote.eastmoney.com/us/AFQ.html
AmericanFinancialGroupInc,AFQ_CL,https://quote.eastmoney.com/us/AFQ_CL.html
GlobalXEmergingAfricaETF,AFR,https://quote.eastmoney.com/us/AFR.html
AflacIncorporated,AFSD,https://quote.eastmoney.com/us/AFSD.html
AFSI保险,AFSI,https://quote.eastmoney.com/us/AFSI.html
AmTrustFinancialServicesInc,AFSI_A,https://quote.eastmoney.com/us/AFSI_A.html
AmTrustFinancialServicesInc,AFSI_B,https://quote.eastmoney.com/us/AFSI_B.html
AmTrustFinancialServicesInc,AFSI_C,https://quote.eastmoney.com/us/AFSI_C.html
AmTrustFinancialServicesInc,AFSI_D,https://quote.eastmoney.com/us/AFSI_D.html
AmTrustFinancialServicesInc,AFSI_E,https://quote.eastmoney.com/us/AFSI_E.html
AmTrustFinancialServices,AFSI_F,https://quote.eastmoney.com/us/AFSI_F.html
AmTrustFinancialServicesInc,AFSS,https://quote.eastmoney.com/us/AFSS.html
AmTrustFinancialServicesInc,AFST,https://quote.eastmoney.com/us/AFST.html
ApolloSeniorFloatingRateFun,AFT,https://quote.eastmoney.com/us/AFT.html
CSOPFTSEChinaA50ETF,AFTY,https://quote.eastmoney.com/us/AFTY.html
AmericanFinancialGroupInc,AFW,https://quote.eastmoney.com/us/AFW.html
AmericanFinancialGroup,AFW_CL,https://quote.eastmoney.com/us/AFW_CL.html
AfyaLtd-A,AFYA,https://quote.eastmoney.com/us/AFYA.html
FIRSTMAJESTICSILVER,AG,https://quote.eastmoney.com/us/AG.html
DBAgricultureDoubleShortETN,AGA,https://quote.eastmoney.com/us/AGA.html
AGBAAcquisitionLtd,AGBA,https://quote.eastmoney.com/us/AGBA.html
AGBAAcquisitionLtdRt,AGBAR,https://quote.eastmoney.com/us/AGBAR.html
AGBAAcquisitionLtdUnitConsof1Sh+1Wt+1R,AGBAU,https://quote.eastmoney.com/us/AGBAU.html
AGBAAcquisitionLtdWt,AGBAW,https://quote.eastmoney.com/us/AGBAW.html
AdventClaymoreConvertibleSec,AGC,https://quote.eastmoney.com/us/AGC.html
爱科,AGCO,https://quote.eastmoney.com/us/AGCO.html
AlpineGlobalDynamicDividend,AGD,https://quote.eastmoney.com/us/AGD.html
AgeXTherapeuticsInc,AGE,https://quote.eastmoney.com/us/AGE.html
艾吉纳斯,AGEN,https://quote.eastmoney.com/us/AGEN.html
DBAgricultureLongETNDueApr,AGF,https://quote.eastmoney.com/us/AGF.html
AgroFreshSolutionsInc,AGFS,https://quote.eastmoney.com/us/AGFS.html
AgroFreshSolutionsIncWt,AGFSW,https://quote.eastmoney.com/us/AGFSW.html
iSharesCoreU.S.AggregateBon,AGG,https://quote.eastmoney.com/us/AGG.html
IQEnhancedCoreBondU.S.ETF,AGGE,https://quote.eastmoney.com/us/AGGE.html
IQEnhancedCorePlusBondU.S.,AGGP,https://quote.eastmoney.com/us/AGGP.html
WisdomTreeTrustWisdomTreeBar,AGGY,https://quote.eastmoney.com/us/AGGY.html
AlamosGoldInc-A,AGI,https://quote.eastmoney.com/us/AGI.html
阿尔戈国际控股,AGII,https://quote.eastmoney.com/us/AGII.html
ArgoGroupInternationalHoldin,AGIIL,https://quote.eastmoney.com/us/AGIIL.html
AgiosPharmaceuticalsInc,AGIO,https://quote.eastmoney.com/us/AGIO.html
Aeglea生物制药,AGLE,https://quote.eastmoney.com/us/AGLE.html
AccuvestGlobalLongShortETF,AGLS,https://quote.eastmoney.com/us/AGLS.html
FEDERALAGRICMTGCORP-CLC,AGM,https://quote.eastmoney.com/us/AGM.html
联邦农业抵押-A,A,https://quote.eastmoney.com/us/AGM/A.html
FEDERALAGRICMTGCORP-CLA,AGM_A,https://quote.eastmoney.com/us/AGM_A.html
FederalAgriculturalMortgageC,AGM_B,https://quote.eastmoney.com/us/AGM_B.html
FederalAgriculturalMortgageC,AGM_B_CL,https://quote.eastmoney.com/us/AGM_B_CL.html
FederalAgriculturalMortgageC,AGM_C,https://quote.eastmoney.com/us/AGM_C.html
FederalAgriculturalMortgageC,AGM_D,https://quote.eastmoney.com/us/AGM_D.html
安高盟,AGMH,https://quote.eastmoney.com/us/AGMH.html
AutoGenomicsInc,AGMX,https://quote.eastmoney.com/us/AGMX.html
爱力根,AGN,https://quote.eastmoney.com/us/AGN.html
Allerganplc,AGN_A,https://quote.eastmoney.com/us/AGN_A.html
AGNCInvestmentCorp,AGNC,https://quote.eastmoney.com/us/AGNC.html
AmericanCapitalAgencyCorpDe,AGNCB,https://quote.eastmoney.com/us/AGNCB.html
AGNCInvestmentCorpSeriesDP,AGNCM,https://quote.eastmoney.com/us/AGNCM.html
AGNCInvestmentCorpSeriesCP,AGNCN,https://quote.eastmoney.com/us/AGNCN.html
AmericanCapitalAgencyCorpCu,AGNCP,https://quote.eastmoney.com/us/AGNCP.html
WisdomtreeBarclaysU.S.Aggreg,AGND,https://quote.eastmoney.com/us/AGND.html
ASSUREDGUARANTY,AGO,https://quote.eastmoney.com/us/AGO.html
AssuredGuarantyLtd,AGO_B,https://quote.eastmoney.com/us/AGO_B.html
AssuredGuarantyLtd,AGO_E,https://quote.eastmoney.com/us/AGO_E.html
AssuredGuarantyLtd,AGO_F,https://quote.eastmoney.com/us/AGO_F.html
ETFSAsianGoldTrust,AGOL,https://quote.eastmoney.com/us/AGOL.html
ASSUREDGUARANTYLTD,AGOP,https://quote.eastmoney.com/us/AGOP.html
ASSUREDGUARANTYLTD,AGOPB,https://quote.eastmoney.com/us/AGOPB.html
ASSUREDGUARANTYLTD,AGOPE,https://quote.eastmoney.com/us/AGOPE.html
ASSUREDGUARANTYLTD,AGOPF,https://quote.eastmoney.com/us/AGOPF.html
ProSharesUltraSilver,AGQ,https://quote.eastmoney.com/us/AGQ.html
AvangridInc,AGR,https://quote.eastmoney.com/us/AGR.html
AberdeenStandardBloombergAgr,AGRI,https://quote.eastmoney.com/us/AGRI.html
AdecoagroSA,AGRO,https://quote.eastmoney.com/us/AGRO.html
AgileTherapeuticsInc,AGRX,https://quote.eastmoney.com/us/AGRX.html
PlayAGSInc,AGS,https://quote.eastmoney.com/us/AGS.html
iSharesMSCIArgentinaandGlob,AGT,https://quote.eastmoney.com/us/AGT.html
AppliedGeneticTechnologiesCorp,AGTC,https://quote.eastmoney.com/us/AGTC.html
AGRIUMINC,AGU,https://quote.eastmoney.com/us/AGU.html
ARGANINC,AGX,https://quote.eastmoney.com/us/AGX.html
诶吉利斯,AGYS,https://quote.eastmoney.com/us/AGYS.html
iSharesAgencyBondETF,AGZ,https://quote.eastmoney.com/us/AGZ.html
WisdomtreeBarclaysU.S.Aggreg,AGZD,https://quote.eastmoney.com/us/AGZD.html
AHBELOCORP-A,AHC,https://quote.eastmoney.com/us/AHC.html
阿莱恩斯控股,AHGP,https://quote.eastmoney.com/us/AHGP.html
ARMADAHOFFLERPROPERTIES,AHH,https://quote.eastmoney.com/us/AHH.html
ArmadaHofflerPropertiesIncS,AHH_A,https://quote.eastmoney.com/us/AHH_A.html
ASPENHOLDINGS,AHL,https://quote.eastmoney.com/us/AHL.html
AspenInsuranceHoldingsLimite,AHL_A,https://quote.eastmoney.com/us/AHL_A.html
AspenInsuranceHoldingsLimite,AHL_B,https://quote.eastmoney.com/us/AHL_B.html
AspenInsuranceHoldingsLimite,AHL_B_CL,https://quote.eastmoney.com/us/AHL_B_CL.html
AspenInsuranceHoldingsLimite,AHL_C,https://quote.eastmoney.com/us/AHL_C.html
AspenInsuranceHoldingsLimite,AHL_D,https://quote.eastmoney.com/us/AHL_D.html
AspenInsuranceHoldingsLtdPf,AHL_E,https://quote.eastmoney.com/us/AHL_E.html
AshfordHospitalityPrimeInc,AHP,https://quote.eastmoney.com/us/AHP.html
AshfordHospitalityPrimeInc,AHP_B,https://quote.eastmoney.com/us/AHP_B.html
OrganogenesisHoldingsInc-A,AHPA,https://quote.eastmoney.com/us/AHPA.html
AvistaHealthcarePublicAcquisitionUnitConsof,AHPAU,https://quote.eastmoney.com/us/AHPAU.html
OrganogenesisHoldingsIncWt,AHPAW,https://quote.eastmoney.com/us/AHPAW.html
联合保健产品,AHPI,https://quote.eastmoney.com/us/AHPI.html
AMNHEALTHCARESERVICESINC,AHS,https://quote.eastmoney.com/us/AHS.html
ASHFORDHOSPITALITYTRUSTINC,AHT,https://quote.eastmoney.com/us/AHT.html
AshfordHospitalityTrustInc,AHT_A,https://quote.eastmoney.com/us/AHT_A.html
AshfordHospitalityTrustIncS,AHT_A_CL,https://quote.eastmoney.com/us/AHT_A_CL.html
AshfordHospitalityTrustInc,AHT_D,https://quote.eastmoney.com/us/AHT_D.html
AshfordHospitalityTrustIncS,AHT_D_CL,https://quote.eastmoney.com/us/AHT_D_CL.html
AshfordHospitalityTrustInc,AHT_E,https://quote.eastmoney.com/us/AHT_E.html
AshfordHospitalityTrustInc,AHT_E_CL,https://quote.eastmoney.com/us/AHT_E_CL.html
AshfordHospitalityTrustInc,AHT_F,https://quote.eastmoney.com/us/AHT_F.html
AshfordHospitalityTrustInc,AHT_G,https://quote.eastmoney.com/us/AHT_G.html
AshfordHospitalityTrustIncS,AHT_H,https://quote.eastmoney.com/us/AHT_H.html
AshfordHospitalityTrustIncS,AHT_I,https://quote.eastmoney.com/us/AHT_I.html
ARLINGTONASSETINVESTMENTCORP,AI,https://quote.eastmoney.com/us/AI.html
ArlingtonAssetInvestmentCorp,AI_B,https://quote.eastmoney.com/us/AI_B.html
ArlingtonAssetInvestmentCorp,AI_C,https://quote.eastmoney.com/us/AI_C.html
iSharesAsia50ETF,AIA,https://quote.eastmoney.com/us/AIA.html
ApolloInvestmentCorporation6,AIB,https://quote.eastmoney.com/us/AIB.html
ApolloInvestmentCorpNotes,AIB_CL,https://quote.eastmoney.com/us/AIB_CL.html
ArlingtonAssetInvestmentCorp,AIC,https://quote.eastmoney.com/us/AIC.html
AIPoweredEquityETF,AIEQ,https://quote.eastmoney.com/us/AIEQ.html
ApolloTacticalIncomeFundInc,AIF,https://quote.eastmoney.com/us/AIF.html
美国国际集团,AIG,https://quote.eastmoney.com/us/AIG.html
AmericanInternationalGroupIn,AIG_A,https://quote.eastmoney.com/us/AIG_A.html
AmericanInternationalGroupIncWt,AIG_WS,https://quote.eastmoney.com/us/AIG_WS.html
爱鸿森,AIHS,https://quote.eastmoney.com/us/AIHS.html
ACRERealtyInvestors,AIII,https://quote.eastmoney.com/us/AIII.html
AIPoweredInternationalEquity,AIIQ,https://quote.eastmoney.com/us/AIIQ.html
AEROSONICCORP,AIM,https://quote.eastmoney.com/us/AIM.html
奥创控股,AIMC,https://quote.eastmoney.com/us/AIMC.html
AimmuneTherapeuticsInc,AIMT,https://quote.eastmoney.com/us/AIMT.html
ALBANYINTLCORP-CLA,AIN,https://quote.eastmoney.com/us/AIN.html
AshfordInc,AINC,https://quote.eastmoney.com/us/AINC.html
ApolloInvestmentCorp,AINV,https://quote.eastmoney.com/us/AINV.html
PrecisionTherapeuticsInc,AIPT,https://quote.eastmoney.com/us/AIPT.html
ALLIANCEHEALTHCARESERVICE,AIQ,https://quote.eastmoney.com/us/AIQ.html
AARCORP,AIR,https://quote.eastmoney.com/us/AIR.html
AirgainInc,AIRG,https://quote.eastmoney.com/us/AIRG.html
AirIndustriesGroup,AIRI,https://quote.eastmoney.com/us/AIRI.html
空中方法公司,AIRM,https://quote.eastmoney.com/us/AIRM.html
AirTIncPfd,AIRPV,https://quote.eastmoney.com/us/AIRPV.html
FirstTrustRbaAmericanIndust,AIRR,https://quote.eastmoney.com/us/AIRR.html
AirTInc,AIRT,https://quote.eastmoney.com/us/AIRT.html
AirTIncPfd,AIRTP,https://quote.eastmoney.com/us/AIRTP.html
AirTIncWI,AIRTV,https://quote.eastmoney.com/us/AIRTV.html
AirTIncWt,AIRTW,https://quote.eastmoney.com/us/AIRTW.html
AirTIncWt,AIRWV,https://quote.eastmoney.com/us/AIRWV.html
APPLIEDINDUSTRIALTECHINC,AIT,https://quote.eastmoney.com/us/AIT.html
BeyondAirInc,AITB,https://quote.eastmoney.com/us/AITB.html
ADVANCEDINHALATIONTHERAPIES(AIT)LTD.,AITP,https://quote.eastmoney.com/us/AITP.html
ADVANCEDINHALATIONTHERAPIES(AIT)LTD.,AITPU,https://quote.eastmoney.com/us/AITPU.html
ADVANCEDINHALATIONTHERAPIES(AIT)LTD.,AITPW,https://quote.eastmoney.com/us/AITPW.html
公寓投资与管理,AIV,https://quote.eastmoney.com/us/AIV.html
ApartmentInvestmentAndManage,AIV_A,https://quote.eastmoney.com/us/AIV_A.html
ApartmentInvestmentAndManage,AIV_Z,https://quote.eastmoney.com/us/AIV_Z.html
ApartmentInvestmentAndManage,AIV_Z_CL,https://quote.eastmoney.com/us/AIV_Z_CL.html
ArlingtonAssetInvestmentCorp,AIW,https://quote.eastmoney.com/us/AIW.html
AIXTRONAG-SPONSOREDADR,AIXG,https://quote.eastmoney.com/us/AIXG.html
ApolloInvestmentCorporation6,AIY,https://quote.eastmoney.com/us/AIY.html
ASSURANT,AIZ,https://quote.eastmoney.com/us/AIZ.html
AssurantIncSeriesDPfd,AIZP,https://quote.eastmoney.com/us/AIZP.html
AspenREITInc,AJAX,https://quote.eastmoney.com/us/AJAX.html
ARTHURJ.GALLAGHER&CO.,AJG,https://quote.eastmoney.com/us/AJG.html
AerojetRocketdyneHoldingsInc,AJRD,https://quote.eastmoney.com/us/AJRD.html
GreatAjaxCorp,AJX,https://quote.eastmoney.com/us/AJX.html
GreatAjaxCorp,AJXA,https://quote.eastmoney.com/us/AJXA.html
阿卡迈技术,AKAM,https://quote.eastmoney.com/us/AKAM.html
AchaogenInc,AKAO,https://quote.eastmoney.com/us/AKAO.html
AkebiaTherapeuticsInc,AKBA,https://quote.eastmoney.com/us/AKBA.html
阿克希亚制药,AKCA,https://quote.eastmoney.com/us/AKCA.html
AkersBiosciencesInc,AKER,https://quote.eastmoney.com/us/AKER.html
AsankoGoldInc,AKG,https://quote.eastmoney.com/us/AKG.html
EMBOTELLADORAANDINAS.A.SERIESA,A,https://quote.eastmoney.com/us/AKO/A.html
EMBOTELLADORAANDINAS.A.SERIESB,B,https://quote.eastmoney.com/us/AKO/B.html
EmbotelladoraAndinaSAADR-A,AKO_A,https://quote.eastmoney.com/us/AKO_A.html
EmbotelladoraAndinaSAADR-B,AKO_B,https://quote.eastmoney.com/us/AKO_B.html
AllianceCaliforniaMunicipalI,AKP,https://quote.eastmoney.com/us/AKP.html
ACADIAREALTYTRUST,AKR,https://quote.eastmoney.com/us/AKR.html
AkeroTherapeuticsInc,AKRO,https://quote.eastmoney.com/us/AKRO.html
爱克龙药业,AKRX,https://quote.eastmoney.com/us/AKRX.html
AKSTEEL,AKS,https://quote.eastmoney.com/us/AKS.html
AkoustisTechnologiesInc,AKTS,https://quote.eastmoney.com/us/AKTS.html
AkariTherapeuticsPLCADR,AKTX,https://quote.eastmoney.com/us/AKTX.html
AIRLEASE,AL,https://quote.eastmoney.com/us/AL.html
AirLeaseCorpSeriesAPfd,AL_A,https://quote.eastmoney.com/us/AL_A.html
AlbertonAcquisitionCorp,ALAC,https://quote.eastmoney.com/us/ALAC.html
AlbertonAcquisitionCorpRt,ALACR,https://quote.eastmoney.com/us/ALACR.html
AlbertonAcquisitionCorpUnitConsof1Sh+1Wt,ALACU,https://quote.eastmoney.com/us/ALACU.html
AlbertonAcquisitionCorpWt,ALACW,https://quote.eastmoney.com/us/ALACW.html
ALBEMARLE,ALB,https://quote.eastmoney.com/us/ALB.html
AlbireoPharmaInc,ALBO,https://quote.eastmoney.com/us/ALBO.html
ASSISTEDLIVINGCONCEPTSI-A,ALC,https://quote.eastmoney.com/us/ALC.html
阿里科,ALCO,https://quote.eastmoney.com/us/ALCO.html
ALCOSTORES,ALCS,https://quote.eastmoney.com/us/ALCS.html
ALCOSTORES,ALCSQ,https://quote.eastmoney.com/us/ALCSQ.html
WisdomTreeAsiaLocalDebtFund,ALD,https://quote.eastmoney.com/us/ALD.html
AlderBioPharmaceuticalsInc,ALDR,https://quote.eastmoney.com/us/ALDR.html
AlonUSAPartnersLP,ALDW,https://quote.eastmoney.com/us/ALDW.html
AldeyraTherapeuticsInc,ALDX,https://quote.eastmoney.com/us/ALDX.html
ALLETEINC,ALE,https://quote.eastmoney.com/us/ALE.html
AlectorInc,ALEC,https://quote.eastmoney.com/us/ALEC.html
亚历山大&鲍德温,ALEX,https://quote.eastmoney.com/us/ALEX.html
AlphaCloneAlternativeAlphaET,ALFA,https://quote.eastmoney.com/us/ALFA.html
ETFSeriesSolutionsTrust,ALFI,https://quote.eastmoney.com/us/ALFI.html
ALAMOGROUPINC,ALG,https://quote.eastmoney.com/us/ALG.html
艾利科技,ALGN,https://quote.eastmoney.com/us/ALGN.html
AllegroMergerCorp,ALGR,https://quote.eastmoney.com/us/ALGR.html
AllegroMergerCorpRt,ALGRR,https://quote.eastmoney.com/us/ALGRR.html
AllegroMergerCorpUnitConsof1Sh+1Rt+1W,ALGRU,https://quote.eastmoney.com/us/ALGRU.html
AllegroMergerCorpWt,ALGRW,https://quote.eastmoney.com/us/ALGRW.html
忠实航空,ALGT,https://quote.eastmoney.com/us/ALGT.html
AlimeraSciencesInc,ALIM,https://quote.eastmoney.com/us/ALIM.html
AlightInc-A,ALIT,https://quote.eastmoney.com/us/ALIT.html
ALONUSAENERGYINC,ALJ,https://quote.eastmoney.com/us/ALJ.html
ALJRegionalHoldingsInc,ALJJ,https://quote.eastmoney.com/us/ALJJ.html
ALASKAAIRGROUPINC,ALK,https://quote.eastmoney.com/us/ALK.html
阿尔凯默斯,ALKS,https://quote.eastmoney.com/us/ALKS.html
全州保险,ALL,https://quote.eastmoney.com/us/ALL.html
TheAllstateCorporation,ALL_A,https://quote.eastmoney.com/us/ALL_A.html
TheAllstateCorporation,ALL_B,https://quote.eastmoney.com/us/ALL_B.html
TheAllstateCorporation,ALL_C,https://quote.eastmoney.com/us/ALL_C.html
TheAllstateCorporation,ALL_D,https://quote.eastmoney.com/us/ALL_D.html
TheAllstateCorpSeriesDPfd,ALL_D_CL,https://quote.eastmoney.com/us/ALL_D_CL.html
TheAllstateCorporation,ALL_E,https://quote.eastmoney.com/us/ALL_E.html
TheAllstateCorpSeriesEPfd,ALL_E_CL,https://quote.eastmoney.com/us/ALL_E_CL.html
TheAllstateCorporation,ALL_F,https://quote.eastmoney.com/us/ALL_F.html
TheAllstateCorpSeriesFPfd,ALL_F_CL,https://quote.eastmoney.com/us/ALL_F_CL.html
TheAllstateCorpSeriesGPfd,ALL_G,https://quote.eastmoney.com/us/ALL_G.html
TheAllstateCorpSeriesHPfd,ALL_H,https://quote.eastmoney.com/us/ALL_H.html
ALLIANCEBANCORPINCOFPENN,ALLB,https://quote.eastmoney.com/us/ALLB.html
安朗杰,ALLE,https://quote.eastmoney.com/us/ALLE.html
AllakosInc,ALLK,https://quote.eastmoney.com/us/ALLK.html
AllogeneTherapeuticsInc,ALLO,https://quote.eastmoney.com/us/ALLO.html
艾奥特,ALLT,https://quote.eastmoney.com/us/ALLT.html
AllyFinancialInc,ALLY,https://quote.eastmoney.com/us/ALLY.html
AllyFinancialInc,ALLY_A,https://quote.eastmoney.com/us/ALLY_A.html
AllyFinancialInc,ALLY_B,https://quote.eastmoney.com/us/ALLY_B.html
AllyFinancialInc,ALLY_B_CL,https://quote.eastmoney.com/us/ALLY_B_CL.html
绿润集团,ALN,https://quote.eastmoney.com/us/ALN.html
AllenaPharmaceuticalsInc,ALNA,https://quote.eastmoney.com/us/ALNA.html
ALLIANCEFINANCIALCORP,ALNC,https://quote.eastmoney.com/us/ALNC.html
阿尔尼拉姆制药,ALNY,https://quote.eastmoney.com/us/ALNY.html
AlioGoldInc,ALO,https://quote.eastmoney.com/us/ALO.html
安络杰医疗器械,ALOG,https://quote.eastmoney.com/us/ALOG.html
AstroNovaInc,ALOT,https://quote.eastmoney.com/us/ALOT.html
AlabamaPowerCompany,ALP_O,https://quote.eastmoney.com/us/ALP_O.html
AlabamaPowerCoClassAPfd,ALP_Q,https://quote.eastmoney.com/us/ALP_Q.html
AlpineImmuneSciencesInc,ALPN,https://quote.eastmoney.com/us/ALPN.html
AlliquaBioMedicalInc,ALQA,https://quote.eastmoney.com/us/ALQA.html
ALERE,ALR,https://quote.eastmoney.com/us/ALR.html
AlereInc,ALR_B,https://quote.eastmoney.com/us/ALR_B.html
Alarm.comHoldingsInc,ALRM,https://quote.eastmoney.com/us/ALRM.html
艾勒朗制药,ALRN,https://quote.eastmoney.com/us/ALRN.html
AlerusFinancialCorp,ALRS,https://quote.eastmoney.com/us/ALRS.html
阿拉斯加通信系统,ALSK,https://quote.eastmoney.com/us/ALSK.html
艾里逊变速箱,ALSN,https://quote.eastmoney.com/us/ALSN.html
AltimmuneInc,ALT,https://quote.eastmoney.com/us/ALT.html
ALTERRACAPITALHOLDINGSLTD,ALTE,https://quote.eastmoney.com/us/ALTE.html
ALTAIRNANOTECHNOLOGIESINC,ALTI,https://quote.eastmoney.com/us/ALTI.html
RBSUSLargeCapAlternatorExc,ALTL,https://quote.eastmoney.com/us/ALTL.html
AltusMidstreamCo-A,ALTM,https://quote.eastmoney.com/us/ALTM.html
AltusMidstreamCoWt,ALTMW,https://quote.eastmoney.com/us/ALTMW.html
AltairEngineeringInc-A,ALTR,https://quote.eastmoney.com/us/ALTR.html
ProSharesMorningstarAlternati,ALTS,https://quote.eastmoney.com/us/ALTS.html
ALTEVA,ALTV,https://quote.eastmoney.com/us/ALTV.html
GlobalXSuperDividendAlternat,ALTY,https://quote.eastmoney.com/us/ALTY.html
阿尔卡特朗讯,ALU,https://quote.eastmoney.com/us/ALU.html
AUTOLIVINC,ALV,https://quote.eastmoney.com/us/ALV.html
ALVARIONLIMITED,ALVRQ,https://quote.eastmoney.com/us/ALVRQ.html
ALEXANDERSINC,ALX,https://quote.eastmoney.com/us/ALX.html
阿莱克萨制药,ALXA,https://quote.eastmoney.com/us/ALXA.html
亚力兄制药,ALXN,https://quote.eastmoney.com/us/ALXN.html
AlithyaGroupinc-A,ALYA,https://quote.eastmoney.com/us/ALYA.html
AlzheonInc,ALZH,https://quote.eastmoney.com/us/ALZH.html
ANTERORESOURCESMIDSTREAMLLC,AM,https://quote.eastmoney.com/us/AM.html
AMAGPharmaceuticalInc,AMAG,https://quote.eastmoney.com/us/AMAG.html
AmalgamatedBank-A,AMAL,https://quote.eastmoney.com/us/AMAL.html
高德软件,AMAP,https://quote.eastmoney.com/us/AMAP.html
应用材料,AMAT,https://quote.eastmoney.com/us/AMAT.html
安霸,AMBA,https://quote.eastmoney.com/us/AMBA.html
AmbacFinancialGroupInc,AMBC,https://quote.eastmoney.com/us/AMBC.html
AmbacFinancialGroupIncWt,AMBCW,https://quote.eastmoney.com/us/AMBCW.html
AMBITBIOSCIENCES,AMBI,https://quote.eastmoney.com/us/AMBI.html
安博教育,AMBO,https://quote.eastmoney.com/us/AMBO.html
安博教育,AMBOY,https://quote.eastmoney.com/us/AMBOY.html
AmberRoadInc,AMBR,https://quote.eastmoney.com/us/AMBR.html
AMBRXINC,AMBX,https://quote.eastmoney.com/us/AMBX.html
"AMCENTERTAINMENTHOLDINGS,INC",AMC,https://quote.eastmoney.com/us/AMC.html
iSharesRussell1000PureU.S.,AMCA,https://quote.eastmoney.com/us/AMCA.html
应用微电路公司,AMCC,https://quote.eastmoney.com/us/AMCC.html
星源燃料,AMCF,https://quote.eastmoney.com/us/AMCF.html
AMCIAcquisitionCorp-A,AMCI,https://quote.eastmoney.com/us/AMCI.html
AMCIAcquisitionCorpUnitConsof1CLA+1Wt,AMCIU,https://quote.eastmoney.com/us/AMCIU.html
AMCIAcquisitionCorpWt,AMCIW,https://quote.eastmoney.com/us/AMCIW.html
航美传媒,AMCN,https://quote.eastmoney.com/us/AMCN.html
惠通集团,AMCO,https://quote.eastmoney.com/us/AMCO.html
Amcorplc,AMCR,https://quote.eastmoney.com/us/AMCR.html
AMCNetworksInc-A,AMCX,https://quote.eastmoney.com/us/AMCX.html
AMD,AMD,https://quote.eastmoney.com/us/AMD.html
AmedicaCorp,AMDA,https://quote.eastmoney.com/us/AMDA.html
阿美特克,AME,https://quote.eastmoney.com/us/AME.html
阿米斯医疗,AMED,https://quote.eastmoney.com/us/AMED.html
ApolloMedicalHoldingsInc,AMEH,https://quote.eastmoney.com/us/AMEH.html
ApolloMedicalHoldingsIncWt,AMEHW,https://quote.eastmoney.com/us/AMEHW.html
AmecFosterWheelerplcADR,AMFW,https://quote.eastmoney.com/us/AMFW.html
联合经理集团,AMG,https://quote.eastmoney.com/us/AMG.html
安进,AMGN,https://quote.eastmoney.com/us/AMGN.html
AnteroMidstreamGPLP,AMGP,https://quote.eastmoney.com/us/AMGP.html
AMERICANHOMES4RENT,AMH,https://quote.eastmoney.com/us/AMH.html
AmericanHomes,AMH_A,https://quote.eastmoney.com/us/AMH_A.html
AmericanHomes,AMH_B,https://quote.eastmoney.com/us/AMH_B.html
AmericanHomes,AMH_C,https://quote.eastmoney.com/us/AMH_C.html
AmericanHomes4Rent,AMH_D,https://quote.eastmoney.com/us/AMH_D.html
AmericanHomes4Rent,AMH_E,https://quote.eastmoney.com/us/AMH_E.html
AmericanHomes4Rent,AMH_F,https://quote.eastmoney.com/us/AMH_F.html
AmericanHomes4RentSeriesG,AMH_G,https://quote.eastmoney.com/us/AMH_G.html
AmericanHomes4RentSeriesH,AMH_H,https://quote.eastmoney.com/us/AMH_H.html
AmericanHomes4Rent,AMHPRE,https://quote.eastmoney.com/us/AMHPRE.html
AMERICANINDEPENDENCECORP,AMIC,https://quote.eastmoney.com/us/AMIC.html
AmericanMidstreamPartnersLP,AMID,https://quote.eastmoney.com/us/AMID.html
JPMorganAlerianMLPIndexETN,AMJ,https://quote.eastmoney.com/us/AMJ.html
CreditSuisseX-LinksMonthlyP,AMJL,https://quote.eastmoney.com/us/AMJL.html
CREDITSUISSEX-LINKSMONTHLYP,AMJL_NASDAQ,https://quote.eastmoney.com/us/AMJL_NASDAQ.html
AssetMarkFinancialHoldingsInc,AMK,https://quote.eastmoney.com/us/AMK.html
艾马克技术,AMKR,https://quote.eastmoney.com/us/AMKR.html
AlerianMLPETF,AMLP,https://quote.eastmoney.com/us/AMLP.html
AmplifyYieldSharesOilHedged,AMLX,https://quote.eastmoney.com/us/AMLX.html
SCWorxCorp,AMMA,https://quote.eastmoney.com/us/AMMA.html
AMNHealthcareServicesInc,AMN,https://quote.eastmoney.com/us/AMN.html
美国国家银行,AMNB,https://quote.eastmoney.com/us/AMNB.html
QRAFTAI-EnhancedU.S.LargeCa,AMOM,https://quote.eastmoney.com/us/AMOM.html
AlliedMotionTechnologiesInc,AMOT,https://quote.eastmoney.com/us/AMOT.html
美洲移动,AMOV,https://quote.eastmoney.com/us/AMOV.html
AMERIPRISEFINANCE,AMP,https://quote.eastmoney.com/us/AMP.html
安皮奥制药,AMPE,https://quote.eastmoney.com/us/AMPE.html
AmphastarPharmaceuticalsInc,AMPH,https://quote.eastmoney.com/us/AMPH.html
iSharesUtilitiesBondETF,AMPS,https://quote.eastmoney.com/us/AMPS.html
AmplifyEnergyCorp,AMPY,https://quote.eastmoney.com/us/AMPY.html
"AMERIQUEST,INC.",AMQ,https://quote.eastmoney.com/us/AMQ.html
AltaMesaResourcesInc-A,AMR,https://quote.eastmoney.com/us/AMR.html
里弗银行,AMRB,https://quote.eastmoney.com/us/AMRB.html
阿梅雷斯克,AMRC,https://quote.eastmoney.com/us/AMRC.html
AMREIT-CLASSB,AMRE,https://quote.eastmoney.com/us/AMRE.html
AmeriHoldingsInc,AMRH,https://quote.eastmoney.com/us/AMRH.html
AmeriHoldingsIncWt,AMRHW,https://quote.eastmoney.com/us/AMRHW.html
奥尔巴尼分子研究,AMRI,https://quote.eastmoney.com/us/AMRI.html
A-MarkPreciousMetalsInc,AMRK,https://quote.eastmoney.com/us/AMRK.html
阿玛琳,AMRN,https://quote.eastmoney.com/us/AMRN.html
阿米瑞斯,AMRS,https://quote.eastmoney.com/us/AMRS.html
AltaMesaResourcesIncWt,AMRWW,https://quote.eastmoney.com/us/AMRWW.html
AmnealPharmaceuticalsInc-A,AMRX,https://quote.eastmoney.com/us/AMRX.html
AMERICANSHAREDHOSPITAL,AMS,https://quote.eastmoney.com/us/AMS.html
美国超导,AMSC,https://quote.eastmoney.com/us/AMSC.html
AMERISAFEInc,AMSF,https://quote.eastmoney.com/us/AMSF.html
埃姆外科公司,AMSG,https://quote.eastmoney.com/us/AMSG.html
AmsurgCorp5.25%MandatoryCon,AMSGP,https://quote.eastmoney.com/us/AMSGP.html
美国软件,AMSWA,https://quote.eastmoney.com/us/AMSWA.html
美国电塔,AMT,https://quote.eastmoney.com/us/AMT.html
AmericanTowerCorporation,AMT_A,https://quote.eastmoney.com/us/AMT_A.html
AmericanTowerCorporation,AMT_B,https://quote.eastmoney.com/us/AMT_B.html
AmerantBancorpInc-A,AMTB,https://quote.eastmoney.com/us/AMTB.html
AmerantBancorpInc-B,AMTBB,https://quote.eastmoney.com/us/AMTBB.html
AMERITRANSCAPITALCORPORATION,AMTCP,https://quote.eastmoney.com/us/AMTCP.html
亚美利交易,AMTD,https://quote.eastmoney.com/us/AMTD.html
阿波罗住宅抵押贷款公司,AMTG,https://quote.eastmoney.com/us/AMTG.html
ApolloResidentialMortgageInc,AMTG_A,https://quote.eastmoney.com/us/AMTG_A.html
AemetisInc,AMTX,https://quote.eastmoney.com/us/AMTX.html
EtracsAlerianMLPIndexETN,AMU,https://quote.eastmoney.com/us/AMU.html
UBSAG,AMUB,https://quote.eastmoney.com/us/AMUB.html
美国伍德马克,AMWD,https://quote.eastmoney.com/us/AMWD.html
AMERICAMOVILSABDECV,AMX,https://quote.eastmoney.com/us/AMX.html
InfracapMLPETF,AMZA,https://quote.eastmoney.com/us/AMZA.html
AMERICANEAGLEENERGYCorp,AMZG,https://quote.eastmoney.com/us/AMZG.html
亚马逊,AMZN,https://quote.eastmoney.com/us/AMZN.html
AUTONATION,AN,https://quote.eastmoney.com/us/AN.html
AnaptysBioInc,ANAB,https://quote.eastmoney.com/us/ANAB.html
安纳克尔制药有限公司,ANAC,https://quote.eastmoney.com/us/ANAC.html
新型功率放大器股份有限公司,ANAD,https://quote.eastmoney.com/us/ANAD.html
美国国家保险,ANAT,https://quote.eastmoney.com/us/ANAT.html
AnchorBancorp,ANCB,https://quote.eastmoney.com/us/ANCB.html
AMERICANCARESOURCEHOLDINGS,ANCI,https://quote.eastmoney.com/us/ANCI.html
AnchianoTherapeuticsLtdADR,ANCN,https://quote.eastmoney.com/us/ANCN.html
艾克塞斯国家银行,ANCX,https://quote.eastmoney.com/us/ANCX.html
GlobalXFTSEAndean40ETF,AND,https://quote.eastmoney.com/us/AND.html
AndinaAcquisitionCorpIII,ANDA,https://quote.eastmoney.com/us/ANDA.html
AndinaAcquisitionCorpII,ANDAR,https://quote.eastmoney.com/us/ANDAR.html
AndinaAcquisitionCorpIIIUnitConsof1Sh+1,ANDAU,https://quote.eastmoney.com/us/ANDAU.html
AndinaAcquisitionCorpIIIWt,ANDAW,https://quote.eastmoney.com/us/ANDAW.html
安德森,ANDE,https://quote.eastmoney.com/us/ANDE.html
Andeavor,ANDV,https://quote.eastmoney.com/us/ANDV.html
AndeavorLogisticsLP,ANDX,https://quote.eastmoney.com/us/ANDX.html
ANARENINC,ANEN,https://quote.eastmoney.com/us/ANEN.html
AristaNetworksInc,ANET,https://quote.eastmoney.com/us/ANET.html
ABERCROMBIE&FITCH,ANF,https://quote.eastmoney.com/us/ANF.html
AmiraNatureFoodsLtd,ANFI,https://quote.eastmoney.com/us/ANFI.html
ANGIHomeservicesInc-A,ANGI,https://quote.eastmoney.com/us/ANGI.html
MarketVectorsFallenAngelHig,ANGL,https://quote.eastmoney.com/us/ANGL.html
血管造影动力,ANGO,https://quote.eastmoney.com/us/ANGO.html
ANWORTHMORTGAGEASSET,ANH,https://quote.eastmoney.com/us/ANH.html
AnworthMortgageAssetCorp,ANH_A,https://quote.eastmoney.com/us/ANH_A.html
AnworthMortgageAssetCorp,ANH_B,https://quote.eastmoney.com/us/ANH_B.html
AnworthMortgageAssetCorp,ANH_C,https://quote.eastmoney.com/us/ANH_C.html
阿尼卡医疗,ANIK,https://quote.eastmoney.com/us/ANIK.html
ANIPharmaceuticalsInc,ANIP,https://quote.eastmoney.com/us/ANIP.html
AnixaBiosciencesInc,ANIX,https://quote.eastmoney.com/us/ANIX.html
ANALYSTSINTERNATIONALCORP,ANLY,https://quote.eastmoney.com/us/ANLY.html
ANNINC,ANN,https://quote.eastmoney.com/us/ANN.html
ANNAPOLISBANCORPINC,ANNB,https://quote.eastmoney.com/us/ANNB.html
阿尔法自然资源,ANR,https://quote.eastmoney.com/us/ANR.html
安西斯,ANSS,https://quote.eastmoney.com/us/ANSS.html
悦航阳光,ANTE,https://quote.eastmoney.com/us/ANTE.html
AntheraPharmaceuticalsInc,ANTH,https://quote.eastmoney.com/us/ANTH.html
AnthemInc,ANTM,https://quote.eastmoney.com/us/ANTM.html
PHAZARCORP,ANTP,https://quote.eastmoney.com/us/ANTP.html
ANTHEMInc,ANTX,https://quote.eastmoney.com/us/ANTX.html
ALLIEDNEVADAGOLD,ANV,https://quote.eastmoney.com/us/ANV.html
AEGEANMARINEPETROLEUMNETW,ANW,https://quote.eastmoney.com/us/ANW.html
ADVENTRXPHARMACEUTICALS,ANX,https://quote.eastmoney.com/us/ANX.html
Sphere3DCorp,ANY,https://quote.eastmoney.com/us/ANY.html
iSharesCoreConservativeAlloc,AOA,https://quote.eastmoney.com/us/AOA.html
AmericanOutdoorBrandsCorp,AOBC,https://quote.eastmoney.com/us/AOBC.html
AlpineTotalDynamicDividendF,AOD,https://quote.eastmoney.com/us/AOD.html
ALLIANCEONEINTERNATIONAL,AOI,https://quote.eastmoney.com/us/AOI.html
AberdeenStandardBloombergWTI,AOIL,https://quote.eastmoney.com/us/AOIL.html
iSharesCoreModerateAllocatio,AOK,https://quote.eastmoney.com/us/AOK.html
美国在线,AOL,https://quote.eastmoney.com/us/AOL.html
iSharesCoreAggressiveAllocat,AOM,https://quote.eastmoney.com/us/AOM.html
怡安,AON,https://quote.eastmoney.com/us/AON.html
iSharesCoreGrowthAllocation,AOR,https://quote.eastmoney.com/us/AOR.html
SMITH(AO)CORP,AOS,https://quote.eastmoney.com/us/AOS.html
阿尔法和欧米伽半导体,AOSL,https://quote.eastmoney.com/us/AOSL.html
AMPCO-PITTSBURGHCORP,AP,https://quote.eastmoney.com/us/AP.html
阿帕奇石油,APA,https://quote.eastmoney.com/us/APA.html
APCOARGENTINAINC,APAGF,https://quote.eastmoney.com/us/APAGF.html
ArtisanPartnersAssetManagementInc-A,APAM,https://quote.eastmoney.com/us/APAM.html
AsiaPacificFundInc,APB,https://quote.eastmoney.com/us/APB.html
阿纳达科石油,APC,https://quote.eastmoney.com/us/APC.html
空气化工,APD,https://quote.eastmoney.com/us/APD.html
AppliedDNASciencesInc,APDN,https://quote.eastmoney.com/us/APDN.html
AppliedDNASciencesIncWt,APDNW,https://quote.eastmoney.com/us/APDNW.html
美国公共教育,APEI,https://quote.eastmoney.com/us/APEI.html
ApolloEndosurgeryInc,APEN,https://quote.eastmoney.com/us/APEN.html
ApexGlobalBrandsInc,APEX,https://quote.eastmoney.com/us/APEX.html
MorganStanleyAsia-PacificFun,APF,https://quote.eastmoney.com/us/APF.html
AMERICANPACIFICCORP,APFC,https://quote.eastmoney.com/us/APFC.html
AdvancePierreFoodsHoldingsInc,APFH,https://quote.eastmoney.com/us/APFH.html
安费诺电子,APH,https://quote.eastmoney.com/us/APH.html
AphriaInc,APHA,https://quote.eastmoney.com/us/APHA.html
AmpliPhiBiosciencesCorp,APHB,https://quote.eastmoney.com/us/APHB.html
ADVANCEDPHOTONIXINC-CLA,API,https://quote.eastmoney.com/us/API.html
APIGEECORP,APIC,https://quote.eastmoney.com/us/APIC.html
ACMEPACKETINC,APKT,https://quote.eastmoney.com/us/APKT.html
ATLASPIPELINEPARTNERS,APL,https://quote.eastmoney.com/us/APL.html
AppleHospitalityREITInc,APLE,https://quote.eastmoney.com/us/APLE.html
ArchrockPartnersLP,APLP,https://quote.eastmoney.com/us/APLP.html
ApellisPharmaceuticalsInc,APLS,https://quote.eastmoney.com/us/APLS.html
AppliedTherapeuticsInc,APLT,https://quote.eastmoney.com/us/APLT.html
知临集团,APM,https://quote.eastmoney.com/us/APM.html
阿波罗全球管理,APO,https://quote.eastmoney.com/us/APO.html
ApolloGlobalManagement,APO_A,https://quote.eastmoney.com/us/APO_A.html
ApolloGlobalManagementLLCSe,APO_B,https://quote.eastmoney.com/us/APO_B.html
远地点,APOG,https://quote.eastmoney.com/us/APOG.html
阿波罗,APOL,https://quote.eastmoney.com/us/APOL.html
CellectBiotechnologyLtdADR,APOP,https://quote.eastmoney.com/us/APOP.html
CellectBiotechnologyLtdWt,APOPW,https://quote.eastmoney.com/us/APOPW.html
AMERICANAPPARELINC,APP,https://quote.eastmoney.com/us/APP.html
AppDynamicsInc,APPD,https://quote.eastmoney.com/us/APPD.html
AppFolioInc-A,APPF,https://quote.eastmoney.com/us/APPF.html
AppianCorp-A,APPN,https://quote.eastmoney.com/us/APPN.html
DigitalTurbineInc,APPS,https://quote.eastmoney.com/us/APPS.html
AspenBio制药,APPY,https://quote.eastmoney.com/us/APPY.html
ApricusBiosciencesInc,APRI,https://quote.eastmoney.com/us/APRI.html
蓝围裙,APRN,https://quote.eastmoney.com/us/APRN.html
ALTOPALERMOSA-ADR,APSA,https://quote.eastmoney.com/us/APSA.html
ALPHAPROTECHLTD,APT,https://quote.eastmoney.com/us/APT.html
ApptioInc-A,APTI,https://quote.eastmoney.com/us/APTI.html
AptoseBiosciencesInc,APTO,https://quote.eastmoney.com/us/APTO.html
PreferredApartmentCommunitiesInc,APTS,https://quote.eastmoney.com/us/APTS.html
AptivPLC,APTV,https://quote.eastmoney.com/us/APTV.html
AptinyxInc,APTX,https://quote.eastmoney.com/us/APTX.html
AMERIGASPARTNERSLP,APU,https://quote.eastmoney.com/us/APU.html
AptevoTherapeuticsInc,APVO,https://quote.eastmoney.com/us/APVO.html
AptevoTherapeuticsInc.,APVOV,https://quote.eastmoney.com/us/APVOV.html
亚太电线电缆,APWC,https://quote.eastmoney.com/us/APWC.html
ApergyCorp,APY,https://quote.eastmoney.com/us/APY.html
ApyxMedicalCorp,APYX,https://quote.eastmoney.com/us/APYX.html
ApyxMedicalCorp,APYX_NASDAQ,https://quote.eastmoney.com/us/APYX_NASDAQ.html
ACQUITYGROUP,AQ,https://quote.eastmoney.com/us/AQ.html
AquaBountyTechnologiesInc,AQB,https://quote.eastmoney.com/us/AQB.html
AquaMetalsInc,AQMS,https://quote.eastmoney.com/us/AQMS.html
AlgonquinPower&UtilitiesCorp,AQN,https://quote.eastmoney.com/us/AQN.html
AlgonquinPower&UtilitiesCor,AQNA,https://quote.eastmoney.com/us/AQNA.html
AlgonquinPower&UtilitiesCor,AQNB,https://quote.eastmoney.com/us/AQNB.html
AMERICANSPECTRUMREALTYINC,AQQ,https://quote.eastmoney.com/us/AQQ.html
AquestiveTherapeuticsInc,AQST,https://quote.eastmoney.com/us/AQST.html
EvoquaWaterTechnologiesCorp,AQUA,https://quote.eastmoney.com/us/AQUA.html
AQUASITIONCORP,AQUUU,https://quote.eastmoney.com/us/AQUUU.html
AquinoxPharmaceuticalsInc,AQXP,https://quote.eastmoney.com/us/AQXP.html
ANTERORESOURCES,AR,https://quote.eastmoney.com/us/AR.html
AmericanRenalAssociatesHoldingsInc,ARA,https://quote.eastmoney.com/us/ARA.html
AraviveInc,ARAV,https://quote.eastmoney.com/us/ARAV.html
精确射线,ARAY,https://quote.eastmoney.com/us/ARAY.html
ARBITRONINC,ARB,https://quote.eastmoney.com/us/ARB.html
"ARCDocumentSolutions,Inc.",ARC,https://quote.eastmoney.com/us/ARC.html
ArcBestCorp,ARCB,https://quote.eastmoney.com/us/ARCB.html
阿瑞斯资本,ARCC,https://quote.eastmoney.com/us/ARCC.html
ArcoPlatformLtd-A,ARCE,https://quote.eastmoney.com/us/ARCE.html
ArchCoalInc,ARCH,https://quote.eastmoney.com/us/ARCH.html
ApplianceRecyclingCentersofAmericaInc,ARCI,https://quote.eastmoney.com/us/ARCI.html
ArrowInvestmentsTrust,ARCM,https://quote.eastmoney.com/us/ARCM.html
ArcosDoradosHoldingsInc-A,ARCO,https://quote.eastmoney.com/us/ARCO.html
AMERICANREALTY,ARCP,https://quote.eastmoney.com/us/ARCP.html
AmericanRealtyCapitalPropert,ARCPP,https://quote.eastmoney.com/us/ARCPP.html
ArcturusTherapeuticsHoldingsInc,ARCT,https://quote.eastmoney.com/us/ARCT.html
阿尔克科技,ARCW,https://quote.eastmoney.com/us/ARCW.html
ArcLogisticsPartnersLP,ARCX,https://quote.eastmoney.com/us/ARCX.html
ArdaghGroupSA-A,ARD,https://quote.eastmoney.com/us/ARD.html
AresDynamicCreditAllocation,ARDC,https://quote.eastmoney.com/us/ARDC.html
AradigmCorp,ARDM,https://quote.eastmoney.com/us/ARDM.html
ARDENGROUPINC-CLA,ARDNA,https://quote.eastmoney.com/us/ARDNA.html
AridisPharmaceuticalsInc,ARDS,https://quote.eastmoney.com/us/ARDS.html
ArdelyxInc,ARDX,https://quote.eastmoney.com/us/ARDX.html
ALEXANDRIAREEQUITIES,ARE,https://quote.eastmoney.com/us/ARE.html
AlexandriaRealEstateEquities,ARE_D,https://quote.eastmoney.com/us/ARE_D.html
AlexandriaRealEstateEquities,ARE_E,https://quote.eastmoney.com/us/ARE_E.html
AmericanResourcesCorp-A,AREC,https://quote.eastmoney.com/us/AREC.html
AresManagementCorp-A,ARES,https://quote.eastmoney.com/us/ARES.html
AresManagementL.P.,ARES_A,https://quote.eastmoney.com/us/ARES_A.html
ApproachResourcesInc,AREX,https://quote.eastmoney.com/us/AREX.html
AIRGAS,ARG,https://quote.eastmoney.com/us/ARG.html
ArgoGroupInternationalHoldin,ARGD,https://quote.eastmoney.com/us/ARGD.html
阿尔戈国际控股,ARGO,https://quote.eastmoney.com/us/ARGO.html
ArgosTherapeuticsInc,ARGS,https://quote.eastmoney.com/us/ARGS.html
GlobalXMSCIArgentinaETF,ARGT,https://quote.eastmoney.com/us/ARGT.html
argenxSEADR,ARGX,https://quote.eastmoney.com/us/ARGX.html
ArchCapitalGroupLtd6.75%No,ARH_C,https://quote.eastmoney.com/us/ARH_C.html
APOLLOCOMMERCIALREALESTATEFINANCE,ARI,https://quote.eastmoney.com/us/ARI.html
ApolloCommercialRealEstateF,ARI_A,https://quote.eastmoney.com/us/ARI_A.html
ApolloCommercialRealEstateF,ARI_A_CL,https://quote.eastmoney.com/us/ARI_A_CL.html
ApolloCommercialRealEstateF,ARI_C,https://quote.eastmoney.com/us/ARI_C.html
ApolloCommercialRealEstateF,ARI_C_CL,https://quote.eastmoney.com/us/ARI_C_CL.html
阿里阿德制药公司,ARIA,https://quote.eastmoney.com/us/ARIA.html
美国轨道车,ARII,https://quote.eastmoney.com/us/ARII.html
ARINetworkServicesInc,ARIS,https://quote.eastmoney.com/us/ARIS.html
ARKFintechInnovationETF,ARKF,https://quote.eastmoney.com/us/ARKF.html
ARKGenomicRevolutionMulti-Se,ARKG,https://quote.eastmoney.com/us/ARKG.html
ARKInnovationETF,ARKK,https://quote.eastmoney.com/us/ARKK.html
ARKIndustrialInnovationETF,ARKQ,https://quote.eastmoney.com/us/ARKQ.html
ArkRestaurantsCorp,ARKR,https://quote.eastmoney.com/us/ARKR.html
ARKWebx.0ETF,ARKW,https://quote.eastmoney.com/us/ARKW.html
AMERICANREALTYINVESTORSIN,ARL,https://quote.eastmoney.com/us/ARL.html
ArloTechnologiesInc,ARLO,https://quote.eastmoney.com/us/ARLO.html
ArloTechnologiesIncWI,ARLO_V,https://quote.eastmoney.com/us/ARLO_V.html
ArloTechnologiesIncWI,ARLOW,https://quote.eastmoney.com/us/ARLOW.html
AllianceResourcePartnersLP,ARLP,https://quote.eastmoney.com/us/ARLP.html
AralezPharmaceuticalsInc,ARLZ,https://quote.eastmoney.com/us/ARLZ.html
AresMulti-StrategyCreditFund,ARMF,https://quote.eastmoney.com/us/ARMF.html
ARM,ARMH,https://quote.eastmoney.com/us/ARMH.html
Aramark,ARMK,https://quote.eastmoney.com/us/ARMK.html
ArmataPharmaceuticalsInc,ARMP,https://quote.eastmoney.com/us/ARMP.html
阿瑞纳制药,ARNA,https://quote.eastmoney.com/us/ARNA.html
ArconicInc,ARNC,https://quote.eastmoney.com/us/ARNC.html
ArconicInc.,ARNC_,https://quote.eastmoney.com/us/ARNC_.html
ArconicInc.,ARNC_B,https://quote.eastmoney.com/us/ARNC_B.html
AEROPOSTALEINC,ARO,https://quote.eastmoney.com/us/ARO.html
ArchrockInc,AROC,https://quote.eastmoney.com/us/AROC.html
箭牌金融,AROW,https://quote.eastmoney.com/us/AROW.html
ATLASRESOURCEPARTNERSLP,ARP,https://quote.eastmoney.com/us/ARP.html
AtlasResourcePartnersL.P.,ARP_D,https://quote.eastmoney.com/us/ARP_D.html
AtlasResourcePartnersL.P.,ARP_E,https://quote.eastmoney.com/us/ARP_E.html
AMERICANRESIDENTIALPROPERTIES,ARPI,https://quote.eastmoney.com/us/ARPI.html
AerpioPharmaceuticalsInc,ARPO,https://quote.eastmoney.com/us/ARPO.html
ArQuleInc,ARQL,https://quote.eastmoney.com/us/ARQL.html
ARMOURRESIDENTIALR,ARR,https://quote.eastmoney.com/us/ARR.html
ArmourResidentialReitInc,ARR_A,https://quote.eastmoney.com/us/ARR_A.html
ARMOURResidentialREITIncSer,ARR_A_CL,https://quote.eastmoney.com/us/ARR_A_CL.html
ArmourResidentialReitInc,ARR_B,https://quote.eastmoney.com/us/ARR_B.html
艾利斯国际,ARRS,https://quote.eastmoney.com/us/ARRS.html
ArrayBioPharmaInc,ARRY,https://quote.eastmoney.com/us/ARRY.html
ARABIANAMERICANDEVELOPMENT,ARSD,https://quote.eastmoney.com/us/ARSD.html
ARTIOGLOBALINVESTORSINC,ART,https://quote.eastmoney.com/us/ART.html
ARTHROCARECORPORATION,ARTC,https://quote.eastmoney.com/us/ARTC.html
ArteloBiosciencesInc,ARTL,https://quote.eastmoney.com/us/ARTL.html
ArteloBiosciencesIncWt,ARTLW,https://quote.eastmoney.com/us/ARTLW.html
自流资源,ARTNA,https://quote.eastmoney.com/us/ARTNA.html
亚瑟农机,ARTW,https://quote.eastmoney.com/us/ARTW.html
阿罗特克,ARTX,https://quote.eastmoney.com/us/ARTX.html
AresCapitalCorporation5.875%,ARU,https://quote.eastmoney.com/us/ARU.html
AresCapitalCorporation,ARU_CL,https://quote.eastmoney.com/us/ARU_CL.html
ARUBANETWORKSINC,ARUN,https://quote.eastmoney.com/us/ARUN.html
ArvinasHoldingCoLLC,ARVN,https://quote.eastmoney.com/us/ARVN.html
TactileAnalyticsAR/VRVirtualTechnologyETF,ARVR,https://quote.eastmoney.com/us/ARVR.html
ARROW,ARW,https://quote.eastmoney.com/us/ARW.html
AROWANAINC.,ARWA,https://quote.eastmoney.com/us/ARWA.html
ArowanaInc,ARWAR,https://quote.eastmoney.com/us/ARWAR.html
AROWANAINC.,ARWAU,https://quote.eastmoney.com/us/ARWAU.html
AROWANAINC,ARWAW,https://quote.eastmoney.com/us/ARWAW.html
ArrowheadPharmaceuticalsInc,ARWR,https://quote.eastmoney.com/us/ARWR.html
AEROFLEXHOLDINGCORP,ARX,https://quote.eastmoney.com/us/ARX.html
AresCapitalCorporation7.75S,ARY,https://quote.eastmoney.com/us/ARY.html
AresCapitalCorporation,ARY_CL,https://quote.eastmoney.com/us/ARY_CL.html
ARYASciencesAcquisitionCorp-A,ARYA,https://quote.eastmoney.com/us/ARYA.html
ARYASciencesAcquisitionCorpUnitCons1CLA+,ARYAU,https://quote.eastmoney.com/us/ARYAU.html
ARYASciencesAcquisitionCorpWt,ARYAW,https://quote.eastmoney.com/us/ARYAW.html
ASALTD,ASA,https://quote.eastmoney.com/us/ASA.html
AssociatedBanc-Corp,ASB,https://quote.eastmoney.com/us/ASB.html
ASSOCIATEDBANC-CORP,ASB_B,https://quote.eastmoney.com/us/ASB_B.html
AssociatedBanc-Corp,ASB_B_CL,https://quote.eastmoney.com/us/ASB_B_CL.html
ASSOCIATEDBANC-CORP,ASB_C,https://quote.eastmoney.com/us/ASB_C.html
AssociatedBanc-Corp,ASB_D,https://quote.eastmoney.com/us/ASB_D.html
AssociatedBanc-CorpSeriesEP,ASB_E,https://quote.eastmoney.com/us/ASB_E.html
AssociatedBanc-CorpWt,ASB_WS,https://quote.eastmoney.com/us/ASB_WS.html
ASBBancorpInc,ASBB,https://quote.eastmoney.com/us/ASBB.html
ASSOCIATED,ASBC,https://quote.eastmoney.com/us/ASBC.html
AMERIANABANCORP,ASBI,https://quote.eastmoney.com/us/ASBI.html
ARDMORESHIPPING,ASC,https://quote.eastmoney.com/us/ASC.html
AMERISTARCASINOSINC,ASCA,https://quote.eastmoney.com/us/ASCA.html
AscentCapitalGroupInc-A,ASCMA,https://quote.eastmoney.com/us/ASCMA.html
GlobalXSoutheastAsiaETF,ASEA,https://quote.eastmoney.com/us/ASEA.html
美国科学工程公司,ASEI,https://quote.eastmoney.com/us/ASEI.html
FlexSharesRealAssetsAllocati,ASET,https://quote.eastmoney.com/us/ASET.html
阿斯塔金融,ASFI,https://quote.eastmoney.com/us/ASFI.html
LibertyAll-StarGrowthFd,ASG,https://quote.eastmoney.com/us/ASG.html
盎塞,ASGN,https://quote.eastmoney.com/us/ASGN.html
亚什兰,ASH,https://quote.eastmoney.com/us/ASH.html
DeutscheX-TrackersHarvestCSI,ASHR,https://quote.eastmoney.com/us/ASHR.html
