name_cn,name_en,url
OrigoAcquisitionCorpUnitConsof1Sh+1Wt+,OACQU,https://quote.eastmoney.com/us/OACQU.html
OrigoAcquisitionCorpWt,OACQW,https://quote.eastmoney.com/us/OACQW.html
OAKTREECAPITALGROUP,OAK,https://quote.eastmoney.com/us/OAK.html
HuntCompaniesFinanceTrustInc,OAKS,https://quote.eastmoney.com/us/OAKS.html
O'SharesFTSEAsiaPacificQual,OAPH,https://quote.eastmoney.com/us/OAPH.html
OASISPETROLEUMINC,OAS,https://quote.eastmoney.com/us/OAS.html
O'SharesFTSEAsiaPacificQual,OASI,https://quote.eastmoney.com/us/OASI.html
OasmiaPharmaceuticalABADR,OASM,https://quote.eastmoney.com/us/OASM.html
ONEBEACONINSURANCEGROUP-A,OB,https://quote.eastmoney.com/us/OB.html
OBAFINANCIALSERVICES,OBAF,https://quote.eastmoney.com/us/OBAF.html
阿贝斯,OBAS,https://quote.eastmoney.com/us/OBAS.html
OceanBio-ChemInc,OBCI,https://quote.eastmoney.com/us/OBCI.html
ObsidianEnergyLtd,OBE,https://quote.eastmoney.com/us/OBE.html
ObalonTherapeuticsInc,OBLN,https://quote.eastmoney.com/us/OBLN.html
OriginBancorpInc,OBNK,https://quote.eastmoney.com/us/OBNK.html
KraneSharesMSCIOneBeltOneR,OBOR,https://quote.eastmoney.com/us/OBOR.html
O'SharesQualityRoboticsandA,OBOT,https://quote.eastmoney.com/us/OBOT.html
ObsEvaSA,OBSV,https://quote.eastmoney.com/us/OBSV.html
OWENSCORNING,OC,https://quote.eastmoney.com/us/OC.html
OCATATHERAPEUTICSInc,OCAT,https://quote.eastmoney.com/us/OCAT.html
OPTICALCABLECORPORATION,OCC,https://quote.eastmoney.com/us/OCC.html
OFSCreditCoInc,OCCI,https://quote.eastmoney.com/us/OCCI.html
OFSCreditCompanyIncSeriesA,OCCIP,https://quote.eastmoney.com/us/OCCIP.html
OceanFirstFinancialCorp,OCFC,https://quote.eastmoney.com/us/OCFC.html
ClearSharesOCIOETF,OCIO,https://quote.eastmoney.com/us/OCIO.html
OCIPartnersLP,OCIP,https://quote.eastmoney.com/us/OCIP.html
OCIRESOURCES,OCIR,https://quote.eastmoney.com/us/OCIR.html
OclaroInc,OCLR,https://quote.eastmoney.com/us/OCLR.html
OCULUSINNOVATIVESCIENCESI,OCLS,https://quote.eastmoney.com/us/OCLS.html
OCULUSINNOVATIVESCIENCESInc,OCLSW,https://quote.eastmoney.com/us/OCLSW.html
OCWENFINANCIALCORP,OCN,https://quote.eastmoney.com/us/OCN.html
OMNICARE,OCR,https://quote.eastmoney.com/us/OCR.html
OceraTherapeuticsInc,OCRX,https://quote.eastmoney.com/us/OCRX.html
OaktreeStrategicIncomeCorp,OCSI,https://quote.eastmoney.com/us/OCSI.html
OaktreeSpecialtyLendingCorp,OCSL,https://quote.eastmoney.com/us/OCSL.html
OaktreeSpecialtyLendingCorporation6.125%,OCSLL,https://quote.eastmoney.com/us/OCSLL.html
OcularTherapeutixInc,OCUL,https://quote.eastmoney.com/us/OCUL.html
OncoCyteCorp,OCX,https://quote.eastmoney.com/us/OCX.html
OCZTECHNOLOGYGROUP,OCZTQ,https://quote.eastmoney.com/us/OCZTQ.html
OIL-DRICORPOFAMERICA,ODC,https://quote.eastmoney.com/us/ODC.html
OldDominionFreightLineInc,ODFL,https://quote.eastmoney.com/us/ODFL.html
欧迪办公,ODP,https://quote.eastmoney.com/us/ODP.html
OdonateTherapeuticsInc,ODT,https://quote.eastmoney.com/us/ODT.html
OrionEngineeredCarbonsSA,OEC,https://quote.eastmoney.com/us/OEC.html
iSharesS&P100ETF,OEF,https://quote.eastmoney.com/us/OEF.html
ORIENTEXPRESSHOTELSLTD-A,OEH,https://quote.eastmoney.com/us/OEH.html
OrionEnergySystemsInc,OESX,https://quote.eastmoney.com/us/OESX.html
O'SharesFTSEEuropeQualityDi,OEUH,https://quote.eastmoney.com/us/OEUH.html
O'SharesFTSEEuropeQualityDi,OEUR,https://quote.eastmoney.com/us/OEUR.html
GuggenheimETFTrustETF,OEW,https://quote.eastmoney.com/us/OEW.html
CORPORATEOFFICEPROPERTIESTRUST,OFC,https://quote.eastmoney.com/us/OFC.html
OconeeFederalFinancialCorp,OFED,https://quote.eastmoney.com/us/OFED.html
ORIENTALFINANCIALGROUP,OFG,https://quote.eastmoney.com/us/OFG.html
OVERHILLFARMSINC,OFI,https://quote.eastmoney.com/us/OFI.html
OrthofixMedicalInc,OFIX,https://quote.eastmoney.com/us/OFIX.html
欧美佳福莱克斯,OFLX,https://quote.eastmoney.com/us/OFLX.html
OFSCAPITALCORP,OFS,https://quote.eastmoney.com/us/OFS.html
OFSCapitalCorpNotes,OFSSL,https://quote.eastmoney.com/us/OFSSL.html
OFSCapitalCorpNotes,OFSSZ,https://quote.eastmoney.com/us/OFSSZ.html
EmpireStateRealtyOpLPSeries60,OGCP,https://quote.eastmoney.com/us/OGCP.html
OGEENERGY,OGE,https://quote.eastmoney.com/us/OGE.html
OragenicsInc,OGEN,https://quote.eastmoney.com/us/OGEN.html
OrganigramHoldingsInc,OGI,https://quote.eastmoney.com/us/OGI.html
O'SharesGlobalInternetGiants,OGIG,https://quote.eastmoney.com/us/OGIG.html
O'SharesU.S.LargeCapQuality,OGRO,https://quote.eastmoney.com/us/OGRO.html
O'SharesU.S.SmallCapQuality,OGRS,https://quote.eastmoney.com/us/OGRS.html
ONEGasInc,OGS,https://quote.eastmoney.com/us/OGS.html
OncoGenexPharmaceuticalsInc,OGXI,https://quote.eastmoney.com/us/OGXI.html
OHAInvestmentCorp,OHAI,https://quote.eastmoney.com/us/OHAI.html
OneHorizonGroupInc,OHGI,https://quote.eastmoney.com/us/OHGI.html
OMEGAHEALTHCAREINVESTORSINC,OHI,https://quote.eastmoney.com/us/OHI.html
OhrPharmaceuticalInc,OHRP,https://quote.eastmoney.com/us/OHRP.html
欧文斯伊利诺斯,OI,https://quote.eastmoney.com/us/OI.html
InvescoMunicipalIncomeOpport,OIA,https://quote.eastmoney.com/us/OIA.html
巴西电信/ADR,OIBR,https://quote.eastmoney.com/us/OIBR.html
OIS.A.,C,https://quote.eastmoney.com/us/OIBR/C.html
OiSAADSRt,OIBRR,https://quote.eastmoney.com/us/OIBRR.html
OISARtWI,OIBRRW,https://quote.eastmoney.com/us/OIBRRW.html
MarketVectorsOilServicesETF,OIH,https://quote.eastmoney.com/us/OIH.html
OCEANEERINGINTERNATIONAL,OII,https://quote.eastmoney.com/us/OII.html
CreditSuisseGroup,OIIL,https://quote.eastmoney.com/us/OIIL.html
凹凸科技,OIIM,https://quote.eastmoney.com/us/OIIM.html
BarclaysBankPLCiPathExchang,OIL,https://quote.eastmoney.com/us/OIL.html
iPathSeriesBS&PGSCICrudeO,OILB,https://quote.eastmoney.com/us/OILB.html
AccusharesS&PGsciCrudeOilE,OILD,https://quote.eastmoney.com/us/OILD.html
PROSHARESTRUSTK1FREECRUDEO,OILK,https://quote.eastmoney.com/us/OILK.html
OILTANKINGPARTNERS,OILT,https://quote.eastmoney.com/us/OILT.html
AccusharesS&PGsciCrudeOilE,OILU,https://quote.eastmoney.com/us/OILU.html
UBSAG,OILX,https://quote.eastmoney.com/us/OILX.html
丰泽农牧,OINK,https://quote.eastmoney.com/us/OINK.html
OILSTATES,OIS,https://quote.eastmoney.com/us/OIS.html
OpusInternationalSmall/MidCa,OISC,https://quote.eastmoney.com/us/OISC.html
EatonVanceOaktreeDiversified,OKDCC,https://quote.eastmoney.com/us/OKDCC.html
ONEOK,OKE,https://quote.eastmoney.com/us/OKE.html
ONEOKPARTNERSLP,OKS,https://quote.eastmoney.com/us/OKS.html
SouthwestBancorpInc,OKSB,https://quote.eastmoney.com/us/OKSB.html
SOUTHWESTBANCORPINC,OKSBP,https://quote.eastmoney.com/us/OKSBP.html
OktaInc-A,OKTA,https://quote.eastmoney.com/us/OKTA.html
OldLineBancsharesInc,OLBK,https://quote.eastmoney.com/us/OLBK.html
OHIOLEGACYCORP,OLCB,https://quote.eastmoney.com/us/OLCB.html
TheLong-TermCareETF,OLD,https://quote.eastmoney.com/us/OLD.html
UniversalDisplayCorp,OLED,https://quote.eastmoney.com/us/OLED.html
iPathPureBetaCrudeOilETN,OLEM,https://quote.eastmoney.com/us/OLEM.html
Ollie'sBargainOutletHoldingsInc,OLLI,https://quote.eastmoney.com/us/OLLI.html
OLINCORP,OLN,https://quote.eastmoney.com/us/OLN.html
DBCrudeOilLongExchangeTrad,OLO,https://quote.eastmoney.com/us/OLO.html
ONELIBERTYPROPERTIESINC,OLP,https://quote.eastmoney.com/us/OLP.html
OMAssetManagementplc,OMAA,https://quote.eastmoney.com/us/OMAA.html
北方中心机场,OMAB,https://quote.eastmoney.com/us/OMAB.html
OneMadisonCorp-A,OMAD,https://quote.eastmoney.com/us/OMAD.html
OMAssetManagementplc,OMAM,https://quote.eastmoney.com/us/OMAM.html
奥姆尼康,OMC,https://quote.eastmoney.com/us/OMC.html
OmnicellInc,OMCL,https://quote.eastmoney.com/us/OMCL.html
OMEGAPROTEINCORP,OME,https://quote.eastmoney.com/us/OME.html
OncoMedPharmaceuticalsInc,OMED,https://quote.eastmoney.com/us/OMED.html
奥麦罗制药,OMER,https://quote.eastmoney.com/us/OMER.html
奥德赛海洋勘探,OMEX,https://quote.eastmoney.com/us/OMEX.html
OneMainHoldingsInc,OMF,https://quote.eastmoney.com/us/OMF.html
OppenheimerRussell1000Dynami,OMFL,https://quote.eastmoney.com/us/OMFL.html
OppenheimerRussell2000Dynami,OMFS,https://quote.eastmoney.com/us/OMFS.html
OMGROUPINC,OMG,https://quote.eastmoney.com/us/OMG.html
OWENS&MINORINC,OMI,https://quote.eastmoney.com/us/OMI.html
OMNOVASOLUTIONSINC,OMN,https://quote.eastmoney.com/us/OMN.html
OmintoInc,OMNT,https://quote.eastmoney.com/us/OMNT.html
OppenheimerRussell1000Moment,OMOM,https://quote.eastmoney.com/us/OMOM.html
OasisMidstreamPartnersLP,OMP,https://quote.eastmoney.com/us/OMP.html
OBAGIMEDICALPRODUCTSINC,OMPI,https://quote.eastmoney.com/us/OMPI.html
OFFICEMAXINC,OMX,https://quote.eastmoney.com/us/OMX.html
安森美半导体,ON,https://quote.eastmoney.com/us/ON.html
OLDNATLBANCORP,ONB,https://quote.eastmoney.com/us/ONB.html
SparkTherapeuticsInc,ONCE,https://quote.eastmoney.com/us/ONCE.html
OncoSecMedicalInc,ONCS,https://quote.eastmoney.com/us/ONCS.html
OncternalTherapeuticsInc,ONCT,https://quote.eastmoney.com/us/ONCT.html
OncolyticsBiotechInc,ONCY,https://quote.eastmoney.com/us/ONCY.html
OnDeckCapitalInc,ONDK,https://quote.eastmoney.com/us/ONDK.html
HIGHERONEHOLDINGS,ONE,https://quote.eastmoney.com/us/ONE.html
SPDRRussell1000ETF,ONEK,https://quote.eastmoney.com/us/ONEK.html
SPDRRussell1000MomentumFocu,ONEO,https://quote.eastmoney.com/us/ONEO.html
FidelityNasdaqCompositeIndex,ONEQ,https://quote.eastmoney.com/us/ONEQ.html
SPDRRussell1000LowVolatilit,ONEV,https://quote.eastmoney.com/us/ONEV.html
SPDRRussell1000YieldFocusE,ONEY,https://quote.eastmoney.com/us/ONEY.html
ONEIDAFINANCIALCORP,ONFC,https://quote.eastmoney.com/us/ONFC.html
iPathPureBetaEnergyETN,ONG,https://quote.eastmoney.com/us/ONG.html
ProSharesOnlineRetailETF,ONLN,https://quote.eastmoney.com/us/ONLN.html
ONSEMICONDUCTOR,ONNN,https://quote.eastmoney.com/us/ONNN.html
东方纸业,ONP,https://quote.eastmoney.com/us/ONP.html
OncobiologicsInc,ONS,https://quote.eastmoney.com/us/ONS.html
ONCOBIOLOGICSIncUNIT,ONSIU,https://quote.eastmoney.com/us/ONSIU.html
OncobiologicsIncSeriesAWt,ONSIW,https://quote.eastmoney.com/us/ONSIW.html
OncobiologicsIncSeriesBWt,ONSIZ,https://quote.eastmoney.com/us/ONSIZ.html
ONSTREAMMEDIACORP,ONSM,https://quote.eastmoney.com/us/ONSM.html
OSIETFTrust,ONTL,https://quote.eastmoney.com/us/ONTL.html
OnconovaTherapeuticsInc,ONTX,https://quote.eastmoney.com/us/ONTX.html
OnconovaTherapeuticsIncWt,ONTXW,https://quote.eastmoney.com/us/ONTXW.html
赛瑞恩肿瘤药剂,ONTY,https://quote.eastmoney.com/us/ONTY.html
恩维亚策略,ONVI,https://quote.eastmoney.com/us/ONVI.html
OrganovoHoldingsInc,ONVO,https://quote.eastmoney.com/us/ONVO.html
ONYX,ONXX,https://quote.eastmoney.com/us/ONXX.html
OomaInc,OOMA,https://quote.eastmoney.com/us/OOMA.html
OFFICIALPAYMENTSHOLDINGSINC,OPAY,https://quote.eastmoney.com/us/OPAY.html
OpusBank,OPB,https://quote.eastmoney.com/us/OPB.html
OPBancorp,OPBK,https://quote.eastmoney.com/us/OPBK.html
GuggenheimLargeCapOptimized,OPD,https://quote.eastmoney.com/us/OPD.html
OPENTABLEINC,OPEN,https://quote.eastmoney.com/us/OPEN.html
ClearSharesUltra-ShortMaturit,OPER,https://quote.eastmoney.com/us/OPER.html
OpesAcquisitionCorp,OPES,https://quote.eastmoney.com/us/OPES.html
OpesAcquisitionCorpUnitConsof1Sh+1Wt,OPESU,https://quote.eastmoney.com/us/OPESU.html
OpesAcquisitionCorpWt,OPESW,https://quote.eastmoney.com/us/OPESW.html
OpGenInc,OPGN,https://quote.eastmoney.com/us/OPGN.html
OpGenIncWt,OPGNW,https://quote.eastmoney.com/us/OPGNW.html
OptimumBankHoldingsInc,OPHC,https://quote.eastmoney.com/us/OPHC.html
OphthotechCorp,OPHT,https://quote.eastmoney.com/us/OPHT.html
