name_cn,name_en,url
大家来网络,LOGM,https://quote.eastmoney.com/us/LOGM.html
路捷,LOJN,https://quote.eastmoney.com/us/LOJN.html
LomaNegraCompaniaIndustrialArgentinaSociedad,LOMA,https://quote.eastmoney.com/us/LOMA.html
LonestarResourcesUSInc-A,LONE,https://quote.eastmoney.com/us/LONE.html
艺龙,LONG,https://quote.eastmoney.com/us/LONG.html
LOOKSMARTLTD,LOOK,https://quote.eastmoney.com/us/LOOK.html
LoopIndustriesInc,LOOP,https://quote.eastmoney.com/us/LOOP.html
大峡谷教育,LOPE,https://quote.eastmoney.com/us/LOPE.html
LazardWorldDividend&Income,LOR,https://quote.eastmoney.com/us/LOR.html
劳拉空间通信,LORL,https://quote.eastmoney.com/us/LORL.html
IronHorseAcquisitionCorp-A,LOU,https://quote.eastmoney.com/us/LOU.html
InnovatorLoupFrontierTechET,LOUP,https://quote.eastmoney.com/us/LOUP.html
SPARKNETWORKSINC,LOV,https://quote.eastmoney.com/us/LOV.html
TheLovesacCo,LOVE,https://quote.eastmoney.com/us/LOVE.html
劳氏,LOW,https://quote.eastmoney.com/us/LOW.html
SPDRMSCIACWILowCarbonTarge,LOWC,https://quote.eastmoney.com/us/LOWC.html
LoxoOncologyInc,LOXO,https://quote.eastmoney.com/us/LOXO.html
LipocineInc,LPCN,https://quote.eastmoney.com/us/LPCN.html
LIPOSCIENCEINC,LPDX,https://quote.eastmoney.com/us/LPDX.html
DORIANLPGLTD.,LPG,https://quote.eastmoney.com/us/LPG.html
龙威石油,LPH,https://quote.eastmoney.com/us/LPH.html
LIFEPARTNERSHOLDINGSINC,LPHI,https://quote.eastmoney.com/us/LPHI.html
LAREDO,LPI,https://quote.eastmoney.com/us/LPI.html
LGDISPLAYCOLTD-ADR,LPL,https://quote.eastmoney.com/us/LPL.html
LPLFinancialHoldingsInc,LPLA,https://quote.eastmoney.com/us/LPLA.html
LifePointHealthInc,LPNT,https://quote.eastmoney.com/us/LPNT.html
LONEPINERESOURCES,LPRIQ,https://quote.eastmoney.com/us/LPRIQ.html
LPS,LPS,https://quote.eastmoney.com/us/LPS.html
拉波特银行,LPSB,https://quote.eastmoney.com/us/LPSB.html
LivePersonInc,LPSN,https://quote.eastmoney.com/us/LPSN.html
LIBERTYPROPERTYTRUST,LPT,https://quote.eastmoney.com/us/LPT.html
LightPathTechnologiesInc-A,LPTH,https://quote.eastmoney.com/us/LPTH.html
LPATHInc,LPTN,https://quote.eastmoney.com/us/LPTN.html
LeapTherapeuticsInc,LPTX,https://quote.eastmoney.com/us/LPTX.html
LOUISIANA-PACIFICCORP,LPX,https://quote.eastmoney.com/us/LPX.html
LAQUINTAHOLDINGSINC.,LQ,https://quote.eastmoney.com/us/LQ.html
iSharesIboxx$InvestmentGrad,LQD,https://quote.eastmoney.com/us/LQD.html
LiquidiaTechnologiesInc,LQDA,https://quote.eastmoney.com/us/LQDA.html
iSharesInterestRateHedgedCo,LQDH,https://quote.eastmoney.com/us/LQDH.html
iSharesInflationHedgedCorpor,LQDI,https://quote.eastmoney.com/us/LQDI.html
LiquidityServicesInc,LQDT,https://quote.eastmoney.com/us/LQDT.html
LRADCorp,LRAD,https://quote.eastmoney.com/us/LRAD.html
拉姆研究,LRCX,https://quote.eastmoney.com/us/LRCX.html
LRRENERGY,LRE,https://quote.eastmoney.com/us/LRE.html
UBSAG,LRET,https://quote.eastmoney.com/us/LRET.html
ClearBridgeLargeCapGrowthES,LRGE,https://quote.eastmoney.com/us/LRGE.html
iSharesFactorselectMSCIUSAE,LRGF,https://quote.eastmoney.com/us/LRGF.html
K12INC,LRN,https://quote.eastmoney.com/us/LRN.html
LeaderSharesAlphaFactorUSCor,LSAF,https://quote.eastmoney.com/us/LSAF.html
LakeSunapeeBankGroup,LSBG,https://quote.eastmoney.com/us/LSBG.html
LSBFINANCIALCORP,LSBI,https://quote.eastmoney.com/us/LSBI.html
湖滨银行,LSBK,https://quote.eastmoney.com/us/LSBK.html
ElementsS&PCtiETN,LSC,https://quote.eastmoney.com/us/LSC.html
莱迪思半导体,LSCC,https://quote.eastmoney.com/us/LSCC.html
CAPLEASEINC,LSE,https://quote.eastmoney.com/us/LSE.html
LAKESHOREGOLDCORP,LSG,https://quote.eastmoney.com/us/LSG.html
LSICORPORATION,LSI,https://quote.eastmoney.com/us/LSI.html
"LifeStorage,Inc.",LSI,https://quote.eastmoney.com/us/LSI.html
SaltLowtruBetaUSMarketETF,LSLT,https://quote.eastmoney.com/us/LSLT.html
NatixisLoomisSaylesShortDur,LSST,https://quote.eastmoney.com/us/LSST.html
iPathPureBetaLivestockETN,LSTK,https://quote.eastmoney.com/us/LSTK.html
莱帝运输,LSTR,https://quote.eastmoney.com/us/LSTR.html
UBSAGVelocitySharesVIXVaria,LSVX,https://quote.eastmoney.com/us/LSVX.html
LibertyMediaCorpLibertySiriusXM-A,LSXMA,https://quote.eastmoney.com/us/LSXMA.html
LibertyMediaCorpLibertySiriusXM-B,LSXMB,https://quote.eastmoney.com/us/LSXMB.html
LibertyMediaCorpLibertySiriusXM-C,LSXMK,https://quote.eastmoney.com/us/LSXMK.html
LightbridgeCorp,LTBR,https://quote.eastmoney.com/us/LTBR.html
LTCPROPERTIESINC,LTC,https://quote.eastmoney.com/us/LTC.html
LongIslandIcedTeaCorp,LTEA,https://quote.eastmoney.com/us/LTEA.html
LiventCorp,LTHM,https://quote.eastmoney.com/us/LTHM.html
LiventCorpWI,LTHMW,https://quote.eastmoney.com/us/LTHMW.html
ProSharesUltraTelecommunicati,LTL,https://quote.eastmoney.com/us/LTL.html
LATAMAirlinesGroupSAADR,LTM,https://quote.eastmoney.com/us/LTM.html
UnionAcquisitionCorp,LTN,https://quote.eastmoney.com/us/LTN.html
UnionAcquisitionCorpRt,LTNR,https://quote.eastmoney.com/us/LTNR.html
掌上灵通,LTONY,https://quote.eastmoney.com/us/LTONY.html
Pimco15+YearU.S.TipsIndex,LTPZ,https://quote.eastmoney.com/us/LTPZ.html
LEARNINGTREEINTERNATIONAL,LTRE,https://quote.eastmoney.com/us/LTRE.html
LibertyTripAdvisorHoldingsInc-A,LTRPA,https://quote.eastmoney.com/us/LTRPA.html
LibertyTripAdvisorHoldingsInc-B,LTRPB,https://quote.eastmoney.com/us/LTRPB.html
创力,LTRX,https://quote.eastmoney.com/us/LTRX.html
LADENBURGTHALMANNFINANCIAL,LTS,https://quote.eastmoney.com/us/LTS.html
LadenburgThalmannFinancialSe,LTSF,https://quote.eastmoney.com/us/LTSF.html
LadenburgThalmannFinancialSe,LTSH,https://quote.eastmoney.com/us/LTSH.html
LadenburgThalmannFinancialSe,LTSK,https://quote.eastmoney.com/us/LTSK.html
LadenburgThalmannFinancialSe,LTSL,https://quote.eastmoney.com/us/LTSL.html
LegacyTexasFinancialGroupInc,LTXB,https://quote.eastmoney.com/us/LTXB.html
LUBY'SINC,LUB,https://quote.eastmoney.com/us/LUB.html
LUCATECHNOLOGIES,LUCA,https://quote.eastmoney.com/us/LUCA.html
LUFKININDUSTRIESINC,LUFK,https://quote.eastmoney.com/us/LUFK.html
莱卡迪亚,LUK,https://quote.eastmoney.com/us/LUK.html
lululemonathleticainc,LULU,https://quote.eastmoney.com/us/LULU.html
LunaInnovationsInc,LUNA,https://quote.eastmoney.com/us/LUNA.html
ProLungInc,LUNG,https://quote.eastmoney.com/us/LUNG.html
西南航空,LUV,https://quote.eastmoney.com/us/LUV.html
LUXOTTICAGROUPSPA-SPONADR,LUX,https://quote.eastmoney.com/us/LUX.html
STEINWAYMUSICALINSTRUMENTS,LVB,https://quote.eastmoney.com/us/LVB.html
LivongoHealthInc,LVGO,https://quote.eastmoney.com/us/LVGO.html
ElkhornETFTrustLuntLowVol/,LVHB,https://quote.eastmoney.com/us/LVHB.html
LeggMasonLowVolatilityHigh,LVHD,https://quote.eastmoney.com/us/LVHD.html
LEGGMASONETFEQUTREMERGING,LVHE,https://quote.eastmoney.com/us/LVHE.html
LEGGMASONINTERNATIONALLOWVO,LVHI,https://quote.eastmoney.com/us/LVHI.html
HartfordMultifactorLowVolati,LVIN,https://quote.eastmoney.com/us/LVIN.html
GuggenheimS&PGlobalDividend,LVL,https://quote.eastmoney.com/us/LVL.html
第三级通讯,LVLT,https://quote.eastmoney.com/us/LVLT.html
LibertyInteractiveCorpLibertyVentures-A,LVNTA,https://quote.eastmoney.com/us/LVNTA.html
LibertyInteractiveCorpLibertyVentures-B,LVNTB,https://quote.eastmoney.com/us/LVNTB.html
拉斯韦加斯金沙集团,LVS,https://quote.eastmoney.com/us/LVS.html
HartfordMultifactorLowVolati,LVUS,https://quote.eastmoney.com/us/LVUS.html
蓝威斯顿控股,LW,https://quote.eastmoney.com/us/LW.html
来福威食品,LWAY,https://quote.eastmoney.com/us/LWAY.html
SPDRBarclaysLongTermCredit,LWC,https://quote.eastmoney.com/us/LWC.html
乐信,LX,https://quote.eastmoney.com/us/LX.html
LuxferHoldingsPLC,LXFR,https://quote.eastmoney.com/us/LXFR.html
LuxoftHoldingInc-A,LXFT,https://quote.eastmoney.com/us/LXFT.html
利盟国际,LXK,https://quote.eastmoney.com/us/LXK.html
LEXINGTONREALTYTRUST,LXP,https://quote.eastmoney.com/us/LXP.html
莱斯康制药,LXRX,https://quote.eastmoney.com/us/LXRX.html
LSBINDUSTRIESINC,LXU,https://quote.eastmoney.com/us/LXU.html
利安德巴塞尔工业,LYB,https://quote.eastmoney.com/us/LYB.html
LyftInc-A,LYFT,https://quote.eastmoney.com/us/LYFT.html
劳埃德银行ADR,LYG,https://quote.eastmoney.com/us/LYG.html
龙运国际,LYL,https://quote.eastmoney.com/us/LYL.html
LSIIndustriesInc,LYTS,https://quote.eastmoney.com/us/LYTS.html
LIVENATIONINC,LYV,https://quote.eastmoney.com/us/LYV.html
LA-Z-BOYINC,LZB,https://quote.eastmoney.com/us/LZB.html
梅西百货,M,https://quote.eastmoney.com/us/M.html
万事达卡,MA,https://quote.eastmoney.com/us/MA.html
MAA,MAA,https://quote.eastmoney.com/us/MAA.html
VanEckVectorsMunicipalAlloca,MAAX,https://quote.eastmoney.com/us/MAAX.html
EatonVanceMassachusettsMunic,MAB,https://quote.eastmoney.com/us/MAB.html
MACERICH,MAC,https://quote.eastmoney.com/us/MAC.html
MerrimackPharmaceuticalsInc,MACK,https://quote.eastmoney.com/us/MACK.html
MIAcquisitionsInc,MACQ,https://quote.eastmoney.com/us/MACQ.html
MIAcquisitionsIncUnitConsof1Sh+1Wt,MACQU,https://quote.eastmoney.com/us/MACQU.html
MIAcquisitionsIncWt,MACQW,https://quote.eastmoney.com/us/MACQW.html
MAGNETEKINC,MAG,https://quote.eastmoney.com/us/MAG.html
PointBridgeGOPStockTracker,MAGA,https://quote.eastmoney.com/us/MAGA.html
马加尔安全系统,MAGS,https://quote.eastmoney.com/us/MAGS.html
MainStreetCapitalCorp,MAIN,https://quote.eastmoney.com/us/MAIN.html
MAKOSURGICALCORP,MAKO,https://quote.eastmoney.com/us/MAKO.html
MAMSoftwareGroupInc,MAMS,https://quote.eastmoney.com/us/MAMS.html
万宝盛华,MAN,https://quote.eastmoney.com/us/MAN.html
曼哈顿联合软件,MANH,https://quote.eastmoney.com/us/MANH.html
美泰科技,MANT,https://quote.eastmoney.com/us/MANT.html
曼联,MANU,https://quote.eastmoney.com/us/MANU.html
Mapi-PharmaLtd,MAPI,https://quote.eastmoney.com/us/MAPI.html
MAPPHARMACEUTICALSINC,MAPP,https://quote.eastmoney.com/us/MAPP.html
万豪国际,MAR,https://quote.eastmoney.com/us/MAR.html
MarathonPatentGroupInc,MARA,https://quote.eastmoney.com/us/MARA.html
RemarkHoldingsInc,MARK,https://quote.eastmoney.com/us/MARK.html
海洋石油信托,MARPS,https://quote.eastmoney.com/us/MARPS.html
马斯柯,MAS,https://quote.eastmoney.com/us/MAS.html
MATERIALSCIENCES,MASC,https://quote.eastmoney.com/us/MASC.html
麦斯莫医疗,MASI,https://quote.eastmoney.com/us/MASI.html
美泰,MAT,https://quote.eastmoney.com/us/MAT.html
iSharesEdgeMSCIMultifactorM,MATF,https://quote.eastmoney.com/us/MATF.html
MeidellTacticalAdvantageETF,MATH,https://quote.eastmoney.com/us/MATH.html
DirexionDailyBasicMaterials,MATL,https://quote.eastmoney.com/us/MATL.html
"MateonTherapeutics,Inc.",MATN,https://quote.eastmoney.com/us/MATN.html
MattersightCorp,MATR,https://quote.eastmoney.com/us/MATR.html
马修国际,MATW,https://quote.eastmoney.com/us/MATW.html
美森,MATX,https://quote.eastmoney.com/us/MATX.html
AdvisorShares,MAUI,https://quote.eastmoney.com/us/MAUI.html
PioneerMunicipalHighIncomeA,MAV,https://quote.eastmoney.com/us/MAV.html
MaxarTechnologiesLtd,MAXR,https://quote.eastmoney.com/us/MAXR.html
MAXYGENINC,MAXY,https://quote.eastmoney.com/us/MAXY.html
梅斯物业,MAYS,https://quote.eastmoney.com/us/MAYS.html
MINDBODYInc-A,MB,https://quote.eastmoney.com/us/MB.html
CIBTEDUCATIONGROUPINC,MBA,https://quote.eastmoney.com/us/MBA.html
iSharesMbsETF,MBB,https://quote.eastmoney.com/us/MBB.html
米德尔菲尔德银行,MBCN,https://quote.eastmoney.com/us/MBCN.html
MBFinancialInc,MBFI,https://quote.eastmoney.com/us/MBFI.html
MBFinancialIncSeriesCPfd,MBFIO,https://quote.eastmoney.com/us/MBFIO.html
MbFinancialIncPerpetualNon-,MBFIP,https://quote.eastmoney.com/us/MBFIP.html
SPDRBarclaysMortgageBackedB,MBG,https://quote.eastmoney.com/us/MBG.html
MBIA,MBI,https://quote.eastmoney.com/us/MBI.html
MarroneBioInnovationsInc,MBII,https://quote.eastmoney.com/us/MBII.html
