name_cn,name_en,url
CreativeRealitiesInc,CREX,https://quote.eastmoney.com/us/CREX.html
CreativeRealitiesIncWt,CREXW,https://quote.eastmoney.com/us/CREXW.html
CornerstoneTotalReturnFundI,CRF,https://quote.eastmoney.com/us/CRF.html
CRESCENTFINANCIALCORP,CRFN,https://quote.eastmoney.com/us/CRFN.html
CRHPLC-SPONSOREDADR,CRH,https://quote.eastmoney.com/us/CRH.html
CRHMedicalCorp,CRHM,https://quote.eastmoney.com/us/CRHM.html
CARTER'S,CRI,https://quote.eastmoney.com/us/CRI.html
居里,CRIS,https://quote.eastmoney.com/us/CRIS.html
COMSTOCKRESOURCESINC,CRK,https://quote.eastmoney.com/us/CRK.html
CHARLESRIVER,CRL,https://quote.eastmoney.com/us/CRL.html
SALESFORCE,CRM,https://quote.eastmoney.com/us/CRM.html
CorMedixInc,CRMD,https://quote.eastmoney.com/us/CRMD.html
CORMEDIXIncWARRANTS(EXPIRING04/30/2015),CRMD_WS,https://quote.eastmoney.com/us/CRMD_WS.html
CorrevioPharmaCorp,CRME,https://quote.eastmoney.com/us/CRME.html
美国汽车行,CRMT,https://quote.eastmoney.com/us/CRMT.html
Ceragon网络,CRNT,https://quote.eastmoney.com/us/CRNT.html
CrineticsPharmaceuticalsInc,CRNX,https://quote.eastmoney.com/us/CRNX.html
ProSharesUltrashortAustralian,CROC,https://quote.eastmoney.com/us/CROC.html
CronosGroupInc,CRON,https://quote.eastmoney.com/us/CRON.html
IQGlobalAgribusinessSmallCa,CROP,https://quote.eastmoney.com/us/CROP.html
卡骆驰,CROX,https://quote.eastmoney.com/us/CROX.html
CARBOCERAMICS,CRR,https://quote.eastmoney.com/us/CRR.html
COURIERCORP,CRRC,https://quote.eastmoney.com/us/CRRC.html
"CorporateResourceServices,Inc.",CRRS,https://quote.eastmoney.com/us/CRRS.html
CARPENTER,CRS,https://quote.eastmoney.com/us/CRS.html
CrescentAcquisitionCorp-A,CRSA,https://quote.eastmoney.com/us/CRSA.html
CrescentAcquisitionCorpUnitConsof1CLA+1/,CRSAU,https://quote.eastmoney.com/us/CRSAU.html
CrescentAcquisitionCorpWt,CRSAW,https://quote.eastmoney.com/us/CRSAW.html
CRISPRTherapeuticsAG,CRSP,https://quote.eastmoney.com/us/CRSP.html
CROSSTIMBERSROYALTY,CRT,https://quote.eastmoney.com/us/CRT.html
CartesianInc,CRTN,https://quote.eastmoney.com/us/CRTN.html
科韬,CRTO,https://quote.eastmoney.com/us/CRTO.html
CortexymeInc,CRTX,https://quote.eastmoney.com/us/CRTX.html
凌云逻辑,CRUS,https://quote.eastmoney.com/us/CRUS.html
CalvertUltra-ShortDurationIn,CRUSC,https://quote.eastmoney.com/us/CRUSC.html
COASTDISTRIBUTIONSYSTEM,CRV,https://quote.eastmoney.com/us/CRV.html
CorVelCorp,CRVL,https://quote.eastmoney.com/us/CRVL.html
CrystalRockHoldingsInc,CRVP,https://quote.eastmoney.com/us/CRVP.html
CorvusPharmaceuticalsInc,CRVS,https://quote.eastmoney.com/us/CRVS.html
CrowdStrikeHoldingsInc-A,CRWD,https://quote.eastmoney.com/us/CRWD.html
皇冠控股,CRWN,https://quote.eastmoney.com/us/CRWN.html
CrownCrafts制衣,CRWS,https://quote.eastmoney.com/us/CRWS.html
CARDIUMTHERAPEUTICSINC,CRXM,https://quote.eastmoney.com/us/CRXM.html
CRYOLIFEINC,CRY,https://quote.eastmoney.com/us/CRY.html
卡里索油气,CRZO,https://quote.eastmoney.com/us/CRZO.html
CREDITSUISSEGROUP-SPONADR,CS,https://quote.eastmoney.com/us/CS.html
CompassEMPSmallCap500Volat,CSA,https://quote.eastmoney.com/us/CSA.html
COMMUNICATIONSSALES&LEASINGINC,CSAL,https://quote.eastmoney.com/us/CSAL.html
CompassEMPUSSmallCapHighD,CSB,https://quote.eastmoney.com/us/CSB.html
CITIZENSSOUTHBANKINGCORP,CSBC,https://quote.eastmoney.com/us/CSBC.html
克利夫顿银行,CSBK,https://quote.eastmoney.com/us/CSBK.html
ChampionsOncologyInc,CSBR,https://quote.eastmoney.com/us/CSBR.html
电脑系统咨询,CSC,https://quote.eastmoney.com/us/CSC.html
基岩资本,CSCA,https://quote.eastmoney.com/us/CSCA.html
基岩资本,CSCA_NASDAQ,https://quote.eastmoney.com/us/CSCA_NASDAQ.html
CreditSuisseCommodityBenchma,CSCB,https://quote.eastmoney.com/us/CSCB.html
凯斯科德制造,CSCD,https://quote.eastmoney.com/us/CSCD.html
思科,CSCO,https://quote.eastmoney.com/us/CSCO.html
CreditSuisseCommodityRotatio,CSCR,https://quote.eastmoney.com/us/CSCR.html
GuggenheimSpin-OffETF,CSD,https://quote.eastmoney.com/us/CSD.html
CAPITALSOURCE,CSE,https://quote.eastmoney.com/us/CSE.html
CompassEmpU.S.Discovery500,CSF,https://quote.eastmoney.com/us/CSF.html
CenterStateBankCorp,CSFL,https://quote.eastmoney.com/us/CSFL.html
THECASHSTOREFINANCIALSERVICESINC,CSFSF,https://quote.eastmoney.com/us/CSFSF.html
CHAMBERSSTREETPROPERTIES,CSG,https://quote.eastmoney.com/us/CSG.html
科斯塔,CSGP,https://quote.eastmoney.com/us/CSGP.html
CSGSystemsInternationalInc,CSGS,https://quote.eastmoney.com/us/CSGS.html
CASHAMERICAINTLINC,CSH,https://quote.eastmoney.com/us/CSH.html
CutwaterSelectIncomeFund,CSI,https://quote.eastmoney.com/us/CSI.html
CardiovascularSystemsInc,CSII,https://quote.eastmoney.com/us/CSII.html
阿特斯太阳能,CSIQ,https://quote.eastmoney.com/us/CSIQ.html
iShares1-3YearCreditBondET,CSJ,https://quote.eastmoney.com/us/CSJ.html
iShares1-3YearCreditBondET,CSJ_NASDAQ,https://quote.eastmoney.com/us/CSJ_NASDAQ.html
CARLISLE,CSL,https://quote.eastmoney.com/us/CSL.html
CreditSuisseLong/ShortLiquid,CSLS,https://quote.eastmoney.com/us/CSLS.html
CastlightHealthInc-B,CSLT,https://quote.eastmoney.com/us/CSLT.html
ProSharesLargeCapCorePlus,CSM,https://quote.eastmoney.com/us/CSM.html
ExchangeTradedNotesDueOctob,CSMA,https://quote.eastmoney.com/us/CSMA.html
ExchangeTradedNotesDueMarch,CSMB,https://quote.eastmoney.com/us/CSMB.html
IQChaikinU.S.SmallCapETF,CSML,https://quote.eastmoney.com/us/CSML.html
MarketNeutralGlobalEquityET,CSMN,https://quote.eastmoney.com/us/CSMN.html
CornerstoneOnDemandInc,CSOD,https://quote.eastmoney.com/us/CSOD.html
CSPInc,CSPI,https://quote.eastmoney.com/us/CSPI.html
CalamosStrategicTotalReturn,CSQ,https://quote.eastmoney.com/us/CSQ.html
CSRAInc,CSRA,https://quote.eastmoney.com/us/CSRA.html
CSRPLC,CSRE,https://quote.eastmoney.com/us/CSRE.html
CSSINDUSTRIESINC,CSS,https://quote.eastmoney.com/us/CSS.html
心灵鸡汤,CSSE,https://quote.eastmoney.com/us/CSSE.html
ChickenSoupfortheSoulEnter,CSSEP,https://quote.eastmoney.com/us/CSSEP.html
CSTBrandsInc,CST,https://quote.eastmoney.com/us/CST.html
CaesarstoneLtd,CSTE,https://quote.eastmoney.com/us/CSTE.html
CastleBiosciencesInc,CSTL,https://quote.eastmoney.com/us/CSTL.html
ConstelliumSE-A,CSTM,https://quote.eastmoney.com/us/CSTM.html
CapStarFinancialHoldingsInc,CSTR,https://quote.eastmoney.com/us/CSTR.html
CAPITALSENIORLIVINGCORP,CSU,https://quote.eastmoney.com/us/CSU.html
中电光伏,CSUN,https://quote.eastmoney.com/us/CSUN.html
CARRIAGESERVICESINC,CSV,https://quote.eastmoney.com/us/CSV.html
CapitalSouthwestCorp,CSWC,https://quote.eastmoney.com/us/CSWC.html
CapitalSouthwestCorpNotes,CSWCL,https://quote.eastmoney.com/us/CSWCL.html
CAPITALSOUTHWESTCORP,CSWCV,https://quote.eastmoney.com/us/CSWCV.html
CSWIndustrialsInc,CSWI,https://quote.eastmoney.com/us/CSWI.html
"CSWIndustrials,Inc.",CSWIV,https://quote.eastmoney.com/us/CSWIV.html
CSXCORPORATION,CSX,https://quote.eastmoney.com/us/CSX.html
E.I.duPontdeNemoursandCo,CTA_A,https://quote.eastmoney.com/us/CTA_A.html
E.I.duPontdeNemoursandCo,CTA_B,https://quote.eastmoney.com/us/CTA_B.html
QwestCorporation,CTAA,https://quote.eastmoney.com/us/CTAA.html
ChaSergTechnologyAcquisitionCorp-A,CTAC,https://quote.eastmoney.com/us/CTAC.html
ChaSergTechnologyAcquisitionCorpUnitConsof1,CTACU,https://quote.eastmoney.com/us/CTACU.html
ChaSergTechnologyAcquisitionCorpWt,CTACW,https://quote.eastmoney.com/us/CTACW.html
信达思,CTAS,https://quote.eastmoney.com/us/CTAS.html
COOPERTIRE&RUBBER,CTB,https://quote.eastmoney.com/us/CTB.html
QwestCorporation,CTBB,https://quote.eastmoney.com/us/CTBB.html
大众信托银行,CTBI,https://quote.eastmoney.com/us/CTBI.html
21世纪不动产,CTC,https://quote.eastmoney.com/us/CTC.html
CTC传媒,CTCM,https://quote.eastmoney.com/us/CTCM.html
CONSTANTCONTACTINC,CTCT,https://quote.eastmoney.com/us/CTCT.html
QwestCorporation,CTDD,https://quote.eastmoney.com/us/CTDD.html
CynergisTekInc,CTEK,https://quote.eastmoney.com/us/CTEK.html
NUVEENLONG/SHORTCOMMODITYTOTALRETURN,CTF,https://quote.eastmoney.com/us/CTF.html
COMPUTERTASKGROUPINC,CTG,https://quote.eastmoney.com/us/CTG.html
诗思(香港),CTHR,https://quote.eastmoney.com/us/CTHR.html
CTIIndustriesCorp,CTIB,https://quote.eastmoney.com/us/CTIB.html
CTIBioPharmaCorp,CTIC,https://quote.eastmoney.com/us/CTIC.html
触宝,CTK,https://quote.eastmoney.com/us/CTK.html
世纪电信,CTL,https://quote.eastmoney.com/us/CTL.html
CatalentInc,CTLT,https://quote.eastmoney.com/us/CTLT.html
CytomXTherapeuticsInc,CTMX,https://quote.eastmoney.com/us/CTMX.html
iPathPureBetaCottonETN,CTNN,https://quote.eastmoney.com/us/CTNN.html
CONSTOMOKALANDCO-FLORIDA,CTO,https://quote.eastmoney.com/us/CTO.html
CTPARTNERSEXECUTIVESEARCHINC,CTP,https://quote.eastmoney.com/us/CTP.html
QwestCorporation7.375%Notes,CTQ,https://quote.eastmoney.com/us/CTQ.html
QwestCorporation,CTQ_CL,https://quote.eastmoney.com/us/CTQ_CL.html
CLEARBRIDGEENERGYMLPTOTALRETURNFUND,CTR,https://quote.eastmoney.com/us/CTR.html
ConturaEnergyInc,CTRA,https://quote.eastmoney.com/us/CTRA.html
CentricBrandsInc,CTRC,https://quote.eastmoney.com/us/CTRC.html
CareTrustREITInc,CTRE,https://quote.eastmoney.com/us/CTRE.html
Control4Corp,CTRL,https://quote.eastmoney.com/us/CTRL.html
CastorMaritimeInc,CTRM,https://quote.eastmoney.com/us/CTRM.html
CitiTrendsInc,CTRN,https://quote.eastmoney.com/us/CTRN.html
携程,CTRP,https://quote.eastmoney.com/us/CTRP.html
ContraVirPharmaceuticalsInc,CTRV,https://quote.eastmoney.com/us/CTRV.html
CATAMARAN,CTRX,https://quote.eastmoney.com/us/CTRX.html
CTSCORP,CTS,https://quote.eastmoney.com/us/CTS.html
高知特,CTSH,https://quote.eastmoney.com/us/CTSH.html
CytoSorbentsCorp,CTSO,https://quote.eastmoney.com/us/CTSO.html
CannTrustHoldingsInc,CTST,https://quote.eastmoney.com/us/CTST.html
"CATCHMARKTIMBERTRUST,INC.",CTT,https://quote.eastmoney.com/us/CTT.html
QwestCorporation7.00%NotesD,CTU,https://quote.eastmoney.com/us/CTU.html
QwestCorporation6.875%Notes,CTV,https://quote.eastmoney.com/us/CTV.html
CortevaInc,CTVA,https://quote.eastmoney.com/us/CTVA.html
CortevaIncWI,CTVAW,https://quote.eastmoney.com/us/CTVAW.html
QwestCorporation7.50%NotesD,CTW,https://quote.eastmoney.com/us/CTW.html
ConnecticutWaterServiceInc,CTWS,https://quote.eastmoney.com/us/CTWS.html
QwestCorporation7.00%NotesD,CTX,https://quote.eastmoney.com/us/CTX.html
CitiusPharmaceuticalsInc,CTXR,https://quote.eastmoney.com/us/CTXR.html
CitiusPharmaceuticalsIncWt,CTXRW,https://quote.eastmoney.com/us/CTXRW.html
思杰系统,CTXS,https://quote.eastmoney.com/us/CTXS.html
QwestCorporation6.125%Notes,CTY,https://quote.eastmoney.com/us/CTY.html
QwestCorporation,CTZ,https://quote.eastmoney.com/us/CTZ.html
FirstTrustIseGlobalCopperI,CU,https://quote.eastmoney.com/us/CU.html
CUBICCORP,CUB,https://quote.eastmoney.com/us/CUB.html
HerzfeldCaribbeanBasinFund,CUBA,https://quote.eastmoney.com/us/CUBA.html
CubeSmart,CUBE,https://quote.eastmoney.com/us/CUBE.html
Cubesmart7.75%SerA,CUBE_A,https://quote.eastmoney.com/us/CUBE_A.html
CustomersBancorpInc,CUBI,https://quote.eastmoney.com/us/CUBI.html
CustomersBancorpInc,CUBI_C,https://quote.eastmoney.com/us/CUBI_C.html
CustomersBancorpInc,CUBI_D,https://quote.eastmoney.com/us/CUBI_D.html
CustomersBancorpInc,CUBI_E,https://quote.eastmoney.com/us/CUBI_E.html
CustomersBancorp,CUBI_F,https://quote.eastmoney.com/us/CUBI_F.html
CommerceUnionBancsharesInc,CUBN,https://quote.eastmoney.com/us/CUBN.html
CustomersBancorpInc6.375%Se,CUBS,https://quote.eastmoney.com/us/CUBS.html
梭子鱼网络,CUDA,https://quote.eastmoney.com/us/CUDA.html
CueBiopharmaInc,CUE,https://quote.eastmoney.com/us/CUE.html
CUIGlobalInc,CUI,https://quote.eastmoney.com/us/CUI.html
CARNIVALPLC-ADR,CUK,https://quote.eastmoney.com/us/CUK.html
CulpInc,CULP,https://quote.eastmoney.com/us/CULP.html
ETFISSERTRIVirtusCumberlan,CUMB,https://quote.eastmoney.com/us/CUMB.html
CUBancorp,CUNB,https://quote.eastmoney.com/us/CUNB.html
CONTINENTALMATERIALSCO,CUO,https://quote.eastmoney.com/us/CUO.html
iPathPureBetaCopperETN,CUPM,https://quote.eastmoney.com/us/CUPM.html
NEURALSTEMINC,CUR,https://quote.eastmoney.com/us/CUR.html
DirexionDailyHealthcareBull,CURE,https://quote.eastmoney.com/us/CURE.html
CUROGroupHoldingsCorp,CURO,https://quote.eastmoney.com/us/CURO.html
GuggenheimTimberETF,CUT,https://quote.eastmoney.com/us/CUT.html
古特拉,CUTR,https://quote.eastmoney.com/us/CUTR.html
COUSINSPROPERTIESINC,CUZ,https://quote.eastmoney.com/us/CUZ.html
COVANTA,CVA,https://quote.eastmoney.com/us/CVA.html
LEHMANABSCORPBKDTRUSTCERTS,CVB,https://quote.eastmoney.com/us/CVB.html
CVBFinancialCorp,CVBF,https://quote.eastmoney.com/us/CVBF.html
有线电视系统,CVC,https://quote.eastmoney.com/us/CVC.html
卡寇工业,CVCO,https://quote.eastmoney.com/us/CVCO.html
中央谷地,CVCY,https://quote.eastmoney.com/us/CVCY.html
COVANCE,CVD,https://quote.eastmoney.com/us/CVD.html
CENOVUSENERGYINC,CVE,https://quote.eastmoney.com/us/CVE.html
CiveoCorp,CVEO,https://quote.eastmoney.com/us/CVEO.html
CovetrusInc,CVET,https://quote.eastmoney.com/us/CVET.html
CovetrusIncWI,CVETV,https://quote.eastmoney.com/us/CVETV.html
CONVERGYSCORP,CVG,https://quote.eastmoney.com/us/CVG.html
商用汽车,CVGI,https://quote.eastmoney.com/us/CVGI.html
卡拉沃养殖,CVGW,https://quote.eastmoney.com/us/CVGW.html
COVENTRYHEALTHCARE,CVH,https://quote.eastmoney.com/us/CVH.html
CVRENERGYINC,CVI,https://quote.eastmoney.com/us/CVI.html
CoviaHoldingsCorp,CVIA,https://quote.eastmoney.com/us/CVIA.html
康沃系统,CVLT,https://quote.eastmoney.com/us/CVLT.html
CodorusValleyBancorpInc,CVLY,https://quote.eastmoney.com/us/CVLY.html
CEL-SCICORP,CVM,https://quote.eastmoney.com/us/CVM.html
CEL-SCICorp-SWt,CVM_WS,https://quote.eastmoney.com/us/CVM_WS.html
CarvanaCo-A,CVNA,https://quote.eastmoney.com/us/CVNA.html
CENVEOINC,CVO,https://quote.eastmoney.com/us/CVO.html
森维欧,CVO_NYSE,https://quote.eastmoney.com/us/CVO_NYSE.html
C-TracksExchangeTradedNotes,CVOL,https://quote.eastmoney.com/us/CVOL.html
ConvergeOneHoldingsInc-A,CVON,https://quote.eastmoney.com/us/CVON.html
ConvergeOneHoldingsIncWt,CVONW,https://quote.eastmoney.com/us/CVONW.html
CHICAGORIVET&MACHINECO,CVR,https://quote.eastmoney.com/us/CVR.html
CVRRefiningLP,CVRR,https://quote.eastmoney.com/us/CVRR.html
CorindusVascularRoboticsInc,CVRS,https://quote.eastmoney.com/us/CVRS.html
CVSCAREMARK,CVS,https://quote.eastmoney.com/us/CVS.html
CVSLInc,CVSL,https://quote.eastmoney.com/us/CVSL.html
CVENT,CVT,https://quote.eastmoney.com/us/CVT.html
契诺货运,CVTI,https://quote.eastmoney.com/us/CVTI.html
CivitasTherapeuticsInc,CVTS,https://quote.eastmoney.com/us/CVTS.html
CPIAEROSTRUCTURESINC,CVU,https://quote.eastmoney.com/us/CVU.html
CVDEQUIPMENTCORP,CVV,https://quote.eastmoney.com/us/CVV.html
雪佛龙,CVX,https://quote.eastmoney.com/us/CVX.html
GuggenheimMulti-AssetIncomeE,CVY,https://quote.eastmoney.com/us/CVY.html
CURTISS-WRIGHTCORP,CW,https://quote.eastmoney.com/us/CW.html
StrongVestETFTrust,CWAI,https://quote.eastmoney.com/us/CWAI.html
CoastwayBancorpInc,CWAY,https://quote.eastmoney.com/us/CWAY.html
SPDRBarclaysConvertibleSecur,CWB,https://quote.eastmoney.com/us/CWB.html
西部社区银行,CWBC,https://quote.eastmoney.com/us/CWBC.html
CohBarInc,CWBR,https://quote.eastmoney.com/us/CWBR.html
ConsolidatedWaterCoLtd-A,CWCO,https://quote.eastmoney.com/us/CWCO.html
DirexionDailyCSIChinaIntern,CWEB,https://quote.eastmoney.com/us/CWEB.html
克莱顿威廉斯能源,CWEI,https://quote.eastmoney.com/us/CWEI.html
ClearwayEnergyInc-C,CWEN,https://quote.eastmoney.com/us/CWEN.html
ClearwayEnergyInc-A,CWEN_A,https://quote.eastmoney.com/us/CWEN_A.html
CampingWorldHoldingsInc-A,CWH,https://quote.eastmoney.com/us/CWH.html
SPDRMSCIACWIex-USETF,CWI,https://quote.eastmoney.com/us/CWI.html
Cushman&Wakefieldplc,CWK,https://quote.eastmoney.com/us/CWK.html
AdvisorSharesFocusedEquityET,CWS,https://quote.eastmoney.com/us/CWS.html
AdvisorSharesFocusedEquityET,CWS_NASDAQ,https://quote.eastmoney.com/us/CWS_NASDAQ.html
CasellaWasteSystemsInc-A,CWST,https://quote.eastmoney.com/us/CWST.html
CALIFORNIAWATERSERVICEGRP,CWT,https://quote.eastmoney.com/us/CWT.html
COLDWATERCREEKINC,CWTRQ,https://quote.eastmoney.com/us/CWTRQ.html
LEHMANABSCORPBKDTRUSTCERTS,CWZ,https://quote.eastmoney.com/us/CWZ.html
CEMEXSAB-SPONSADRPARTCER,CX,https://quote.eastmoney.com/us/CX.html
SPDRNuveenBarclaysCalifornia,CXA,https://quote.eastmoney.com/us/CXA.html
鑫达集团,CXDC,https://quote.eastmoney.com/us/CXDC.html
MfsHighIncomeMunicipalTrust,CXE,https://quote.eastmoney.com/us/CXE.html
MfsInvestmentGradeMunicipal,CXH,https://quote.eastmoney.com/us/CXH.html
CARDIUMTHERAPEUTICSINC,CXM,https://quote.eastmoney.com/us/CXM.html
康丘资源,CXO,https://quote.eastmoney.com/us/CXO.html
ColumbiaPropertyTrustInc,CXP,https://quote.eastmoney.com/us/CXP.html
CRIMSONEXPLORATION,CXPO,https://quote.eastmoney.com/us/CXPO.html
ConcordiaInternationalCorp,CXRX,https://quote.eastmoney.com/us/CXRX.html
CREXUSINVESTMENTCORP,CXS,https://quote.eastmoney.com/us/CXS.html
WisdomTreeChinaex-State-Owned,CXSE,https://quote.eastmoney.com/us/CXSE.html
CCA,CXW,https://quote.eastmoney.com/us/CXW.html
CROSSHAIREXPLORATION&,CXZ,https://quote.eastmoney.com/us/CXZ.html
CYPRESS,CY,https://quote.eastmoney.com/us/CY.html
CelyadSAADR,CYAD,https://quote.eastmoney.com/us/CYAD.html
赛安诺科技,CYAN,https://quote.eastmoney.com/us/CYAN.html
WisdomTreeChineseYuanStrateg,CYB,https://quote.eastmoney.com/us/CYB.html
数码光学科技,CYBE,https://quote.eastmoney.com/us/CYBE.html
CyberArkSoftwareLtd,CYBR,https://quote.eastmoney.com/us/CYBR.html
CYBERONICSINC,CYBX,https://quote.eastmoney.com/us/CYBX.html
CyclacelPharmaceuticalsInc,CYCC,https://quote.eastmoney.com/us/CYCC.html
CYCLACELPHARMACEUTICALSINC,CYCCP,https://quote.eastmoney.com/us/CYCCP.html
CyclerionTherapeuticsInc,CYCN,https://quote.eastmoney.com/us/CYCN.html
CyclerionTherapeuticsIncWI,CYCNV,https://quote.eastmoney.com/us/CYCNV.html
玉柴国际,CYD,https://quote.eastmoney.com/us/CYD.html
COMMUNITYHEALTHSYSTEMS,CYH,https://quote.eastmoney.com/us/CYH.html
CommunityHealthSystemsIncSe,CYHHZ,https://quote.eastmoney.com/us/CYHHZ.html
CYMERINC,CYMI,https://quote.eastmoney.com/us/CYMI.html
CITYNATIONAL,CYN,https://quote.eastmoney.com/us/CYN.html
CityNationalCorporation,CYN_C,https://quote.eastmoney.com/us/CYN_C.html
CityNationalCorporation,CYN_D,https://quote.eastmoney.com/us/CYN_D.html
CynapsusTherapeuticsInc.,CYNA,https://quote.eastmoney.com/us/CYNA.html
CYANINC,CYNI,https://quote.eastmoney.com/us/CYNI.html
CYNOSUREINC-CLASSA,CYNO,https://quote.eastmoney.com/us/CYNO.html
畅游,CYOU,https://quote.eastmoney.com/us/CYOU.html
CyrenLtd,CYRN,https://quote.eastmoney.com/us/CYRN.html
CryoportInc,CYRX,https://quote.eastmoney.com/us/CYRX.html
CryoportIncWt,CYRXW,https://quote.eastmoney.com/us/CYRXW.html
CYPRESSSHARPRIDGEINVESTMENTSINC,CYS,https://quote.eastmoney.com/us/CYS.html
CysInvestmentsInc,CYS_A,https://quote.eastmoney.com/us/CYS_A.html
CysInvestmentsInc,CYS_B,https://quote.eastmoney.com/us/CYS_B.html
CYTECINDUSTRIES,CYT,https://quote.eastmoney.com/us/CYT.html
CytokineticsInc,CYTK,https://quote.eastmoney.com/us/CYTK.html
赛特科科技,CYTR,https://quote.eastmoney.com/us/CYTR.html
赛托瑞医疗,CYTX,https://quote.eastmoney.com/us/CYTX.html
CytoriTherapeuticsIncWt,CYTXW,https://quote.eastmoney.com/us/CYTXW.html
CytoriTherapeuticsIncRt,CYTXZ,https://quote.eastmoney.com/us/CYTXZ.html
GuggenheimMid-CapCoreETF,CZA,https://quote.eastmoney.com/us/CZA.html
第一民众,CZFC,https://quote.eastmoney.com/us/CZFC.html
市民北方,CZNC,https://quote.eastmoney.com/us/CZNC.html
CAESARSENTERTAINMENT,CZR,https://quote.eastmoney.com/us/CZR.html
CitizensCommunityBancorpInc,CZWI,https://quote.eastmoney.com/us/CZWI.html
COSANLTD-CLASSA,CZZ,https://quote.eastmoney.com/us/CZZ.html
道明尼资源,D,https://quote.eastmoney.com/us/D.html
DANAOSCORP,DAC,https://quote.eastmoney.com/us/DAC.html
DAEGIS,DAEG,https://quote.eastmoney.com/us/DAEG.html
DBAgricultureDoubleLongETN,DAG,https://quote.eastmoney.com/us/DAG.html
DataI/OCorp,DAIO,https://quote.eastmoney.com/us/DAIO.html
DAKOTAPLAINSHOLDINGSInc,DAKP,https://quote.eastmoney.com/us/DAKP.html
达科电子,DAKT,https://quote.eastmoney.com/us/DAKT.html
达美航空,DAL,https://quote.eastmoney.com/us/DAL.html
FirstTrustDorseyWrightDALI,DALI,https://quote.eastmoney.com/us/DALI.html
AnfieldCapitalDiversifiedAlt,DALT,https://quote.eastmoney.com/us/DALT.html
DANAHOLDINGCORP,DAN,https://quote.eastmoney.com/us/DAN.html
当当网,DANG,https://quote.eastmoney.com/us/DANG.html
DARLINGINTERNATIONALINC,DAR,https://quote.eastmoney.com/us/DAR.html
DARABIOSCIENCESINC,DARA,https://quote.eastmoney.com/us/DARA.html
DareBioscienceInc,DARE,https://quote.eastmoney.com/us/DARE.html
TableauSoftwareInc-A,DATA,https://quote.eastmoney.com/us/DATA.html
世纪佳缘,DATE,https://quote.eastmoney.com/us/DATE.html
ETNslinkedtotheVelocityShar,DAUD,https://quote.eastmoney.com/us/DAUD.html
EndavaplcADR,DAVA,https://quote.eastmoney.com/us/DAVA.html
FamousDave’sofAmericaInc,DAVE,https://quote.eastmoney.com/us/DAVE.html
ReconCapitalDaxGermany,DAX,https://quote.eastmoney.com/us/DAX.html
DEUTSCHEBANKAG-REGISTERED,DB,https://quote.eastmoney.com/us/DB.html
PowerSharesDBAgriculturalFun,DBA,https://quote.eastmoney.com/us/DBA.html
DeutscheX-TrackersMSCIAcAsi,DBAP,https://quote.eastmoney.com/us/DBAP.html
DeutscheX-trackersMSCIAustra,DBAU,https://quote.eastmoney.com/us/DBAU.html
DeutscheX-TrackersMSCIAllWo,DBAW,https://quote.eastmoney.com/us/DBAW.html
PowerSharesDBBaseMetalsFund,DBB,https://quote.eastmoney.com/us/DBB.html
DeutscheX-TrackersMSCIBrazil,DBBR,https://quote.eastmoney.com/us/DBBR.html
PowerSharesDBCommodityIndex,DBC,https://quote.eastmoney.com/us/DBC.html
DIEBOLD,DBD,https://quote.eastmoney.com/us/DBD.html
PowerSharesDBEnergyFund,DBE,https://quote.eastmoney.com/us/DBE.html
DeutscheX-TrackersMSCIEafeH,DBEF,https://quote.eastmoney.com/us/DBEF.html
DeutscheX-TrackersMSCIEmergi,DBEM,https://quote.eastmoney.com/us/DBEM.html
DeutscheX-trackersMSCIEAFES,DBES,https://quote.eastmoney.com/us/DBES.html
DeutscheX-TrackersMSCIEurope,DBEU,https://quote.eastmoney.com/us/DBEU.html
DeutscheX-TrackersMSCIEmuHe,DBEZ,https://quote.eastmoney.com/us/DBEZ.html
DeutscheX-TrackersMSCIGerman,DBGR,https://quote.eastmoney.com/us/DBGR.html
DesignerBrandsInc-A,DBI,https://quote.eastmoney.com/us/DBI.html
DeutscheX-TrackersS&PHedged,DBIF,https://quote.eastmoney.com/us/DBIF.html
DeutscheX-trackersMSCIItaly,DBIT,https://quote.eastmoney.com/us/DBIT.html
AdvisorSharesPringTurnerBusi,DBIZ,https://quote.eastmoney.com/us/DBIZ.html
DeutscheX-TrackersMSCIJapan,DBJP,https://quote.eastmoney.com/us/DBJP.html
DeutscheX-TrackersMSCISouth,DBKO,https://quote.eastmoney.com/us/DBKO.html
DoublelineOpportunisticCredit,DBL,https://quote.eastmoney.com/us/DBL.html
AdvisorSharesDoubleLineValue,DBLV,https://quote.eastmoney.com/us/DBLV.html
iMDBiManagedFuturesStrategy,DBMF,https://quote.eastmoney.com/us/DBMF.html
DeutscheX-TrackersMSCIMexico,DBMX,https://quote.eastmoney.com/us/DBMX.html
PowerSharesDBOilFund,DBO,https://quote.eastmoney.com/us/DBO.html
PowerSharesDBPreciousMetals,DBP,https://quote.eastmoney.com/us/DBP.html
DeutscheX-TrackersDowJonesH,DBRE,https://quote.eastmoney.com/us/DBRE.html
PowerSharesDBSilverFund,DBS,https://quote.eastmoney.com/us/DBS.html
DeutscheX-trackersMSCISouthe,DBSE,https://quote.eastmoney.com/us/DBSE.html
DeutscheX-trackersMSCISpain,DBSP,https://quote.eastmoney.com/us/DBSP.html
WisdomTreeGlobalex-USUtility,DBU,https://quote.eastmoney.com/us/DBU.html
DeutscheX-TrackersMSCIUnited,DBUK,https://quote.eastmoney.com/us/DBUK.html
PowerSharesDBG10CurrencyHar,DBV,https://quote.eastmoney.com/us/DBV.html
DBVTechnologiesSAADR,DBVT,https://quote.eastmoney.com/us/DBVT.html
DropboxInc-A,DBX,https://quote.eastmoney.com/us/DBX.html
VirtusTotalReturnFund,DCA,https://quote.eastmoney.com/us/DCA.html
DropCarInc,DCAR,https://quote.eastmoney.com/us/DCAR.html
DEUTSCHEBANKCAPITALFUNDINGTRUSTX,DCE,https://quote.eastmoney.com/us/DCE.html
DIGICELGROUPLTD,DCEL,https://quote.eastmoney.com/us/DCEL.html
DreyfusAlcentraGlobalCredit,DCF,https://quote.eastmoney.com/us/DCF.html
ETNslinkedtotheVelocityShar,DCHF,https://quote.eastmoney.com/us/DCHF.html
唐纳森,DCI,https://quote.eastmoney.com/us/DCI.html
DIGITALCINEMADESTINATIONS,DCIN,https://quote.eastmoney.com/us/DCIN.html
PerformanceShippingInc,DCIX,https://quote.eastmoney.com/us/DCIX.html
NTTDOCOMOINC-SPONADR,DCM,https://quote.eastmoney.com/us/DCM.html
iPathSeasonalNaturalGasETN,DCNG,https://quote.eastmoney.com/us/DCNG.html
DUCOMMUNINC,DCO,https://quote.eastmoney.com/us/DCO.html
迪募社区银行,DCOM,https://quote.eastmoney.com/us/DCOM.html
DCPMidstreamLP,DCP,https://quote.eastmoney.com/us/DCP.html
DCPMidstreamLPSeriesBPfd,DCP_B,https://quote.eastmoney.com/us/DCP_B.html
DCPMidstreamLPSeriesCPfd,DCP_C,https://quote.eastmoney.com/us/DCP_C.html
DecipheraPharmaceuticalsInc,DCPH,https://quote.eastmoney.com/us/DCPH.html
DCTINDUSTRIALTRUSTINC,DCT,https://quote.eastmoney.com/us/DCT.html
德尔卡斯医疗,DCTH,https://quote.eastmoney.com/us/DCTH.html
DOMINIONRESOURCESInc2013SERIESACORPORATEUNI,DCUA,https://quote.eastmoney.com/us/DCUA.html
DOMINIONRESOURCESInc2013SERIESBCORPORATEUNI,DCUB,https://quote.eastmoney.com/us/DCUB.html
"DominionEnergy,Inc.2014SeriesACorporateUnit",DCUC,https://quote.eastmoney.com/us/DCUC.html
"DominionEnergy,Inc.",DCUD,https://quote.eastmoney.com/us/DCUD.html
DominionEnergyInc2019Series,DCUE,https://quote.eastmoney.com/us/DCUE.html
杜邦,DD,https://quote.eastmoney.com/us/DD.html
E.I.DuPontDeNemoursAndCom,DD_A,https://quote.eastmoney.com/us/DD_A.html
E.I.DuPontDeNemoursAndCom,DD_B,https://quote.eastmoney.com/us/DD_B.html
陶氏杜邦WI,DD_V,https://quote.eastmoney.com/us/DD_V.html
"DraftDayFantasySports,Inc.",DDAY,https://quote.eastmoney.com/us/DDAY.html
LeggMasonDevelopedEX-USDive,DDBI,https://quote.eastmoney.com/us/DDBI.html
DominionDiamondCorp,DDC,https://quote.eastmoney.com/us/DDC.html
3DSYSTEMSCORP,DDD,https://quote.eastmoney.com/us/DDD.html
DOVERDOWNSGAMING&ENTERTA,DDE,https://quote.eastmoney.com/us/DDE.html
WISDOMTREETRDYNAMICCURRENCY,DDEZ,https://quote.eastmoney.com/us/DDEZ.html
DelawareInvestmentsDividend&,DDF,https://quote.eastmoney.com/us/DDF.html
ProSharesShortOil&Gas,DDG,https://quote.eastmoney.com/us/DDG.html
FirstTrustDorseyWrightMomen,DDIV,https://quote.eastmoney.com/us/DDIV.html
WISDOMTREETRDYNAMICCURRENCY,DDJP,https://quote.eastmoney.com/us/DDJP.html
WISDOMTREETRDYNAMICCURRENCY,DDLS,https://quote.eastmoney.com/us/DDLS.html
ProSharesUltraDow30,DDM,https://quote.eastmoney.com/us/DDM.html
DD3AcquisitionCorp,DDMX,https://quote.eastmoney.com/us/DDMX.html
DD3AcquisitionCorpUnitConsof1Sh+1Wt,DDMXU,https://quote.eastmoney.com/us/DDMXU.html
DD3AcquisitionCorpWt,DDMXW,https://quote.eastmoney.com/us/DDMXW.html
DERMAdoctorInc,DDOC,https://quote.eastmoney.com/us/DDOC.html
DBCommodityShortETNDueApri,DDP,https://quote.eastmoney.com/us/DDP.html
DDR,DDR,https://quote.eastmoney.com/us/DDR.html
DdrCorp,DDR_A,https://quote.eastmoney.com/us/DDR_A.html
DDRCorp,DDR_J,https://quote.eastmoney.com/us/DDR_J.html
DDRCorp,DDR_K,https://quote.eastmoney.com/us/DDR_K.html
DILLARD'S,DDS,https://quote.eastmoney.com/us/DDS.html
DILLARD'SCAPTR7.50%CAPSEC,DDT,https://quote.eastmoney.com/us/DDT.html
陶氏杜邦WI,DDW,https://quote.eastmoney.com/us/DDW.html
WISDOMTREETRCURRENCYHEDGEDI,DDWM,https://quote.eastmoney.com/us/DDWM.html
迪尔,DE,https://quote.eastmoney.com/us/DE.html
EasterlyGovernmentPropertiesInc,DEA,https://quote.eastmoney.com/us/DEA.html
DiamondEagleAcquisitionCorp-A,DEAC,https://quote.eastmoney.com/us/DEAC.html
DiamondEagleAcquisitionCorpUnitConsof1CLA,DEACU,https://quote.eastmoney.com/us/DEACU.html
DiamondEagleAcquisitionCorpWt,DEACW,https://quote.eastmoney.com/us/DEACW.html
德克斯户外,DECK,https://quote.eastmoney.com/us/DECK.html
DBCommodityDoubleShortETND,DEE,https://quote.eastmoney.com/us/DEE.html
DeutscheX-trackersFTSEDevelo,DEEF,https://quote.eastmoney.com/us/DEEF.html
GuggenheimDefensiveEquityETF,DEF,https://quote.eastmoney.com/us/DEF.html
ISHARESTRADAPTIVECURRENCYHE,DEFA,https://quote.eastmoney.com/us/DEFA.html
DELHAIZEGROUP-SPONSADR,DEG,https://quote.eastmoney.com/us/DEG.html
DOUGLASEMMETT,DEI,https://quote.eastmoney.com/us/DEI.html
DEJOURENTERPRISESLTD,DEJ,https://quote.eastmoney.com/us/DEJ.html
DELTICTIMBERCORP,DEL,https://quote.eastmoney.com/us/DEL.html
戴尔,DELL,https://quote.eastmoney.com/us/DELL.html
DellTechnologiesInc-CWI,DELLW,https://quote.eastmoney.com/us/DELLW.html
UrbanTeaInc,DELT,https://quote.eastmoney.com/us/DELT.html
DeltaTechnologyHoldingsLtdWt,DELTW,https://quote.eastmoney.com/us/DELTW.html
WisdomTreeEmergingMarketsEqu,DEM,https://quote.eastmoney.com/us/DEM.html
DeutscheX-trackersFTSEEmergi,DEMG,https://quote.eastmoney.com/us/DEMG.html
Denny’sCorp,DENN,https://quote.eastmoney.com/us/DENN.html
DIAGEOPLC-SPONSOREDADR,DEO,https://quote.eastmoney.com/us/DEO.html
DepomedInc,DEPO,https://quote.eastmoney.com/us/DEPO.html
DermiraInc,DERM,https://quote.eastmoney.com/us/DERM.html
WisdomTreeSmallcapDividendFu,DES,https://quote.eastmoney.com/us/DES.html
DeutscheX-trackersRussell200,DESC,https://quote.eastmoney.com/us/DESC.html
PacerBenchmarkOfficeRealEst,DESK,https://quote.eastmoney.com/us/DESK.html
Despegar.comCorp,DESP,https://quote.eastmoney.com/us/DESP.html
DestinationMaternityCorp,DEST,https://quote.eastmoney.com/us/DEST.html
ETNslinkedtotheVelocityShar,DEUR,https://quote.eastmoney.com/us/DEUR.html
DeutscheX-trackersRussell100,DEUS,https://quote.eastmoney.com/us/DEUS.html
WisdomTreeGlobalEquityIncome,DEW,https://quote.eastmoney.com/us/DEW.html
ISHARESTRADAPTIVECURRENCYHE,DEWJ,https://quote.eastmoney.com/us/DEWJ.html
DelawareEnhancedGlobalDivide,DEX,https://quote.eastmoney.com/us/DEX.html
DEXONE,DEXO,https://quote.eastmoney.com/us/DEXO.html
ISHARESTRADAPTIVECURRENCYHE,DEZU,https://quote.eastmoney.com/us/DEZU.html
迪安食品,DF,https://quote.eastmoney.com/us/DF.html
DifferentialBrandsGroupInc,DFBG,https://quote.eastmoney.com/us/DFBG.html
DFBHealthcareAcquisitionsCorp,DFBH,https://quote.eastmoney.com/us/DFBH.html
DFBHealthcareAcquisitionsCorpUnitConsof1Sh,DFBHU,https://quote.eastmoney.com/us/DFBHU.html
DFBHealthcareAcquisitionsCorpWt,DFBHW,https://quote.eastmoney.com/us/DFBHW.html
WisdomTreeEuropeSmallcapDivi,DFE,https://quote.eastmoney.com/us/DFE.html
DirexionShsEtfTrDailyAeros,DFEN,https://quote.eastmoney.com/us/DFEN.html
DiffusionPharmaceuticalsInc,DFFN,https://quote.eastmoney.com/us/DFFN.html
DonnelleyFinancialSolutionsInc,DFIN,https://quote.eastmoney.com/us/DFIN.html
WisdomTreeJapanSmallcapDivid,DFJ,https://quote.eastmoney.com/us/DFJ.html
REALITYSHSETFTRDIVCONDIVID,DFND,https://quote.eastmoney.com/us/DFND.html
DavisSelectFinancialETF,DFNL,https://quote.eastmoney.com/us/DFNL.html
Flaherty&CrumrineDynamicPre,DFP,https://quote.eastmoney.com/us/DFP.html
DEERFIELDCAPITALCORP,DFR,https://quote.eastmoney.com/us/DFR.html
DelFrisco’sRestaurantGroupInc,DFRG,https://quote.eastmoney.com/us/DFRG.html
发现金融服务,DFS,https://quote.eastmoney.com/us/DFS.html
DiscoverFinancialServices,DFS_B,https://quote.eastmoney.com/us/DFS_B.html
DUPONTFABROSTECHNOLOGYINC,DFT,https://quote.eastmoney.com/us/DFT.html
DupontFabrosTechnologyInc,DFT_A,https://quote.eastmoney.com/us/DFT_A.html
DupontFabrosTechnologyInc,DFT_B,https://quote.eastmoney.com/us/DFT_B.html
DupontFabrosTechnology,DFT_B_CL,https://quote.eastmoney.com/us/DFT_B_CL.html
DupontFabrosTechnology.Inc.,DFT_C,https://quote.eastmoney.com/us/DFT_C.html
IpathrUsTreasury5-YearBull,DFVL,https://quote.eastmoney.com/us/DFVL.html
iPathUSTreasury5-yearBullE,DFVL_NASDAQ,https://quote.eastmoney.com/us/DFVL_NASDAQ.html
IpathrUsTreasury5-YearBear,DFVS,https://quote.eastmoney.com/us/DFVS.html
iPathUSTreasury5-yearBearE,DFVS_NASDAQ,https://quote.eastmoney.com/us/DFVS_NASDAQ.html
BARRY(RG),DFZ,https://quote.eastmoney.com/us/DFZ.html
达乐公司,DG,https://quote.eastmoney.com/us/DG.html
三角洲天然气,DGAS,https://quote.eastmoney.com/us/DGAS.html
VelocityShares3xInverseNatur,DGAZ,https://quote.eastmoney.com/us/DGAZ.html
ETNslinkedtotheVelocityShar,DGBP,https://quote.eastmoney.com/us/DGBP.html
DIGITALGLOBEINC,DGI,https://quote.eastmoney.com/us/DGI.html
多尼戈尔集团-A,DGICA,https://quote.eastmoney.com/us/DGICA.html
多尼戈尔集团-B,DGICB,https://quote.eastmoney.com/us/DGICB.html
美国迪进国际,DGII,https://quote.eastmoney.com/us/DGII.html
DGFASTCHANNELINC,DGIT,https://quote.eastmoney.com/us/DGIT.html
PowerSharesDBGoldFund,DGL,https://quote.eastmoney.com/us/DGL.html
Velocitysharestm3xInverseGol,DGLD,https://quote.eastmoney.com/us/DGLD.html
移动货币集团,DGLT,https://quote.eastmoney.com/us/DGLT.html
DigitalAllyInc,DGLY,https://quote.eastmoney.com/us/DGLY.html
DBGoldDoubleLongETNDueFeb,DGP,https://quote.eastmoney.com/us/DGP.html
WisdomtreeEmergingMarketsDiv,DGRE,https://quote.eastmoney.com/us/DGRE.html
iSharesCoreDividendGrowthET,DGRO,https://quote.eastmoney.com/us/DGRO.html
WisdomtreeU.S.SmallcapDivide,DGRS,https://quote.eastmoney.com/us/DGRS.html
WisdomtreeU.S.DividendGrowth,DGRW,https://quote.eastmoney.com/us/DGRW.html
WisdomTreeEmergingMarketsSma,DGS,https://quote.eastmoney.com/us/DGS.html
DGSECompaniesInc,DGSE,https://quote.eastmoney.com/us/DGSE.html
SPDRGlobalDowETF(BasedOnT,DGT,https://quote.eastmoney.com/us/DGT.html
探索诊断,DGX,https://quote.eastmoney.com/us/DGX.html
DBGoldShortETNDueFebruary,DGZ,https://quote.eastmoney.com/us/DGZ.html
DitechHoldingCorp,DHCP,https://quote.eastmoney.com/us/DHCP.html
DitechHoldingCorpWt-A,DHCP_WS_A,https://quote.eastmoney.com/us/DHCP_WS_A.html
DitechHoldingCorpWt-B,DHCP_WS_B,https://quote.eastmoney.com/us/DHCP_WS_B.html
WisdomTreeDynamicCurrencyHed,DHDG,https://quote.eastmoney.com/us/DHDG.html
DreyfusHighYieldStrategiesF,DHF,https://quote.eastmoney.com/us/DHF.html
DeutscheHighIncomeOpportunit,DHG,https://quote.eastmoney.com/us/DHG.html
DRHORTON,DHI,https://quote.eastmoney.com/us/DHI.html
DiamondHillInvestmentGroupInc-A,DHIL,https://quote.eastmoney.com/us/DHIL.html
DESARROLLADORAHOMEX-ADR,DHOXQ,https://quote.eastmoney.com/us/DHOXQ.html
丹纳赫,DHR,https://quote.eastmoney.com/us/DHR.html
DanaherCorpSeriesAPfd,DHR_A,https://quote.eastmoney.com/us/DHR_A.html
DanaherCorporation,DHR_WD,https://quote.eastmoney.com/us/DHR_WD.html
德海尔医疗,DHRM,https://quote.eastmoney.com/us/DHRM.html
WisdomTreeEquityIncomeFund,DHS,https://quote.eastmoney.com/us/DHS.html
DHTMARITIMEINC,DHT,https://quote.eastmoney.com/us/DHT.html
DiamondHillValuation-Weighted,DHVW,https://quote.eastmoney.com/us/DHVW.html
DICEHOLDINGSINC,DHX,https://quote.eastmoney.com/us/DHX.html
DHXMediaLtd,DHXM,https://quote.eastmoney.com/us/DHXM.html
CreditSuisseHighYldBondFd,DHY,https://quote.eastmoney.com/us/DHY.html
PimcoDiversifiedIncomeActive,DI,https://quote.eastmoney.com/us/DI.html
SPDRDowJonesIndustrialAvera,DIA,https://quote.eastmoney.com/us/DIA.html
WESTWOODONE,DIAL,https://quote.eastmoney.com/us/DIAL.html
NuveenDow30smDynamicOverwri,DIAX,https://quote.eastmoney.com/us/DIAX.html
ProSharesUltraOil&Gas,DIG,https://quote.eastmoney.com/us/DIG.html
WisdomTreeInternationalMidcap,DIM,https://quote.eastmoney.com/us/DIM.html
DINEEQUITYINC,DIN,https://quote.eastmoney.com/us/DIN.html
DavisSelectInternationalETF,DINT,https://quote.eastmoney.com/us/DINT.html
DiodesInc,DIOD,https://quote.eastmoney.com/us/DIOD.html
iPathPureBetaAgricultureETN,DIRT,https://quote.eastmoney.com/us/DIRT.html
华特迪士尼,DIS,https://quote.eastmoney.com/us/DIS.html
探索频道-A,DISCA,https://quote.eastmoney.com/us/DISCA.html
探索频道-B,DISCB,https://quote.eastmoney.com/us/DISCB.html
探索频道-C,DISCK,https://quote.eastmoney.com/us/DISCK.html
DISHNetworkCorp-A,DISH,https://quote.eastmoney.com/us/DISH.html
DISHNetworkCorpWI,DISHV,https://quote.eastmoney.com/us/DISHV.html
DISHNetworkCorpWI,DISHW,https://quote.eastmoney.com/us/DISHW.html
AMCONDISTRIBUTINGCO,DIT,https://quote.eastmoney.com/us/DIT.html
DITECHNETWORKSINC,DITC,https://quote.eastmoney.com/us/DITC.html
GlobalXSuperdividendU.S.ETF,DIV,https://quote.eastmoney.com/us/DIV.html
QuantSharesHedgedDividendInc,DIVA,https://quote.eastmoney.com/us/DIVA.html
iSharesU.S.DividendandBuyba,DIVB,https://quote.eastmoney.com/us/DIVB.html
C-TracksExchangeTradedNotes,DIVC,https://quote.eastmoney.com/us/DIVC.html
AdvisorSharesAthenaHighDivid,DIVI,https://quote.eastmoney.com/us/DIVI.html
AMPLIFYETFTRYIELDSHARESCWP,DIVO,https://quote.eastmoney.com/us/DIVO.html
RealitySharesDIVSETF,DIVY,https://quote.eastmoney.com/us/DIVY.html
E-TracsLinkedToTheBloomberg,DJCI,https://quote.eastmoney.com/us/DJCI.html
DailyJournalCorp,DJCO,https://quote.eastmoney.com/us/DJCO.html
GuggenheimDowJonesIndustrial,DJD,https://quote.eastmoney.com/us/DJD.html
iPathBloombergCommodityIndex,DJP,https://quote.eastmoney.com/us/DJP.html
ETNslinkedtotheVelocityShar,DJPY,https://quote.eastmoney.com/us/DJPY.html
DELEKUSHOLDINGSINC,DK,https://quote.eastmoney.com/us/DK.html
DELEKLOGISTICSPARTNERSLP,DKL,https://quote.eastmoney.com/us/DKL.html
迪克体育用品,DKS,https://quote.eastmoney.com/us/DKS.html
DEUTSCHEBANKCONTINGENTCAPITALTRUST,DKT,https://quote.eastmoney.com/us/DKT.html
正保远程教育,DL,https://quote.eastmoney.com/us/DL.html
DELTAAPPARELINC,DLA,https://quote.eastmoney.com/us/DLA.html
杜比实验室,DLB,https://quote.eastmoney.com/us/DLB.html
IpathrUsTreasuryLongBondBu,DLBL,https://quote.eastmoney.com/us/DLBL.html
VelocitySharesShortLIBORETNs,DLBR,https://quote.eastmoney.com/us/DLBR.html
IpathrUsTreasuryLongBondBe,DLBS,https://quote.eastmoney.com/us/DLBS.html
iPathUSTreasuryLongBondBea,DLBS_NASDAQ,https://quote.eastmoney.com/us/DLBS_NASDAQ.html
DIALOGIC,DLGC,https://quote.eastmoney.com/us/DLGC.html
DLHHoldingsCorp,DLHC,https://quote.eastmoney.com/us/DLHC.html
DELIA*SINC,DLIA,https://quote.eastmoney.com/us/DLIA.html
DOLLARFINANCIALCORP,DLLR,https://quote.eastmoney.com/us/DLLR.html
WisdomTreeLargecapDividendFu,DLN,https://quote.eastmoney.com/us/DLN.html
DynagasLNGPartnersLP,DLNG,https://quote.eastmoney.com/us/DLNG.html
DynagasLNGPartnersLP,DLNG_A,https://quote.eastmoney.com/us/DLNG_A.html
DynagasLNGPartnersLPSeries,DLNG_B,https://quote.eastmoney.com/us/DLNG_B.html
德尔福汽车,DLPH,https://quote.eastmoney.com/us/DLPH.html
DolphinEntertainmentInc,DLPN,https://quote.eastmoney.com/us/DLPN.html
DolphinEntertainmentIncWt,DLPNW,https://quote.eastmoney.com/us/DLPNW.html
数字房地产信托,DLR,https://quote.eastmoney.com/us/DLR.html
DigitalRealtyTrustIncSeries,DLR_C,https://quote.eastmoney.com/us/DLR_C.html
DigitalRealtyTrustInc,DLR_E,https://quote.eastmoney.com/us/DLR_E.html
DigitalRealtyTrustInc,DLR_E_CL,https://quote.eastmoney.com/us/DLR_E_CL.html
DigitalRealtyTrustInc,DLR_F,https://quote.eastmoney.com/us/DLR_F.html
DigitalRealtyTrust,DLR_F_CL,https://quote.eastmoney.com/us/DLR_F_CL.html
DigitalRealtyTrustInc,DLR_G,https://quote.eastmoney.com/us/DLR_G.html
DigitalRealtyTrustInc,DLR_H,https://quote.eastmoney.com/us/DLR_H.html
DigitalRealtyTrustIncSeries,DLR_H_CL,https://quote.eastmoney.com/us/DLR_H_CL.html
DigitalRealtyTrustInc,DLR_I,https://quote.eastmoney.com/us/DLR_I.html
DigitalRealtyTrustIncSeries,DLR_J,https://quote.eastmoney.com/us/DLR_J.html
DigitalRealtyTrustIncSeries,DLR_K,https://quote.eastmoney.com/us/DLR_K.html
WisdomTreeInternationalSmallc,DLS,https://quote.eastmoney.com/us/DLS.html
DuluthHoldingsInc-B,DLTH,https://quote.eastmoney.com/us/DLTH.html
美元树,DLTR,https://quote.eastmoney.com/us/DLTR.html
DELUXECORP,DLX,https://quote.eastmoney.com/us/DLX.html
道明尼能源有限合伙,DM,https://quote.eastmoney.com/us/DM.html
DiaMedicaTherapeuticsInc,DMAC,https://quote.eastmoney.com/us/DMAC.html
DreyfusMunicipalBondInfrastr,DMB,https://quote.eastmoney.com/us/DMB.html
DEMANDMEDIAINC,DMD,https://quote.eastmoney.com/us/DMD.html
AAMS&PDevelopedMarketsHigh,DMDV,https://quote.eastmoney.com/us/DMDV.html
DreyfusMunicipalIncomeInc,DMF,https://quote.eastmoney.com/us/DMF.html
多尔切斯特,DMLP,https://quote.eastmoney.com/us/DMLP.html
DIAMONDFOODSINC,DMND,https://quote.eastmoney.com/us/DMND.html
WesternAssetMortgageDefined,DMO,https://quote.eastmoney.com/us/DMO.html
德尔玛制药,DMPI,https://quote.eastmoney.com/us/DMPI.html
数字标识,DMRC,https://quote.eastmoney.com/us/DMRC.html
DeltaSharesS&PEmergingPlus&,DMRE,https://quote.eastmoney.com/us/DMRE.html
DeltaSharesS&PInternationalM,DMRI,https://quote.eastmoney.com/us/DMRI.html
DeltaSharesS&P500ManagedRis,DMRL,https://quote.eastmoney.com/us/DMRL.html
DeltaSharesS&P400ManagedRis,DMRM,https://quote.eastmoney.com/us/DMRM.html
DeltaSharesS&P600ManagedRis,DMRS,https://quote.eastmoney.com/us/DMRS.html
DermTechInc,DMTK,https://quote.eastmoney.com/us/DMTK.html
DermTechIncWt,DMTKW,https://quote.eastmoney.com/us/DMTKW.html
DimensionTherapeuticsInc,DMTX,https://quote.eastmoney.com/us/DMTX.html
"ProNAiTherapeutics,Inc.",DNAI,https://quote.eastmoney.com/us/DNAI.html
邓白氏,DNB,https://quote.eastmoney.com/us/DNB.html
DNB金融,DNBF,https://quote.eastmoney.com/us/DNBF.html
DENDREONCORP,DNDN,https://quote.eastmoney.com/us/DNDN.html
DividendAndIncomeFund,DNI,https://quote.eastmoney.com/us/DNI.html
点牛金融,DNJR,https://quote.eastmoney.com/us/DNJR.html
唐恩都乐,DNKN,https://quote.eastmoney.com/us/DNKN.html
WisdomTreeGlobalex-USDividen,DNL,https://quote.eastmoney.com/us/DNL.html
DenaliTherapeuticsInc,DNLI,https://quote.eastmoney.com/us/DNLI.html
DENISONMINESCORP,DNN,https://quote.eastmoney.com/us/DNN.html
UnitedStatesShortOilFund,DNO,https://quote.eastmoney.com/us/DNO.html
NOWInc,DNOW,https://quote.eastmoney.com/us/DNOW.html
DnpSelectIncomeFundInc,DNP,https://quote.eastmoney.com/us/DNP.html
DENBURYRESOURCES,DNR,https://quote.eastmoney.com/us/DNR.html
DIAMONDOFFSHOREDRILLING,DO,https://quote.eastmoney.com/us/DO.html
PHYSICIANSREALTY,DOC,https://quote.eastmoney.com/us/DOC.html
DocuSignInc,DOCU,https://quote.eastmoney.com/us/DOCU.html
ElementsDogsOfTheDowTotal,DOD,https://quote.eastmoney.com/us/DOD.html
ProSharesShortDow30,DOG,https://quote.eastmoney.com/us/DOG.html
ArrowDogsoftheWorldETF,DOGS,https://quote.eastmoney.com/us/DOGS.html
多尼斯,DOGZ,https://quote.eastmoney.com/us/DOGZ.html
WisdomTreeInternationalLargec,DOL,https://quote.eastmoney.com/us/DOL.html
都乐食品,DOLE,https://quote.eastmoney.com/us/DOLE.html
DOLANMEDIACOMPANY,DOLNQ,https://quote.eastmoney.com/us/DOLNQ.html
DOMINIONRESOURCESBLACK,DOM,https://quote.eastmoney.com/us/DOM.html
DomoInc-B,DOMO,https://quote.eastmoney.com/us/DOMO.html
WisdomTreeMidcapDividendFund,DON,https://quote.eastmoney.com/us/DON.html
WisdomTreeInternationalDivide,DOO,https://quote.eastmoney.com/us/DOO.html
BRPInc,DOOO,https://quote.eastmoney.com/us/DOOO.html
美森特,DOOR,https://quote.eastmoney.com/us/DOOR.html
DormanProductsInc,DORM,https://quote.eastmoney.com/us/DORM.html
DraperOakwoodTechnologyAcquisitionInc-A,DOTA,https://quote.eastmoney.com/us/DOTA.html
DraperOakwoodTechnologyAcqui,DOTAR,https://quote.eastmoney.com/us/DOTAR.html
DraperOakwoodTechnologyAcquisitionIncUnitCon,DOTAU,https://quote.eastmoney.com/us/DOTAU.html
DraperOakwoodTechnologyAcquisitionIncWt,DOTAW,https://quote.eastmoney.com/us/DOTAW.html
DOVER,DOV,https://quote.eastmoney.com/us/DOV.html
多瓦制药,DOVA,https://quote.eastmoney.com/us/DOVA.html
DOVERSADDLERYINC,DOVR,https://quote.eastmoney.com/us/DOVR.html
陶氏化学,DOW,https://quote.eastmoney.com/us/DOW.html
陶氏化学,DOW_WD,https://quote.eastmoney.com/us/DOW_WD.html
陶氏WI,DOWW,https://quote.eastmoney.com/us/DOWW.html
AMDOCS,DOX,https://quote.eastmoney.com/us/DOX.html
斗鱼,DOYU,https://quote.eastmoney.com/us/DOYU.html
斗鱼,DOYU_NYSE,https://quote.eastmoney.com/us/DOYU_NYSE.html
Duff&PhelpsGlobalUtilityIn,DPG,https://quote.eastmoney.com/us/DPG.html
DiamondPeakHoldingsCorp-A,DPHC,https://quote.eastmoney.com/us/DPHC.html
DiamondPeakHoldingsCorpUnitConsof1CLA+1/,DPHCU,https://quote.eastmoney.com/us/DPHCU.html
DiamondPeakHoldingsCorpWt,DPHCW,https://quote.eastmoney.com/us/DPHCW.html
DirexionDailyDevelopedMarket,DPK,https://quote.eastmoney.com/us/DPK.html
DiplomatPharmacyInc,DPLO,https://quote.eastmoney.com/us/DPLO.html
DCPMIDSTREAMPARTNERSLP,DPM,https://quote.eastmoney.com/us/DPM.html
DOW30ENHANCEDPREMIUM&INCOMEFUND,DPO,https://quote.eastmoney.com/us/DPO.html
"DIPEXIUMPHARMACEUTICALS,LLC",DPRX,https://quote.eastmoney.com/us/DPRX.html
DRPEPPERSNAPPLE,DPS,https://quote.eastmoney.com/us/DPS.html
DirexionDailyRegionalBanksB,DPST,https://quote.eastmoney.com/us/DPST.html
DBCommodityLongETNDueApril,DPU,https://quote.eastmoney.com/us/DPU.html
"DPWHoldings,Inc.",DPW,https://quote.eastmoney.com/us/DPW.html
DOMINO'SPIZZAINC,DPZ,https://quote.eastmoney.com/us/DPZ.html
大全新能源,DQ,https://quote.eastmoney.com/us/DQ.html
RealitySharesFundstratDQMLo,DQML,https://quote.eastmoney.com/us/DQML.html
DiversifiedRealAssetIncomeF,DRA,https://quote.eastmoney.com/us/DRA.html
DigiradCorp,DRAD,https://quote.eastmoney.com/us/DRAD.html
DataramCorp,DRAM,https://quote.eastmoney.com/us/DRAM.html
DRESSER-RANDGROUP,DRC,https://quote.eastmoney.com/us/DRC.html
DYNAMICSRESEARCHCORP,DRCO,https://quote.eastmoney.com/us/DRCO.html
DRDGOLDLTD-SPONSOREDADR,DRD,https://quote.eastmoney.com/us/DRD.html
DUKEREALTY,DRE,https://quote.eastmoney.com/us/DRE.html
RBSGlobalBigPharmaExchange,DRGS,https://quote.eastmoney.com/us/DRGS.html
DIAMONDROCKHOSPITALITYCOMPANY,DRH,https://quote.eastmoney.com/us/DRH.html
达登饭店,DRI,https://quote.eastmoney.com/us/DRI.html
钻石度假村,DRII,https://quote.eastmoney.com/us/DRII.html
DarioHealthCorp,DRIO,https://quote.eastmoney.com/us/DRIO.html
DarioHealthCorpWt,DRIOW,https://quote.eastmoney.com/us/DRIOW.html
DirexionDailyS&POil&GasEx,DRIP,https://quote.eastmoney.com/us/DRIP.html
DIGITALRIVERINC,DRIV,https://quote.eastmoney.com/us/DRIV.html
DORALFINANCIALCORP,DRL,https://quote.eastmoney.com/us/DRL.html
DermavantSciencesLtd,DRMT,https://quote.eastmoney.com/us/DRMT.html
DirexionDailyRealEstateBull,DRN,https://quote.eastmoney.com/us/DRN.html
DicernaPharmaceuticalsInc,DRNA,https://quote.eastmoney.com/us/DRNA.html
德久普,DRQ,https://quote.eastmoney.com/us/DRQ.html
MarketVectorsDoubleShortEur,DRR,https://quote.eastmoney.com/us/DRR.html
DURECTCorp,DRRX,https://quote.eastmoney.com/us/DRRX.html
AptusDefinedRiskETF,DRSK,https://quote.eastmoney.com/us/DRSK.html
DURATATHERAPEUTICS,DRTX,https://quote.eastmoney.com/us/DRTX.html
DOMINIONRESOURCESINC,DRU,https://quote.eastmoney.com/us/DRU.html
"DominionEnergy,Inc.",DRUA,https://quote.eastmoney.com/us/DRUA.html
DirexionDailyRealEstateBear,DRV,https://quote.eastmoney.com/us/DRV.html
HighlandFundsIHighlandHFRE,DRVN,https://quote.eastmoney.com/us/DRVN.html
WisdomTreeGlobalex-USRealEs,DRW,https://quote.eastmoney.com/us/DRW.html
DragonWaveInc,DRWI,https://quote.eastmoney.com/us/DRWI.html
DRAGONWAVEINCWARRANTS,DRWIW,https://quote.eastmoney.com/us/DRWIW.html
DryShipsInc,DRYS,https://quote.eastmoney.com/us/DRYS.html
DriveShackInc,DS,https://quote.eastmoney.com/us/DS.html
DriveShackInc.,DS_B,https://quote.eastmoney.com/us/DS_B.html
DriveShackInc.,DS_C,https://quote.eastmoney.com/us/DS_C.html
DriveShackInc.,DS_D,https://quote.eastmoney.com/us/DS_D.html
DERMASCIENCES,DSCI,https://quote.eastmoney.com/us/DSCI.html
DISCOVERYLABORATORIESINC,DSCO,https://quote.eastmoney.com/us/DSCO.html
Duff&PhelpsSelectEnergyMlp,DSE,https://quote.eastmoney.com/us/DSE.html
"DIAMONDSSHIPPINGGROUP,INC.",DSG,https://quote.eastmoney.com/us/DSG.html
TheDescartesSystemsGroupInc,DSGX,https://quote.eastmoney.com/us/DSGX.html
iSharesMSCIKLD400SocialETF,DSI,https://quote.eastmoney.com/us/DSI.html
DasekeInc,DSKE,https://quote.eastmoney.com/us/DSKE.html
DasekeIncWt,DSKEW,https://quote.eastmoney.com/us/DSKEW.html
DSHEALTHCAREGROUPINC,DSKX,https://quote.eastmoney.com/us/DSKX.html
乐逗,DSKY,https://quote.eastmoney.com/us/DSKY.html
DoublelineIncomeSolutionsFun,DSL,https://quote.eastmoney.com/us/DSL.html
Velocitysharestm3xInverseSil,DSLV,https://quote.eastmoney.com/us/DSLV.html
DreyfusStrategicMunicipalBon,DSM,https://quote.eastmoney.com/us/DSM.html
DSPGroupInc,DSPG,https://quote.eastmoney.com/us/DSPG.html
DOCUMENTSECURITYSYSTEMS,DSS,https://quote.eastmoney.com/us/DSS.html
DiamondSShippingInc,DSSI,https://quote.eastmoney.com/us/DSSI.html
DiamondSShippingIncWI,DSSIW,https://quote.eastmoney.com/us/DSSIW.html
DSTSYSTEMS,DST,https://quote.eastmoney.com/us/DST.html
DAYSTARTECHNOLOGIESINC,DSTI,https://quote.eastmoney.com/us/DSTI.html
DistillateU.S.FundamentalSta,DSTL,https://quote.eastmoney.com/us/DSTL.html
BlackrockDebtStrategiesFund,DSU,https://quote.eastmoney.com/us/DSU.html
PowerSharesChineseYuanDimSu,DSUM,https://quote.eastmoney.com/us/DSUM.html
DSW,DSW,https://quote.eastmoney.com/us/DSW.html
德斯维尔工业,DSWL,https://quote.eastmoney.com/us/DSWL.html
DIANASHIPPINGINC,DSX,https://quote.eastmoney.com/us/DSX.html
DianaShippingInc,DSX_B,https://quote.eastmoney.com/us/DSX_B.html
DianaShippingInc,DSXN,https://quote.eastmoney.com/us/DSXN.html
DynatraceHoldingsLLC,DT,https://quote.eastmoney.com/us/DT.html
WisdomTreeTotalDividendFund,DTD,https://quote.eastmoney.com/us/DTD.html
DTEENERGY,DTE,https://quote.eastmoney.com/us/DTE.html
DAVIDsTEAInc,DTEA,https://quote.eastmoney.com/us/DTEA.html
ALPSDisruptiveTechnologiesET,DTEC,https://quote.eastmoney.com/us/DTEC.html
DtfTax-FreeIncomeInc,DTF,https://quote.eastmoney.com/us/DTF.html
WisdomTreeDefaEquityIncomeF,DTH,https://quote.eastmoney.com/us/DTH.html
PrecisionBioSciencesInc,DTIL,https://quote.eastmoney.com/us/DTIL.html
DTEEnergyCompany,DTJ,https://quote.eastmoney.com/us/DTJ.html
DEUTSCHEBANKCONTINGENTCAPITALTRUST,DTK,https://quote.eastmoney.com/us/DTK.html
BrookfieldDtlaFundOfficeTru,DTLA_,https://quote.eastmoney.com/us/DTLA_.html
资料连结公司,DTLK,https://quote.eastmoney.com/us/DTLK.html
DTLR,DTLR,https://quote.eastmoney.com/us/DTLR.html
WisdomTreeDividendex-Financia,DTN,https://quote.eastmoney.com/us/DTN.html
DBCrudeOilDoubleShortExcha,DTO,https://quote.eastmoney.com/us/DTO.html
DteEnergyCompany,DTQ,https://quote.eastmoney.com/us/DTQ.html
DetermineInc,DTRM,https://quote.eastmoney.com/us/DTRM.html
DTS科技,DTSI,https://quote.eastmoney.com/us/DTSI.html
数海,DTSS,https://quote.eastmoney.com/us/DTSS.html
DEUTSCHEBANKFUNDINGTRUSTIX6.625%NO,DTT,https://quote.eastmoney.com/us/DTT.html
IpathrUsTreasury2-YearBull,DTUL,https://quote.eastmoney.com/us/DTUL.html
iPathUSTreasury2-yearBullE,DTUL_NASDAQ,https://quote.eastmoney.com/us/DTUL_NASDAQ.html
IpathrUsTreasury2-YearBear,DTUS,https://quote.eastmoney.com/us/DTUS.html
iPathUSTreasury2-yearBearE,DTUS_NASDAQ,https://quote.eastmoney.com/us/DTUS_NASDAQ.html
DIRECTV,DTV,https://quote.eastmoney.com/us/DTV.html
DTEEnergyCoSeriesEDebentur,DTW,https://quote.eastmoney.com/us/DTW.html
DTEEnergyCompany,DTY,https://quote.eastmoney.com/us/DTY.html
IpathrUsTreasury10-YearBull,DTYL,https://quote.eastmoney.com/us/DTYL.html
iPathUSTreasury10-yearBull,DTYL_NASDAQ,https://quote.eastmoney.com/us/DTYL_NASDAQ.html
IpathrUsTreasury10-YearBear,DTYS,https://quote.eastmoney.com/us/DTYS.html
iPathUSTreasury10-yearBear,DTYS_NASDAQ,https://quote.eastmoney.com/us/DTYS_NASDAQ.html
DteEnergyCompany,DTZ,https://quote.eastmoney.com/us/DTZ.html
DEUTSCHEBANKCAPITALFUNDINGTRUSTVIII,DUA,https://quote.eastmoney.com/us/DUA.html
Duff&PhelpsUtility&Corpora,DUC,https://quote.eastmoney.com/us/DUC.html
DUFF&PHELPSCORP,DUF,https://quote.eastmoney.com/us/DUF.html
ProSharesUltrashortOil&Gas,DUG,https://quote.eastmoney.com/us/DUG.html
杜克能源,DUK,https://quote.eastmoney.com/us/DUK.html
DukeEnergyCorpSeriesAPfd,DUK_A,https://quote.eastmoney.com/us/DUK_A.html
DukeEnergyCorpDebentures,DUKB,https://quote.eastmoney.com/us/DUKB.html
DukeEnergyCorporation,DUKH,https://quote.eastmoney.com/us/DUKH.html
DirexionFundsETF,DULL,https://quote.eastmoney.com/us/DULL.html
VanEckVectorsMorningstarDura,DURA,https://quote.eastmoney.com/us/DURA.html
DavisSelectU.S.EquityETF,DUSA,https://quote.eastmoney.com/us/DUSA.html
DirexionShsEtfTrDailyIndl,DUSL,https://quote.eastmoney.com/us/DUSL.html
DirexionDailyGoldMinersBear,DUST,https://quote.eastmoney.com/us/DUST.html
DEVRY,DV,https://quote.eastmoney.com/us/DV.html
DAVITA,DVA,https://quote.eastmoney.com/us/DVA.html
德纳维制药,DVAX,https://quote.eastmoney.com/us/DVAX.html
DiversicareHealthcareServicesInc,DVCR,https://quote.eastmoney.com/us/DVCR.html
DOVERMOTORSPORTSINC,DVD,https://quote.eastmoney.com/us/DVD.html
WISDOMTREETRUSTEMERGINGMKTS,DVEM,https://quote.eastmoney.com/us/DVEM.html
EtracsDiversifiedHighIncome,DVHI,https://quote.eastmoney.com/us/DVHI.html
EtracsMonthlyPay2xleveraged,DVHL,https://quote.eastmoney.com/us/DVHL.html
FirstTrustDorseyWrightMomen,DVLU,https://quote.eastmoney.com/us/DVLU.html
DellTechnologiesInc-V,DVMT,https://quote.eastmoney.com/us/DVMT.html
戴文能源,DVN,https://quote.eastmoney.com/us/DVN.html
FirstTrustDorseyWrightMomen,DVOL,https://quote.eastmoney.com/us/DVOL.html
DYNAVOX,DVOX,https://quote.eastmoney.com/us/DVOX.html
DYNAVOX,DVOXQ,https://quote.eastmoney.com/us/DVOXQ.html
DeepValueETF,DVP,https://quote.eastmoney.com/us/DVP.html
CALDIVEINTERNATIONALINC,DVR,https://quote.eastmoney.com/us/DVR.html
iSharesSelectDividendETF,DVY,https://quote.eastmoney.com/us/DVY.html
股息指数ETF-iShares,DVY_NASDAQ,https://quote.eastmoney.com/us/DVY_NASDAQ.html
iSharesAsia/PacificDividendE,DVYA,https://quote.eastmoney.com/us/DVYA.html
iSharesEmergingMarketsDivide,DVYE,https://quote.eastmoney.com/us/DVYE.html
EtracsMonthlyPay2xleveraged,DVYL,https://quote.eastmoney.com/us/DVYL.html
DREWINDUSTRIESINC,DW,https://quote.eastmoney.com/us/DW.html
梦工厂,DWA,https://quote.eastmoney.com/us/DWA.html
ElkhornCommodityRotationStra,DWAC,https://quote.eastmoney.com/us/DWAC.html
PowerSharesDwaNasdaqMomentum,DWAQ,https://quote.eastmoney.com/us/DWAQ.html
PowerSharesDwaSmallcapMoment,DWAS,https://quote.eastmoney.com/us/DWAS.html
ArrowInvestmentsTrustArrowD,DWAT,https://quote.eastmoney.com/us/DWAT.html
数据观察,DWCH,https://quote.eastmoney.com/us/DWCH.html
ArrowDWACountryRotationETF,DWCR,https://quote.eastmoney.com/us/DWCR.html
陶氏杜邦,DWDP,https://quote.eastmoney.com/us/DWDP.html
陶氏杜邦WI,DWDP_V,https://quote.eastmoney.com/us/DWDP_V.html
陶氏杜邦WI,DWDPW,https://quote.eastmoney.com/us/DWDPW.html
SPDRDorseyWrightFixedIncome,DWFI,https://quote.eastmoney.com/us/DWFI.html
PowerSharesDWATacticalMulti-,DWIN,https://quote.eastmoney.com/us/DWIN.html
DavisSelectWorldwideETF,DWLD,https://quote.eastmoney.com/us/DWLD.html
PowerSharesDWAMomentum&Low,DWLV,https://quote.eastmoney.com/us/DWLV.html
WisdomTreeDefaFund,DWM,https://quote.eastmoney.com/us/DWM.html
AdvisorSharesDorseyWrightMic,DWMC,https://quote.eastmoney.com/us/DWMC.html
WisdomTreeInternationalMultif,DWMF,https://quote.eastmoney.com/us/DWMF.html
FirstTrustDorseyWrightPeople’sPortfolioETF,DWPP,https://quote.eastmoney.com/us/DWPP.html
DEMANDWARE,DWRE,https://quote.eastmoney.com/us/DWRE.html
AdvisorSharesDorseyWrightSho,DWSH,https://quote.eastmoney.com/us/DWSH.html
道森地探,DWSN,https://quote.eastmoney.com/us/DWSN.html
三倍做空原油ETN-VelocityShares,DWT,https://quote.eastmoney.com/us/DWT.html
VelocityShares3xInverseCrude,DWTI,https://quote.eastmoney.com/us/DWTI.html
PowerSharesDWATacticalSector,DWTR,https://quote.eastmoney.com/us/DWTR.html
SPDRS&PInternationalDividend,DWX,https://quote.eastmoney.com/us/DWX.html
DYNEXCAPITALINC,DX,https://quote.eastmoney.com/us/DX.html
DynexCapitalInc,DX_A,https://quote.eastmoney.com/us/DX_A.html
DynexCapitalInc,DX_B,https://quote.eastmoney.com/us/DX_B.html
DEUTSCHEBANKCONTINGENTTRUSTII,DXB,https://quote.eastmoney.com/us/DXB.html
DXCTechnologyCo,DXC,https://quote.eastmoney.com/us/DXC.html
德康医疗,DXCM,https://quote.eastmoney.com/us/DXCM.html
ProSharesUltrashortDow30,DXD,https://quote.eastmoney.com/us/DXD.html
敦信金融,DXF,https://quote.eastmoney.com/us/DXF.html
WisdomtreeGermanyHedgedEquit,DXGE,https://quote.eastmoney.com/us/DXGE.html
DXIEnergyInc.,DXI,https://quote.eastmoney.com/us/DXI.html
WisdomTreeJapanHedgedEquity,DXJ,https://quote.eastmoney.com/us/DXJ.html
WisdomTreeJapanHedgedCapital,DXJC,https://quote.eastmoney.com/us/DXJC.html
WisdomTreeJapanHedgedFinanci,DXJF,https://quote.eastmoney.com/us/DXJF.html
WisdomTreeJapanHedgedHealth,DXJH,https://quote.eastmoney.com/us/DXJH.html
WisdomTreeJapanHedgedRealEs,DXJR,https://quote.eastmoney.com/us/DXJR.html
WisdomtreeJapanHedgedSmallca,DXJS,https://quote.eastmoney.com/us/DXJS.html
WisdomTreeJapanHedgedTechMe,DXJT,https://quote.eastmoney.com/us/DXJT.html
WisdomtreeKoreaHedgedEquity,DXKW,https://quote.eastmoney.com/us/DXKW.html
DestinationXLGroupInc,DXLG,https://quote.eastmoney.com/us/DXLG.html
DEXMEDIAInc,DXM,https://quote.eastmoney.com/us/DXM.html
DXPEnterprisesInc,DXPE,https://quote.eastmoney.com/us/DXPE.html
WisdomtreeUnitedKingdomHedge,DXPS,https://quote.eastmoney.com/us/DXPS.html
DAXORCORP,DXR,https://quote.eastmoney.com/us/DXR.html
DexteraSurgicalInc,DXTR,https://quote.eastmoney.com/us/DXTR.html
WisdomTreeGlobalex-U.S.Hedge,DXUS,https://quote.eastmoney.com/us/DXUS.html
迪克希,DXYN,https://quote.eastmoney.com/us/DXYN.html
DYCOMINDUSTRIESINC,DY,https://quote.eastmoney.com/us/DY.html
DyadicInternationalInc,DYAI,https://quote.eastmoney.com/us/DYAI.html
DYAXCORP,DYAX,https://quote.eastmoney.com/us/DYAX.html
WISDOMTREETRDYNAMICBEARISHU,DYB,https://quote.eastmoney.com/us/DYB.html
DYNACQHEALTHCAREINC,DYII,https://quote.eastmoney.com/us/DYII.html
WISDOMTREETRDYNAMICLONG/SHOR,DYLS,https://quote.eastmoney.com/us/DYLS.html
达力智,DYN,https://quote.eastmoney.com/us/DYN.html
DynegyInc,DYN_A,https://quote.eastmoney.com/us/DYN_A.html
DynegyIncWt,DYN_WS,https://quote.eastmoney.com/us/DYN_WS.html
DynegyIncWt,DYN_WS_A,https://quote.eastmoney.com/us/DYN_WS_A.html
DynegyInc.7.00%TangibleEquityUnits,DYNC,https://quote.eastmoney.com/us/DYNC.html
BlackRockU.S.EquityFactorRo,DYNF,https://quote.eastmoney.com/us/DYNF.html
DynatronicsCorp,DYNT,https://quote.eastmoney.com/us/DYNT.html
DynasilCorpofAmerica,DYSL,https://quote.eastmoney.com/us/DYSL.html
DBCommodityDoubleLongETNDu,DYY,https://quote.eastmoney.com/us/DYY.html
DirexionDailyDevelopedMarket,DZK,https://quote.eastmoney.com/us/DZK.html
DASANZhoneSolutionsInc,DZSI,https://quote.eastmoney.com/us/DZSI.html
DBGoldDoubleShortETNDueFe,DZZ,https://quote.eastmoney.com/us/DZZ.html
ENISPA-SPONSOREDADR,E,https://quote.eastmoney.com/us/E.html
电子艺界,EA,https://quote.eastmoney.com/us/EA.html
EntergyArkansasInc,EAA,https://quote.eastmoney.com/us/EAA.html
EntergyArkansasInc,EAA_CL,https://quote.eastmoney.com/us/EAA_CL.html
FirstMortgageBond,EAB,https://quote.eastmoney.com/us/EAB.html
ERICKSONAIR-CRANE,EAC,https://quote.eastmoney.com/us/EAC.html
EasterlyAcquisitionCorp,EACQ,https://quote.eastmoney.com/us/EACQ.html
EasterlyAcquisitionCorpUnitConsof1Sh+0.5,EACQU,https://quote.eastmoney.com/us/EACQU.html
EasterlyAcquisitionCorpWt,EACQW,https://quote.eastmoney.com/us/EACQW.html
WellsFargoAdvantageIncomeOp,EAD,https://quote.eastmoney.com/us/EAD.html
EntergyArkansasInc,EAE,https://quote.eastmoney.com/us/EAE.html
GrafTechInternationalLtd,EAF,https://quote.eastmoney.com/us/EAF.html
iSharesESGU.S.AggregateBond,EAGG,https://quote.eastmoney.com/us/EAGG.html
DoubleEagleAcquisitionCorp-A,EAGL,https://quote.eastmoney.com/us/EAGL.html
PlatinumEagleAcquisitionCorpUnitConsof1CL,EAGLU,https://quote.eastmoney.com/us/EAGLU.html
DoubleEagleAcquisitionCorpWt,EAGLW,https://quote.eastmoney.com/us/EAGLW.html
EntergyArkansasInc,EAI,https://quote.eastmoney.com/us/EAI.html
EllingtonResidentialMortgageREIT,EARN,https://quote.eastmoney.com/us/EARN.html
AurisMedicalHoldingAG,EARS,https://quote.eastmoney.com/us/EARS.html
XtrackersMSCIEAFEESGLeaders,EASG,https://quote.eastmoney.com/us/EASG.html
AmplifyEASITacticalGrowthET,EASI,https://quote.eastmoney.com/us/EASI.html
EastsideDistillingInc,EAST,https://quote.eastmoney.com/us/EAST.html
EastsideDistillingIncWt,EASTW,https://quote.eastmoney.com/us/EASTW.html
BRINKER,EAT,https://quote.eastmoney.com/us/EAT.html
EventbriteInc-A,EB,https://quote.eastmoney.com/us/EB.html
易趣,EBAY,https://quote.eastmoney.com/us/EBAY.html
eBay,EBAYL,https://quote.eastmoney.com/us/EBAYL.html
易趣,EBAYV,https://quote.eastmoney.com/us/EBAYV.html
ENNISINC,EBF,https://quote.eastmoney.com/us/EBF.html
ElevenBiotherapeuticsInc,EBIO,https://quote.eastmoney.com/us/EBIO.html
亚太交换中心,EBIX,https://quote.eastmoney.com/us/EBIX.html
GlobalXE-commerceETF,EBIZ,https://quote.eastmoney.com/us/EBIZ.html
EagleBancorpMontanaInc,EBMT,https://quote.eastmoney.com/us/EBMT.html
SPDRBarclaysEmergingMarkets,EBND,https://quote.eastmoney.com/us/EBND.html
可再生能源交易所,EBODF,https://quote.eastmoney.com/us/EBODF.html
CENTRAISELECBRAS-SPADRCM,EBR,https://quote.eastmoney.com/us/EBR.html
CENTRAISELETRICASBRASILEIRASS.A.-ELETROBRAS,B,https://quote.eastmoney.com/us/EBR/B.html
CentraisEletricasBrasileirasSAADRPfd,EBR_B,https://quote.eastmoney.com/us/EBR_B.html
EMERGENTBIOSOLUTIONSINC,EBS,https://quote.eastmoney.com/us/EBS.html
默里迪恩银行,EBSB,https://quote.eastmoney.com/us/EBSB.html
EnterpriseBancorpInc,EBTC,https://quote.eastmoney.com/us/EBTC.html
ECOPETROLSA-SPONSOREDADR,EC,https://quote.eastmoney.com/us/EC.html
ENCANACORP,ECA,https://quote.eastmoney.com/us/ECA.html
E-compassAcquisitionCorp.,ECAC,https://quote.eastmoney.com/us/ECAC.html
E-compassAcquisitionCorp,ECACR,https://quote.eastmoney.com/us/ECACR.html
E-compassAcquisitionCorp.,ECACU,https://quote.eastmoney.com/us/ECACU.html
ECBBANCORPINC,ECBE,https://quote.eastmoney.com/us/ECBE.html
EaglePointCreditCoInc.,ECC,https://quote.eastmoney.com/us/ECC.html
EaglePointCreditCompanyInc,ECCA,https://quote.eastmoney.com/us/ECCA.html
EaglePointCreditCompanyInc,ECCB,https://quote.eastmoney.com/us/ECCB.html
EaglePointCreditCoIncNotes,ECCX,https://quote.eastmoney.com/us/ECCX.html
EaglePointCreditCoIncNotes,ECCY,https://quote.eastmoney.com/us/ECCY.html
EaglePointCreditCompanyInc,ECCZ,https://quote.eastmoney.com/us/ECCZ.html
ELLSWORTHGROWTHANDIncomeFUNDLtd,ECF,https://quote.eastmoney.com/us/ECF.html
EllsworthGrowthandIncomeFun,ECF_A,https://quote.eastmoney.com/us/ECF_A.html
iSharesMSCIChileCappedETF,ECH,https://quote.eastmoney.com/us/ECH.html
EchoGlobalLogisticsInc,ECHO,https://quote.eastmoney.com/us/ECHO.html
艺康化工,ECL,https://quote.eastmoney.com/us/ECL.html
FirstTrustEIPCarbonImpactE,ECLN,https://quote.eastmoney.com/us/ECLN.html
iSharesMSCIChinaSmall-CapET,ECNS,https://quote.eastmoney.com/us/ECNS.html
USEcologyInc,ECOL,https://quote.eastmoney.com/us/ECOL.html
畅路销,ECOM,https://quote.eastmoney.com/us/ECOM.html
EGSharesEmergingMarketsConsu,ECON,https://quote.eastmoney.com/us/ECON.html
electroCoreInc,ECOR,https://quote.eastmoney.com/us/ECOR.html
