name_cn,name_en,url
UNITEDTECHNOLOGIESCORP,UTXPA,https://quote.eastmoney.com/us/UTXPA.html
PowerSharesDBUSDollarIndex,UUP,https://quote.eastmoney.com/us/UUP.html
UNIVERSALSECURITYINSTRUMNT,UUU,https://quote.eastmoney.com/us/UUU.html
EnergyFuelsInc,UUUU,https://quote.eastmoney.com/us/UUUU.html
EnergyFuelsIncWt,UUUU_WS,https://quote.eastmoney.com/us/UUUU_WS.html
UNIVERSALINSURANCEHOLDINGS,UVE,https://quote.eastmoney.com/us/UVE.html
宾夕法尼亚裕益银行,UVSP,https://quote.eastmoney.com/us/UVSP.html
UNIVERSALCORP,UVV,https://quote.eastmoney.com/us/UVV.html
ProSharesUltraVIXShort-Term,UVXY,https://quote.eastmoney.com/us/UVXY.html
ProSharesUltraRussell2000,UWM,https://quote.eastmoney.com/us/UWM.html
NEVADAGOLD&CASINOSINC,UWN,https://quote.eastmoney.com/us/UWN.html
三倍做多原油ETN-VelocityShares,UWT,https://quote.eastmoney.com/us/UWT.html
VelocityShares3xLongCrudeET,UWTI,https://quote.eastmoney.com/us/UWTI.html
ProSharesUltraIndustrials,UXI,https://quote.eastmoney.com/us/UXI.html
优信,UXIN,https://quote.eastmoney.com/us/UXIN.html
ProSharesUltraMSCIPacificex,UXJ,https://quote.eastmoney.com/us/UXJ.html
ProSharesUltraFinancials,UYG,https://quote.eastmoney.com/us/UYG.html
ProSharesUltraBasicMaterials,UYM,https://quote.eastmoney.com/us/UYM.html
UnitedStatesCellularCorp,UZA,https://quote.eastmoney.com/us/UZA.html
UnitedStatesCellularCorp,UZB,https://quote.eastmoney.com/us/UZB.html
UnitedStatesCellularCorporat,UZC,https://quote.eastmoney.com/us/UZC.html
VISA,V,https://quote.eastmoney.com/us/V.html
VIRGINAMERICAINC.,VA,https://quote.eastmoney.com/us/VA.html
MarriottVacationsWorldwideCorp,VAC,https://quote.eastmoney.com/us/VAC.html
威士伯,VAL,https://quote.eastmoney.com/us/VAL.html
淡水河谷ADR,VALE,https://quote.eastmoney.com/us/VALE.html
淡水河谷-优先股,VALE_P,https://quote.eastmoney.com/us/VALE_P.html
AmericanCenturySTOXXU.S.Qua,VALQ,https://quote.eastmoney.com/us/VALQ.html
ETFMGSitUltraShortETF,VALT,https://quote.eastmoney.com/us/VALT.html
ValueLineInc,VALU,https://quote.eastmoney.com/us/VALU.html
圣恺工业,VALV,https://quote.eastmoney.com/us/VALV.html
ValideaMarketLegendsETF,VALX,https://quote.eastmoney.com/us/VALX.html
VivaldiOpportunitiesFund,VAM,https://quote.eastmoney.com/us/VAM.html
CambriaETFTrustCambriaValue,VAMO,https://quote.eastmoney.com/us/VAMO.html
VapothermInc,VAPO,https://quote.eastmoney.com/us/VAPO.html
瓦里安医疗,VAR,https://quote.eastmoney.com/us/VAR.html
VASCULARSOLUTIONSINC,VASC,https://quote.eastmoney.com/us/VASC.html
VanguardMaterialsETF,VAW,https://quote.eastmoney.com/us/VAW.html
VanguardSmall-CapETF,VB,https://quote.eastmoney.com/us/VB.html
VIROBAYINC,VBAY,https://quote.eastmoney.com/us/VBAY.html
InvescoBondFund,VBF,https://quote.eastmoney.com/us/VBF.html
农村银行信托金融,VBFC,https://quote.eastmoney.com/us/VBFC.html
VBIVaccinesInc,VBIV,https://quote.eastmoney.com/us/VBIV.html
VanguardSmall-CapGrowthETF,VBK,https://quote.eastmoney.com/us/VBK.html
VascularBiogenicsLtd,VBLT,https://quote.eastmoney.com/us/VBLT.html
VASCULARBIOGENICSLTD.,VBLX,https://quote.eastmoney.com/us/VBLX.html
VidentCoreU.S.BondStrategy,VBND,https://quote.eastmoney.com/us/VBND.html
VanguardSmall-CapValueETF,VBR,https://quote.eastmoney.com/us/VBR.html
VeritexHoldingsInc,VBTX,https://quote.eastmoney.com/us/VBTX.html
伟世通,VC,https://quote.eastmoney.com/us/VC.html
VIRGINIACOMMERCEBANCORP,VCBI,https://quote.eastmoney.com/us/VCBI.html
VericelCorp,VCEL,https://quote.eastmoney.com/us/VCEL.html
DelawareInvestmentsColoradoM,VCF,https://quote.eastmoney.com/us/VCF.html
VALASSISCOMMUNICATIONSINC,VCI,https://quote.eastmoney.com/us/VCI.html
VerticalCapitalIncomeFund,VCIF,https://quote.eastmoney.com/us/VCIF.html
VanguardIntermediate-TermCorp,VCIT,https://quote.eastmoney.com/us/VCIT.html
VanguardLong-TermCorporateBo,VCLT,https://quote.eastmoney.com/us/VCLT.html
VaccinexInc,VCNX,https://quote.eastmoney.com/us/VCNX.html
VINACONCHAYTOROSA-SPADR,VCO,https://quote.eastmoney.com/us/VCO.html
VanguardConsumerDiscretionary,VCR,https://quote.eastmoney.com/us/VCR.html
VoceraCommunicationsInc,VCRA,https://quote.eastmoney.com/us/VCRA.html
VanguardShort-TermCorporateB,VCSH,https://quote.eastmoney.com/us/VCSH.html
VictoryCapitalHoldingsInc-A,VCTR,https://quote.eastmoney.com/us/VCTR.html
InvescoCaliforniaValueMuniI,VCV,https://quote.eastmoney.com/us/VCV.html
VERACYTEINC,VCVT,https://quote.eastmoney.com/us/VCVT.html
VeracyteInc,VCYT,https://quote.eastmoney.com/us/VCYT.html
VanguardConsumerStaplesETF,VDC,https://quote.eastmoney.com/us/VDC.html
VanguardEnergyETF,VDE,https://quote.eastmoney.com/us/VDE.html
VASCODataSecurityInternationalInc,VDSI,https://quote.eastmoney.com/us/VDSI.html
Videocond2hLtdADR,VDTH,https://quote.eastmoney.com/us/VDTH.html
VEOLIAENVIRONNEMENT-ADR,VE,https://quote.eastmoney.com/us/VE.html
VanguardFTSEDevelopedMarkets,VEA,https://quote.eastmoney.com/us/VEA.html
VantageEnergyAcquisitionCorp-A,VEAC,https://quote.eastmoney.com/us/VEAC.html
VantageEnergyAcquisitionCorpUnitConsof1CL,VEACU,https://quote.eastmoney.com/us/VEACU.html
VantageEnergyAcquisitionCorpWt,VEACW,https://quote.eastmoney.com/us/VEACW.html
VectrusInc,VEC,https://quote.eastmoney.com/us/VEC.html
VeecoInstrumentsInc,VECO,https://quote.eastmoney.com/us/VECO.html
VedantaLtdADR,VEDL,https://quote.eastmoney.com/us/VEDL.html
VeevaSystemsInc-A,VEEV,https://quote.eastmoney.com/us/VEEV.html
AdvisorSharesStarGlobalBuy-W,VEGA,https://quote.eastmoney.com/us/VEGA.html
iSharesMSCIGlobalAgriculture,VEGI,https://quote.eastmoney.com/us/VEGI.html
USVeganClimateETF,VEGN,https://quote.eastmoney.com/us/VEGN.html
VANTAGEENERGYINC.,VEI,https://quote.eastmoney.com/us/VEI.html
VELTIPLC,VELTF,https://quote.eastmoney.com/us/VELTF.html
VEONLtdADR,VEON,https://quote.eastmoney.com/us/VEON.html
VEREITInc,VER,https://quote.eastmoney.com/us/VER.html
VEREITInc,VER_F,https://quote.eastmoney.com/us/VER_F.html
VerbTechnologyCoInc,VERB,https://quote.eastmoney.com/us/VERB.html
VerbTechnologyCoIncWt,VERBW,https://quote.eastmoney.com/us/VERBW.html
VeritoneInc,VERI,https://quote.eastmoney.com/us/VERI.html
VeruInc,VERU,https://quote.eastmoney.com/us/VERU.html
VericityInc,VERY,https://quote.eastmoney.com/us/VERY.html
VirtusEnhancedShortU.S.Equi,VESH,https://quote.eastmoney.com/us/VESH.html
VermilionEnergyInc,VET,https://quote.eastmoney.com/us/VET.html
PacerMilitaryTimesBestEmplo,VETS,https://quote.eastmoney.com/us/VETS.html
VanguardFTSEAll-Worldex-USE,VEU,https://quote.eastmoney.com/us/VEU.html
VFCORP,VFC,https://quote.eastmoney.com/us/VFC.html
威富公司WI,VFC_V,https://quote.eastmoney.com/us/VFC_V.html
威富公司WI,VFCW,https://quote.eastmoney.com/us/VFCW.html
VillageFarmsInternationalInc,VFF,https://quote.eastmoney.com/us/VFF.html
VanguardFinancialsETF,VFH,https://quote.eastmoney.com/us/VFH.html
DelawareInvestmentsNationalM,VFL,https://quote.eastmoney.com/us/VFL.html
VanguardU.S.LiquidityFactor,VFLQ,https://quote.eastmoney.com/us/VFLQ.html
VanguardU.S.MultifactorETF,VFMF,https://quote.eastmoney.com/us/VFMF.html
VanguardU.S.MomentumFactorE,VFMO,https://quote.eastmoney.com/us/VFMO.html
VanguardU.S.MinimumVolatilit,VFMV,https://quote.eastmoney.com/us/VFMV.html
VanguardU.S.QualityFactorET,VFQY,https://quote.eastmoney.com/us/VFQY.html
VanguardU.S.ValueFactorETF,VFVA,https://quote.eastmoney.com/us/VFVA.html
VONAGEHOLDINGSCORP,VG,https://quote.eastmoney.com/us/VG.html
VirtusWMCGlobalFactorOpport,VGFO,https://quote.eastmoney.com/us/VGFO.html
VIGGLEINC,VGGL,https://quote.eastmoney.com/us/VGGL.html
VirtusGlobalMulti-SectorInco,VGI,https://quote.eastmoney.com/us/VGI.html
VanguardIntermediate-TermGove,VGIT,https://quote.eastmoney.com/us/VGIT.html
VanguardFTSEEuropeETF,VGK,https://quote.eastmoney.com/us/VGK.html
VanguardLong-TermGovernmentB,VGLT,https://quote.eastmoney.com/us/VGLT.html
InvescoTrustInvestmentGrade,VGM,https://quote.eastmoney.com/us/VGM.html
VECTORGROUPLTD,VGR,https://quote.eastmoney.com/us/VGR.html
VanguardShort-TermGovernment,VGSH,https://quote.eastmoney.com/us/VGSH.html
VanguardInformationTechnology,VGT,https://quote.eastmoney.com/us/VGT.html
VISTAGOLDCORP,VGZ,https://quote.eastmoney.com/us/VGZ.html
VIRNETXHOLDINGCORP,VHC,https://quote.eastmoney.com/us/VHC.html
VALHIINC,VHI,https://quote.eastmoney.com/us/VHI.html
VANGUARDHEALTHSYSTEMS,VHS,https://quote.eastmoney.com/us/VHS.html
VanguardHealthCareETF,VHT,https://quote.eastmoney.com/us/VHT.html
维亚康姆-CLASSA,VIA,https://quote.eastmoney.com/us/VIA.html
维亚康姆-B,VIAB,https://quote.eastmoney.com/us/VIAB.html
VIASYSTEMSGROUPINC,VIAS,https://quote.eastmoney.com/us/VIAS.html
ViaviSolutionsInc,VIAV,https://quote.eastmoney.com/us/VIAV.html
VIAVISOLUTIONSINC.,VIAVV,https://quote.eastmoney.com/us/VIAVV.html
VICIPropertiesInc,VICI,https://quote.eastmoney.com/us/VICI.html
VicalInc,VICL,https://quote.eastmoney.com/us/VICL.html
VicorCorp,VICR,https://quote.eastmoney.com/us/VICR.html
VIDEODISPLAYCORP,VIDE,https://quote.eastmoney.com/us/VIDE.html
DefianceNextGenVideoGaming,VIDG,https://quote.eastmoney.com/us/VIDG.html
VidentInternationalEquityFun,VIDI,https://quote.eastmoney.com/us/VIDI.html
科通集团,VIEW,https://quote.eastmoney.com/us/VIEW.html
科通集团,VIEWF,https://quote.eastmoney.com/us/VIEWF.html
FOODTECHNOLOGYSERVICEINC,VIFL,https://quote.eastmoney.com/us/VIFL.html
VanguardDividendAppreciation,VIG,https://quote.eastmoney.com/us/VIG.html
VanguardInternationalDividend,VIGI,https://quote.eastmoney.com/us/VIGI.html
VICONINDUSTRIESINC,VII,https://quote.eastmoney.com/us/VII.html
VelocitysharesVixShortTermE,VIIX,https://quote.eastmoney.com/us/VIIX.html
VelocitysharesVixMediumTerm,VIIZ,https://quote.eastmoney.com/us/VIIZ.html
中星微,VIMC,https://quote.eastmoney.com/us/VIMC.html
VanguardS&PSmall-Cap600Grow,VIOG,https://quote.eastmoney.com/us/VIOG.html
VanguardS&PSmall-Cap600ETF,VIOO,https://quote.eastmoney.com/us/VIOO.html
云米,VIOT,https://quote.eastmoney.com/us/VIOT.html
VanguardS&PSmall-Cap600Valu,VIOV,https://quote.eastmoney.com/us/VIOV.html
OPENJOINTSTOCKCOMPANY,VIP,https://quote.eastmoney.com/us/VIP.html
唯品会,VIPS,https://quote.eastmoney.com/us/VIPS.html
VircoMfgCorp,VIRC,https://quote.eastmoney.com/us/VIRC.html
VirtuFinancialInc-A,VIRT,https://quote.eastmoney.com/us/VIRT.html
VanguardIndustrialsETF,VIS,https://quote.eastmoney.com/us/VIS.html
VoltInformationSciencesInc,VISI,https://quote.eastmoney.com/us/VISI.html
VislinkTechnologiesInc,VISL,https://quote.eastmoney.com/us/VISL.html
华视传媒,VISN,https://quote.eastmoney.com/us/VISN.html
VistaOil&GasSABdeCVADR,VIST,https://quote.eastmoney.com/us/VIST.html
VITACOSTCOMINC,VITC,https://quote.eastmoney.com/us/VITC.html
TELECOMUNICACOESDESP-ADR,VIV,https://quote.eastmoney.com/us/VIV.html
ViveveMedicalInc,VIVE,https://quote.eastmoney.com/us/VIVE.html
MeridianBioscienceInc,VIVO,https://quote.eastmoney.com/us/VIVO.html
FirstTrustCboeS&P500VIXTa,VIXH,https://quote.eastmoney.com/us/VIXH.html
ProSharesVIXMid-TermFutures,VIXM,https://quote.eastmoney.com/us/VIXM.html
ProSharesVIXShort-TermFuture,VIXY,https://quote.eastmoney.com/us/VIXY.html
维捷,VJET,https://quote.eastmoney.com/us/VJET.html
InvescoAdvantageMunicipalInc,VKI,https://quote.eastmoney.com/us/VKI.html
InvescoMunicipalTrust,VKQ,https://quote.eastmoney.com/us/VKQ.html
VikingTherapeuticsInc,VKTX,https://quote.eastmoney.com/us/VKTX.html
VikingTherapeuticsIncWt,VKTXW,https://quote.eastmoney.com/us/VKTXW.html
KNIGHTSBRIDGETANKERSLTD,VLCCF,https://quote.eastmoney.com/us/VLCCF.html
VillageSuperMarketInc-A,VLGEA,https://quote.eastmoney.com/us/VLGEA.html
DirexionValueLineConservativ,VLLV,https://quote.eastmoney.com/us/VLLV.html
DirexionValueLineMidAndLar,VLML,https://quote.eastmoney.com/us/VLML.html
瓦莱罗能源,VLO,https://quote.eastmoney.com/us/VLO.html
ValeroEnergyPartnersLP,VLP,https://quote.eastmoney.com/us/VLP.html
ControladoraVuelaCompaniadeAviacionSABdeCV,VLRS,https://quote.eastmoney.com/us/VLRS.html
ValeritasHoldingsInc,VLRX,https://quote.eastmoney.com/us/VLRX.html
DirexionValueLineSmallAndM,VLSM,https://quote.eastmoney.com/us/VLSM.html
InvescoHighIncomeTrustII,VLT,https://quote.eastmoney.com/us/VLT.html
VoltariCorp,VLTC,https://quote.eastmoney.com/us/VLTC.html
VOLTERRASEMICONDUCTORCORP,VLTR,https://quote.eastmoney.com/us/VLTR.html
SPDRS&P1500ValueTiltETF,VLU,https://quote.eastmoney.com/us/VLU.html
iSharesMSCIUSAValueFactorE,VLUE,https://quote.eastmoney.com/us/VLUE.html
VALLEY,VLY,https://quote.eastmoney.com/us/VLY.html
ValleyNationalBancorp,VLY_A,https://quote.eastmoney.com/us/VLY_A.html
ValleyNationalBancorpSeries,VLY_B,https://quote.eastmoney.com/us/VLY_B.html
ValleyNationalBancorpWt,VLY_WS,https://quote.eastmoney.com/us/VLY_WS.html
ValleyNationalBancorpSeries,VLYPO,https://quote.eastmoney.com/us/VLYPO.html
ValleyNationalBancorpSeries,VLYPP,https://quote.eastmoney.com/us/VLYPP.html
ValleyNationalBancorpWt,VLYWW,https://quote.eastmoney.com/us/VLYWW.html
REXVolMAXXLongVIXWeeklyFut,VMAX,https://quote.eastmoney.com/us/VMAX.html
VanguardMortgageBackedSecuri,VMBS,https://quote.eastmoney.com/us/VMBS.html
VULCANMATERIALS,VMC,https://quote.eastmoney.com/us/VMC.html
ViemedHealthcareInc,VMD,https://quote.eastmoney.com/us/VMD.html
维珍传媒,VMED,https://quote.eastmoney.com/us/VMED.html
VIOLINMEMORY,VMEM,https://quote.eastmoney.com/us/VMEM.html
ViametPharmaceuticalsHoldingsLLC,VMET,https://quote.eastmoney.com/us/VMET.html
维蒙特工业,VMI,https://quote.eastmoney.com/us/VMI.html
REXVolMAXXInverseWeeklyFutu,VMIN,https://quote.eastmoney.com/us/VMIN.html
DelawareInvestmentsMinnesota,VMM,https://quote.eastmoney.com/us/VMM.html
VANKAMPENMUNICIPALOPPORTUNITYTRUST,VMO,https://quote.eastmoney.com/us/VMO.html
AlphaArchitectValueMomentum,VMOT,https://quote.eastmoney.com/us/VMOT.html
VMWARE-A,VMW,https://quote.eastmoney.com/us/VMW.html
VinceHoldingCorp,VNCE,https://quote.eastmoney.com/us/VNCE.html
VandaPharmaceuticalsInc,VNDA,https://quote.eastmoney.com/us/VNDA.html
VeoneerInc,VNE,https://quote.eastmoney.com/us/VNE.html
世纪互联,VNET,https://quote.eastmoney.com/us/VNET.html
JanusShortDurationIncomeETF,VNLA,https://quote.eastmoney.com/us/VNLA.html
MarketVectorsVietnamETF,VNM,https://quote.eastmoney.com/us/VNM.html
沃那多房产信托,VNO,https://quote.eastmoney.com/us/VNO.html
VornadoRealtyTrust,VNO_G,https://quote.eastmoney.com/us/VNO_G.html
VornadoRealtyTrust,VNO_I,https://quote.eastmoney.com/us/VNO_I.html
VornadoRealtyTrust,VNO_J,https://quote.eastmoney.com/us/VNO_J.html
VornadoRealtyTrust,VNO_J_CL,https://quote.eastmoney.com/us/VNO_J_CL.html
VornadoRealtyTrust,VNO_K,https://quote.eastmoney.com/us/VNO_K.html
VornadoRealtyTrust,VNO_L,https://quote.eastmoney.com/us/VNO_L.html
VornadoRealtyTrustSeriesMP,VNO_M,https://quote.eastmoney.com/us/VNO_M.html
VORNADOREALTYLP,VNOD,https://quote.eastmoney.com/us/VNOD.html
ViperEnergyPartnersLP,VNOM,https://quote.eastmoney.com/us/VNOM.html
VanguardReitETF,VNQ,https://quote.eastmoney.com/us/VNQ.html
VanguardGlobalEx-U.S.RealEs,VNQI,https://quote.eastmoney.com/us/VNQI.html
VANGUARDNATURALRESOURCES,VNR,https://quote.eastmoney.com/us/VNR.html
VanguardNaturalResources7.87,VNRAP,https://quote.eastmoney.com/us/VNRAP.html
VanguardNaturalResourcesLlc,VNRBP,https://quote.eastmoney.com/us/VNRBP.html
VanguardNaturalResourcesLlc,VNRCP,https://quote.eastmoney.com/us/VNRCP.html
VolitionRxLtd,VNRX,https://quote.eastmoney.com/us/VNRX.html
VenatorMaterialsPLC,VNTR,https://quote.eastmoney.com/us/VNTR.html
VantivInc-A,VNTV,https://quote.eastmoney.com/us/VNTV.html
VanguardMid-CapETF,VO,https://quote.eastmoney.com/us/VO.html
VOCEnergyTrust,VOC,https://quote.eastmoney.com/us/VOC.html
VOCUSINC,VOCS,https://quote.eastmoney.com/us/VOCS.html
沃达丰(US),VOD,https://quote.eastmoney.com/us/VOD.html
VanguardMid-CapValueETF,VOE,https://quote.eastmoney.com/us/VOE.html
VOLCANOCORP,VOLC,https://quote.eastmoney.com/us/VOLC.html
VanguardRussell1000ETF,VONE,https://quote.eastmoney.com/us/VONE.html
VanguardRussell1000GrowthET,VONG,https://quote.eastmoney.com/us/VONG.html
VanguardRussell1000ValueETF,VONV,https://quote.eastmoney.com/us/VONV.html
VanguardS&P500ETF,VOO,https://quote.eastmoney.com/us/VOO.html
VanguardS&P500GrowthETF,VOOG,https://quote.eastmoney.com/us/VOOG.html
VanguardS&P500ValueETF,VOOV,https://quote.eastmoney.com/us/VOOV.html
VanguardMid-CapGrowthETF,VOT,https://quote.eastmoney.com/us/VOT.html
VanguardTelecommunicationServ,VOX,https://quote.eastmoney.com/us/VOX.html
奥迪富斯,VOXX,https://quote.eastmoney.com/us/VOXX.html
VoyaFinancialInc,VOYA,https://quote.eastmoney.com/us/VOYA.html
VoyaFinancialIncSeriesBPfd,VOYA_B,https://quote.eastmoney.com/us/VOYA_B.html
VirtusPrivateCreditStrategy,VPC,https://quote.eastmoney.com/us/VPC.html
VAPORCORP.,VPCO,https://quote.eastmoney.com/us/VPCO.html
VAPORCORP.,VPCOU,https://quote.eastmoney.com/us/VPCOU.html
VIEWPOINTFINANCIALGROUP,VPFG,https://quote.eastmoney.com/us/VPFG.html
VISHAYPRECISIONGROUP,VPG,https://quote.eastmoney.com/us/VPG.html
VIROPHARMAINC,VPHM,https://quote.eastmoney.com/us/VPHM.html
VanguardFTSEPacificETF,VPL,https://quote.eastmoney.com/us/VPL.html
VISTAPRINTLTD,VPRT,https://quote.eastmoney.com/us/VPRT.html
VanguardUtilitiesETF,VPU,https://quote.eastmoney.com/us/VPU.html
InvescoPennsylvaniaValueMuni,VPV,https://quote.eastmoney.com/us/VPV.html
BarclaysETN+S&PVeqtortETN,VQT,https://quote.eastmoney.com/us/VQT.html
EtracsS&P500VeqtorSwitchET,VQTS,https://quote.eastmoney.com/us/VQTS.html
VALIDUSHOLDINGS,VR,https://quote.eastmoney.com/us/VR.html
ValidusHoldingsLtd,VR_A,https://quote.eastmoney.com/us/VR_A.html
ValidusHoldingsLtdSeriesAP,VR_A_CL,https://quote.eastmoney.com/us/VR_A_CL.html
ValidusHoldingsLtdSeriesBP,VR_B,https://quote.eastmoney.com/us/VR_B.html
ValidusHoldingsLtdSeriesBP,VR_B_CL,https://quote.eastmoney.com/us/VR_B_CL.html
VERABRADLEYINC,VRA,https://quote.eastmoney.com/us/VRA.html
VirtusRealAssetIncomeETF,VRAI,https://quote.eastmoney.com/us/VRAI.html
ViewRayInc,VRAY,https://quote.eastmoney.com/us/VRAY.html
VerricaPharmaceuticalsInc,VRCA,https://quote.eastmoney.com/us/VRCA.html
SPDRNuveenS&PVrdoMunicipal,VRD,https://quote.eastmoney.com/us/VRD.html
VarexImagingCorp,VREX,https://quote.eastmoney.com/us/VREX.html
PowerSharesVariableRateInves,VRIG,https://quote.eastmoney.com/us/VRIG.html
VrioCorp-A,VRIO,https://quote.eastmoney.com/us/VRIO.html
VermillionInc,VRML,https://quote.eastmoney.com/us/VRML.html
VeronaPharmaplcADR,VRNA,https://quote.eastmoney.com/us/VRNA.html
VRINGO,VRNG,https://quote.eastmoney.com/us/VRNG.html
VRINGOInc,VRNGW,https://quote.eastmoney.com/us/VRNGW.html
VERENIUMCORP,VRNM,https://quote.eastmoney.com/us/VRNM.html
VaronisSystemsInc,VRNS,https://quote.eastmoney.com/us/VRNS.html
VerintSystemsInc,VRNT,https://quote.eastmoney.com/us/VRNT.html
PowerSharesVariableRatePrefe,VRP,https://quote.eastmoney.com/us/VRP.html
VerraMobilityCorp-A,VRRM,https://quote.eastmoney.com/us/VRRM.html
VerraMobilityCorpWt,VRRMW,https://quote.eastmoney.com/us/VRRMW.html
VERSOPAPERCORP,VRS,https://quote.eastmoney.com/us/VRS.html
VeriskAnalyticsInc,VRSK,https://quote.eastmoney.com/us/VRSK.html
威瑞信,VRSN,https://quote.eastmoney.com/us/VRSN.html
VESTINREALTYMORTGAGEIINC,VRTA,https://quote.eastmoney.com/us/VRTA.html
威斯廷二号不动产抵押,VRTB,https://quote.eastmoney.com/us/VRTB.html
VirtusInvestmentPartnersInc,VRTS,https://quote.eastmoney.com/us/VRTS.html
VirtusInvestmentPartners,VRTSP,https://quote.eastmoney.com/us/VRTSP.html
VirtusaCorp,VRTU,https://quote.eastmoney.com/us/VRTU.html
VeritivCorp,VRTV,https://quote.eastmoney.com/us/VRTV.html
福泰制药,VRTX,https://quote.eastmoney.com/us/VRTX.html
VALEANT,VRX,https://quote.eastmoney.com/us/VRX.html
VersartisInc,VSAR,https://quote.eastmoney.com/us/VSAR.html
卫讯公司,VSAT,https://quote.eastmoney.com/us/VSAT.html
CRESCENTFINANCIALCORP,VSB,https://quote.eastmoney.com/us/VSB.html
VSBBANCORPINC,VSBN,https://quote.eastmoney.com/us/VSBN.html
VISION-SCIENCESINC,VSCI,https://quote.eastmoney.com/us/VSCI.html
VIRTUALSCOPICSINC,VSCP,https://quote.eastmoney.com/us/VSCP.html
VictorySharesDividendAccelera,VSDA,https://quote.eastmoney.com/us/VSDA.html
VSECorp,VSEC,https://quote.eastmoney.com/us/VSEC.html
VanguardESGInternationalStoc,VSGX,https://quote.eastmoney.com/us/VSGX.html
VISHAY,VSH,https://quote.eastmoney.com/us/VSH.html
VITAMINSHOPPEINC,VSI,https://quote.eastmoney.com/us/VSI.html
VolsharesLargeCapETF,VSL,https://quote.eastmoney.com/us/VSL.html
VivintSolarInc,VSLR,https://quote.eastmoney.com/us/VSLR.html
VersumMaterialsInc,VSM,https://quote.eastmoney.com/us/VSM.html
VictorySharesUSMulti-FactorM,VSMV,https://quote.eastmoney.com/us/VSMV.html
DirexionS&P500VolatilityRes,VSPY,https://quote.eastmoney.com/us/VSPY.html
VERSARINC,VSR,https://quote.eastmoney.com/us/VSR.html
VanguardFTSEAll-Worldex-USS,VSS,https://quote.eastmoney.com/us/VSS.html
VistraEnergyCorp,VST,https://quote.eastmoney.com/us/VST.html
VistraEnergyCorpWt,VST_WS_A,https://quote.eastmoney.com/us/VST_WS_A.html
VerastemInc,VSTM,https://quote.eastmoney.com/us/VSTM.html
VistaOutdoorInc,VSTO,https://quote.eastmoney.com/us/VSTO.html
VanguardTotalWorldStockETF,VT,https://quote.eastmoney.com/us/VT.html
InvescoDynamicCreditOpportun,VTA,https://quote.eastmoney.com/us/VTA.html
"VITAEPHARMACEUTICALS,INC",VTAE,https://quote.eastmoney.com/us/VTAE.html
VanguardTotalCorporateBondE,VTC,https://quote.eastmoney.com/us/VTC.html
VanguardTax-ExemptBondETF,VTEB,https://quote.eastmoney.com/us/VTEB.html
ValtechSE-A,VTEC,https://quote.eastmoney.com/us/VTEC.html
VANTAGEDRILLINGCO,VTG,https://quote.eastmoney.com/us/VTG.html
VistaGenTherapeuticsInc,VTGN,https://quote.eastmoney.com/us/VTGN.html
VanguardRussell3000ETF,VTHR,https://quote.eastmoney.com/us/VTHR.html
VanguardTotalStockMarketETF,VTI,https://quote.eastmoney.com/us/VTI.html
VANGUARDSHORT-TERMINFLATION-PROTECTED,VTIP,https://quote.eastmoney.com/us/VTIP.html
VectoIQAcquisitionCorp,VTIQ,https://quote.eastmoney.com/us/VTIQ.html
VectoIQAcquisitionCorpUnitConsof1Sh+0.75,VTIQU,https://quote.eastmoney.com/us/VTIQU.html
VectoIQAcquisitionCorpWt,VTIQW,https://quote.eastmoney.com/us/VTIQW.html
VITALTHERAPIESINC,VTL,https://quote.eastmoney.com/us/VTL.html
InvescoTrust,VTN,https://quote.eastmoney.com/us/VTN.html
VITRANCORPINC,VTNC,https://quote.eastmoney.com/us/VTNC.html
VertexEnergyInc,VTNR,https://quote.eastmoney.com/us/VTNR.html
VENTAS,VTR,https://quote.eastmoney.com/us/VTR.html
VentasRealtyLimited,VTRB,https://quote.eastmoney.com/us/VTRB.html
VirTraInc,VTSI,https://quote.eastmoney.com/us/VTSI.html
VITESSESEMICONDUCTOR,VTSS,https://quote.eastmoney.com/us/VTSS.html
VTTIEnergyPartnersLP,VTTI,https://quote.eastmoney.com/us/VTTI.html
VirginTrainsUSALLC,VTUS,https://quote.eastmoney.com/us/VTUS.html
VanguardValueETF,VTV,https://quote.eastmoney.com/us/VTV.html
vTvTherapeuticsInc-A,VTVT,https://quote.eastmoney.com/us/VTVT.html
VanguardRussell2000GrowthET,VTWG,https://quote.eastmoney.com/us/VTWG.html
VanguardRussell2000ETF,VTWO,https://quote.eastmoney.com/us/VTWO.html
VanguardRussell2000ValueETF,VTWV,https://quote.eastmoney.com/us/VTWV.html
VanguardGrowthETF,VUG,https://quote.eastmoney.com/us/VUG.html
VidentCoreUsEquityETF,VUSE,https://quote.eastmoney.com/us/VUSE.html
VuzixCorp,VUZI,https://quote.eastmoney.com/us/VUZI.html
VanguardLarge-CapETF,VV,https://quote.eastmoney.com/us/VV.html
VECTREN,VVC,https://quote.eastmoney.com/us/VVC.html
VIADCORP,VVI,https://quote.eastmoney.com/us/VVI.html
VivoPowerInternationalPLC,VVPR,https://quote.eastmoney.com/us/VVPR.html
InvescoSeniorIncomeTrust,VVR,https://quote.eastmoney.com/us/VVR.html
VALUEVISIONMEDIAINC-CLA,VVTV,https://quote.eastmoney.com/us/VVTV.html
VIVUSInc,VVUS,https://quote.eastmoney.com/us/VVUS.html
ValvolineInc,VVV,https://quote.eastmoney.com/us/VVV.html
ValvolineInc,VVVW,https://quote.eastmoney.com/us/VVVW.html
ValvolineInc,VVVW_NYSE,https://quote.eastmoney.com/us/VVVW_NYSE.html
VanguardFTSEEmergingMarkets,VWO,https://quote.eastmoney.com/us/VWO.html
VanguardEmergingMarketsGover,VWOB,https://quote.eastmoney.com/us/VWOB.html
VWRCorp,VWR,https://quote.eastmoney.com/us/VWR.html
VirtusWMCRisk-ManagedAlterna,VWRM,https://quote.eastmoney.com/us/VWRM.html
AccuSharesSpotCBOEVIXDownS,VXDN,https://quote.eastmoney.com/us/VXDN.html
VanguardExtendedMarketETF,VXF,https://quote.eastmoney.com/us/VXF.html
VaxartInc,VXRT,https://quote.eastmoney.com/us/VXRT.html
AccuSharesSpotCBOEVIXUpSha,VXUP,https://quote.eastmoney.com/us/VXUP.html
VanguardTotalInternationalSt,VXUS,https://quote.eastmoney.com/us/VXUS.html
iPathS&P500VIXShort-TermFu,VXX,https://quote.eastmoney.com/us/VXX.html
iPathSeriesBS&P500VIXShor,VXXB,https://quote.eastmoney.com/us/VXXB.html
iPathS&P500VIXMid-TermFutu,VXZ,https://quote.eastmoney.com/us/VXZ.html
iPathSeriesBS&P500VIXMid-,VXZB,https://quote.eastmoney.com/us/VXZB.html
VALLEYFINANCIALCORP,VYFC,https://quote.eastmoney.com/us/VYFC.html
VoyagerTherapeuticsInc,VYGR,https://quote.eastmoney.com/us/VYGR.html
VanguardHighDividendYieldET,VYM,https://quote.eastmoney.com/us/VYM.html
VanguardInternationalHighDiv,VYMI,https://quote.eastmoney.com/us/VYMI.html
威瑞森电信,VZ,https://quote.eastmoney.com/us/VZ.html
VerizonCommunicationsInc,VZA,https://quote.eastmoney.com/us/VZA.html
VerizonCommunicationsIncNote,VZA_CL,https://quote.eastmoney.com/us/VZA_CL.html
WayfairInc-A,W,https://quote.eastmoney.com/us/W.html
AquaVentureHoldingsLtd,WAAS,https://quote.eastmoney.com/us/WAAS.html
西屋制动,WAB,https://quote.eastmoney.com/us/WAB.html
西屋制动WI,WAB_V,https://quote.eastmoney.com/us/WAB_V.html
WestamericaBancorp,WABC,https://quote.eastmoney.com/us/WABC.html
西屋制动WI,WABW,https://quote.eastmoney.com/us/WABW.html
WALTERINVESTMENTMANAGE,WAC,https://quote.eastmoney.com/us/WAC.html
WACOALHOLDINGSCORP-SPADR,WACLY,https://quote.eastmoney.com/us/WACLY.html
WashingtonFederalInc,WAFD,https://quote.eastmoney.com/us/WAFD.html
WashingtonFederalIncWt,WAFDW,https://quote.eastmoney.com/us/WAFDW.html
华富教育集团,WAFU,https://quote.eastmoney.com/us/WAFU.html
沃尔格林,WAG,https://quote.eastmoney.com/us/WAG.html
WageWorksInc,WAGE,https://quote.eastmoney.com/us/WAGE.html
WescoAircraftHoldingsInc,WAIR,https://quote.eastmoney.com/us/WAIR.html
WESTERNALLIANCEBANCORP,WAL,https://quote.eastmoney.com/us/WAL.html
WesternAllianceBancorporation,WALA,https://quote.eastmoney.com/us/WALA.html
无锡金城幕墙,WALL,https://quote.eastmoney.com/us/WALL.html
DirexionDailyConsumerDiscret,WANT,https://quote.eastmoney.com/us/WANT.html
WashingtonTrustBancorpInc,WASH,https://quote.eastmoney.com/us/WASH.html
沃特斯,WAT,https://quote.eastmoney.com/us/WAT.html
EnergousCorp,WATT,https://quote.eastmoney.com/us/WATT.html
WAVESYSTEMSCORP-CLASSA,WAVX,https://quote.eastmoney.com/us/WAVX.html
WayneSavingsBancsharesInc,WAYN,https://quote.eastmoney.com/us/WAYN.html
微博,WB,https://quote.eastmoney.com/us/WB.html
WalgreensBootsAllianceInc,WBA,https://quote.eastmoney.com/us/WBA.html
500彩票网,WBAI,https://quote.eastmoney.com/us/WBAI.html
WisdomTreeBalancedIncomeFund,WBAL,https://quote.eastmoney.com/us/WBAL.html
WestburyBancorpInc,WBB,https://quote.eastmoney.com/us/WBB.html
威伯科,WBC,https://quote.eastmoney.com/us/WBC.html
WASHINGTONBANKINGCO,WBCO,https://quote.eastmoney.com/us/WBCO.html
WBISMIDTacticalGrowthShares,WBIA,https://quote.eastmoney.com/us/WBIA.html
WBISMIDTacticalValueShares,WBIB,https://quote.eastmoney.com/us/WBIB.html
WBISMIDTacticalYieldShares,WBIC,https://quote.eastmoney.com/us/WBIC.html
WBISMIDTacticalSelectShares,WBID,https://quote.eastmoney.com/us/WBID.html
WBILargeCapTacticalGrowthS,WBIE,https://quote.eastmoney.com/us/WBIE.html
WBILargeCapTacticalValueSh,WBIF,https://quote.eastmoney.com/us/WBIF.html
WBILargeCapTacticalYieldSh,WBIG,https://quote.eastmoney.com/us/WBIG.html
WBITacticalHighIncomeShares,WBIH,https://quote.eastmoney.com/us/WBIH.html
WBITacticalIncomeShares,WBII,https://quote.eastmoney.com/us/WBII.html
WBIBullBearTrendSwitchUS10,WBIK,https://quote.eastmoney.com/us/WBIK.html
WBILargeCapTacticalSelectS,WBIL,https://quote.eastmoney.com/us/WBIL.html
WBIBullBearTrendSwitchUS20,WBIM,https://quote.eastmoney.com/us/WBIM.html
WBIBullBearTrendSwitchUSTo,WBIN,https://quote.eastmoney.com/us/WBIN.html
WBIBullBearTrendSwitchUS10,WBIQ,https://quote.eastmoney.com/us/WBIQ.html
WBIETF,WBIR,https://quote.eastmoney.com/us/WBIR.html
WBIBullBearTrendSwitchUS20,WBIS,https://quote.eastmoney.com/us/WBIS.html
WBIBullBearTrendSwitchUS30,WBIT,https://quote.eastmoney.com/us/WBIT.html
AbsoluteShsTrWbiPwrFactor,WBIY,https://quote.eastmoney.com/us/WBIY.html
西太平洋银行,WBK,https://quote.eastmoney.com/us/WBK.html
WolverineBancorpInc,WBKC,https://quote.eastmoney.com/us/WBKC.html
WebMDHealthCorp,WBMD,https://quote.eastmoney.com/us/WBMD.html
WesternAssetTotalReturnETF,WBND,https://quote.eastmoney.com/us/WBND.html
WEBSTERFINANCIALCORP,WBS,https://quote.eastmoney.com/us/WBS.html
WebsterFinancialCorporation,WBS_E,https://quote.eastmoney.com/us/WBS_E.html
WebsterFinancialCorpSeriesF,WBS_F,https://quote.eastmoney.com/us/WBS_F.html
WEBSTERFINANCIALCORPORATION,WBS_WS,https://quote.eastmoney.com/us/WBS_WS.html
WebsterFinancialCorporation,WBSF,https://quote.eastmoney.com/us/WBSF.html
WEBSENSEINC,WBSN,https://quote.eastmoney.com/us/WBSN.html
WelbiltInc,WBT,https://quote.eastmoney.com/us/WBT.html
WESTCOASTBANCORP,WCBO,https://quote.eastmoney.com/us/WCBO.html
西科国际,WCC,https://quote.eastmoney.com/us/WCC.html
WCFBancorpInc,WCFB,https://quote.eastmoney.com/us/WCFB.html
WELLCAREHEALTHPLANSINC,WCG,https://quote.eastmoney.com/us/WCG.html
WisdomTreeICBCCSS&PChina500,WCHN,https://quote.eastmoney.com/us/WCHN.html
WCICOMMUNITIES,WCIC,https://quote.eastmoney.com/us/WCIC.html
WisdomTreeCloudComputingFund,WCLD,https://quote.eastmoney.com/us/WCLD.html
WASTECONNECTIONS,WCN,https://quote.eastmoney.com/us/WCN.html
华纳齐克特,WCRX,https://quote.eastmoney.com/us/WCRX.html
优点互动,WCST,https://quote.eastmoney.com/us/WCST.html
WALKER&DUNLOP,WD,https://quote.eastmoney.com/us/WD.html
WorkdayInc-A,WDAY,https://quote.eastmoney.com/us/WDAY.html
西部数据,WDC,https://quote.eastmoney.com/us/WDC.html
WD-40Co,WDFC,https://quote.eastmoney.com/us/WDFC.html
SPDRS&PGlobalDividendETF,WDIV,https://quote.eastmoney.com/us/WDIV.html
WADDELL&REEDFINANCIAL,WDR,https://quote.eastmoney.com/us/WDR.html
DirexionDailyRegionalBanksB,WDRW,https://quote.eastmoney.com/us/WDRW.html
WisdomTreeManagedFuturesStra,WDTI,https://quote.eastmoney.com/us/WDTI.html
TheWeCo-A,WE,https://quote.eastmoney.com/us/WE.html
WesternAssetPremierBondFund,WEA,https://quote.eastmoney.com/us/WEA.html
ExchangeListedFundsTrustThe,WEAR,https://quote.eastmoney.com/us/WEAR.html
TeucriumWheatFund,WEAT,https://quote.eastmoney.com/us/WEAT.html
WebcomGroupInc,WEB,https://quote.eastmoney.com/us/WEB.html
WellesleyBancorpInc,WEBK,https://quote.eastmoney.com/us/WEBK.html
WEBMEDIABRANDSINC,WEBM,https://quote.eastmoney.com/us/WEBM.html
威斯康星能源,WEC,https://quote.eastmoney.com/us/WEC.html
iPathPureBetaGrainsETN,WEET,https://quote.eastmoney.com/us/WEET.html
微贷网,WEI,https://quote.eastmoney.com/us/WEI.html
维尔塔沃医疗房产信托,WELL,https://quote.eastmoney.com/us/WELL.html
WelltowerIncSeriesIPfd,WELL_I,https://quote.eastmoney.com/us/WELL_I.html
温迪快餐,WEN,https://quote.eastmoney.com/us/WEN.html
沃纳企业,WERN,https://quote.eastmoney.com/us/WERN.html
WESTERNGASPARTNERSLP,WES,https://quote.eastmoney.com/us/WES.html
WESTINGHOUSESOLARINC,WEST,https://quote.eastmoney.com/us/WEST.html
WisdomTreeInvestmentsInc,WETF,https://quote.eastmoney.com/us/WETF.html
WINLANDELECTRONICSINC,WEX,https://quote.eastmoney.com/us/WEX.html
	WisdomTreeU.S.ExportandMultinationalFund,WEXP,https://quote.eastmoney.com/us/WEXP.html
WeycoGroupInc,WEYS,https://quote.eastmoney.com/us/WEYS.html
WOORIFINANCEHOLDINGS-ADR,WF,https://quote.eastmoney.com/us/WF.html
韩国友利WI,WF_V,https://quote.eastmoney.com/us/WF_V.html
WashingtonFirstBanksharesInc,WFBI,https://quote.eastmoney.com/us/WFBI.html
富国银行,WFC,https://quote.eastmoney.com/us/WFC.html
WellsFargo&Company,WFC_J,https://quote.eastmoney.com/us/WFC_J.html
WellsFargo&Company,WFC_L,https://quote.eastmoney.com/us/WFC_L.html
WellsFargo&Company,WFC_N,https://quote.eastmoney.com/us/WFC_N.html
WellsFargo&Company,WFC_O,https://quote.eastmoney.com/us/WFC_O.html
WellsFargo&Company,WFC_P,https://quote.eastmoney.com/us/WFC_P.html
WellsFargo&Company,WFC_Q,https://quote.eastmoney.com/us/WFC_Q.html
WellsFargo&Company,WFC_R,https://quote.eastmoney.com/us/WFC_R.html
WellsFargo&Company,WFC_T,https://quote.eastmoney.com/us/WFC_T.html
WellsFargo&Company,WFC_V,https://quote.eastmoney.com/us/WFC_V.html
WellsFargo&Company,WFC_W,https://quote.eastmoney.com/us/WFC_W.html
WellsFargo&CoWt,WFC_WS,https://quote.eastmoney.com/us/WFC_WS.html
WellsFargo&Company,WFC_X,https://quote.eastmoney.com/us/WFC_X.html
WellsFargo&Company,WFC_Y,https://quote.eastmoney.com/us/WFC_Y.html
WESTFIELDFINANCIALINC,WFD,https://quote.eastmoney.com/us/WFD.html
WellsFargoRealEstateInvestm,WFE_A,https://quote.eastmoney.com/us/WFE_A.html
WISDOMTREETRUST,WFHY,https://quote.eastmoney.com/us/WFHY.html
WisdomTreeTrust,WFIG,https://quote.eastmoney.com/us/WFIG.html
全食超市,WFM,https://quote.eastmoney.com/us/WFM.html
休斯电子材料,WFR,https://quote.eastmoney.com/us/WFR.html
WEATHERFORDINTLLTD,WFT,https://quote.eastmoney.com/us/WFT.html
韩国友利WI,WFW,https://quote.eastmoney.com/us/WFW.html
WILLBROSGROUPINC,WG,https://quote.eastmoney.com/us/WG.html
WELLS-GARDNERELECTRONICS,WGA,https://quote.eastmoney.com/us/WGA.html
WAFERGENBIO-SYSTEMSInc,WGBS,https://quote.eastmoney.com/us/WGBS.html
WGLHOLDINGSINC,WGL,https://quote.eastmoney.com/us/WGL.html
WINNEBAGOINDUSTRIES,WGO,https://quote.eastmoney.com/us/WGO.html
WESTERNGASEQUITYPARTNERSLP,WGP,https://quote.eastmoney.com/us/WGP.html
WSP控股,WH,https://quote.eastmoney.com/us/WH.html
CactusInc-A,WHD,https://quote.eastmoney.com/us/WHD.html
WHITEHORSEFINANCELLC,WHF,https://quote.eastmoney.com/us/WHF.html
WhitehorseFinanceInc6.50%Se,WHFBL,https://quote.eastmoney.com/us/WHFBL.html
WhiteHorseFinanceIncNotes,WHFBZ,https://quote.eastmoney.com/us/WHFBZ.html
WESTWOODHOLDINGSGROUPINC,WHG,https://quote.eastmoney.com/us/WHG.html
WilhelminaInternationalInc,WHLM,https://quote.eastmoney.com/us/WHLM.html
WheelerRealEstateInvestmentTrustInc,WHLR,https://quote.eastmoney.com/us/WHLR.html
WheelerRealEstateInvestment,WHLRD,https://quote.eastmoney.com/us/WHLRD.html
WheelerRealEstateInvestment,WHLRP,https://quote.eastmoney.com/us/WHLRP.html
WheelerRealEstateInvestmentTrustIncWt,WHLRW,https://quote.eastmoney.com/us/WHLRW.html
惠而浦,WHR,https://quote.eastmoney.com/us/WHR.html
WHITESMOKEINC,WHSM,https://quote.eastmoney.com/us/WHSM.html
WHITINGUSATRUSTI,WHX,https://quote.eastmoney.com/us/WHX.html
WHITINGPETROLEUM,WHZ,https://quote.eastmoney.com/us/WHZ.html
WesternAsset/ClaymoreU.S.Tr,WIA,https://quote.eastmoney.com/us/WIA.html
WILSHIREBANCORPINC,WIBC,https://quote.eastmoney.com/us/WIBC.html
BoingoWirelessInc,WIFI,https://quote.eastmoney.com/us/WIFI.html
BarclaysWomenInLeadershipET,WIL,https://quote.eastmoney.com/us/WIL.html
G.Willi-FoodInternationalLtd,WILC,https://quote.eastmoney.com/us/WILC.html
Wi-LANInc,WILN,https://quote.eastmoney.com/us/WILN.html
微美全息,WIMI,https://quote.eastmoney.com/us/WIMI.html
WINDSTREAM,WIN,https://quote.eastmoney.com/us/WIN.html
威玛克,WINA,https://quote.eastmoney.com/us/WINA.html
WesternAssetShortDurationIn,WINC,https://quote.eastmoney.com/us/WINC.html
WingstopInc,WING,https://quote.eastmoney.com/us/WING.html
SimplicityEsportsandGamingCo,WINR,https://quote.eastmoney.com/us/WINR.html
SimplicityEsportsandGamingCoWt,WINRW,https://quote.eastmoney.com/us/WINRW.html
稳盛金融,WINS,https://quote.eastmoney.com/us/WINS.html
WindtreeTherapeuticsInc,WINT,https://quote.eastmoney.com/us/WINT.html
WINDSTREAMHOLDINGSINC,WINVV,https://quote.eastmoney.com/us/WINVV.html
SPDRDBInternationalGovtInfl,WIP,https://quote.eastmoney.com/us/WIP.html
EncoreWireCorp,WIRE,https://quote.eastmoney.com/us/WIRE.html
SummitWirelessTechnologiesInc,WISA,https://quote.eastmoney.com/us/WISA.html
WIPROLTD-ADR,WIT,https://quote.eastmoney.com/us/WIT.html
EtfsWhiteMetalsBasketTrust,WITE,https://quote.eastmoney.com/us/WITE.html
WesternAsset/ClaymoreInflati,WIW,https://quote.eastmoney.com/us/WIW.html
WIX.COMLTD,WIX,https://quote.eastmoney.com/us/WIX.html
CrowdInvestWisdomETF,WIZE,https://quote.eastmoney.com/us/WIZE.html
EXCHANGETRADEDCONCEPTSTRCRO,WIZE_IV,https://quote.eastmoney.com/us/WIZE_IV.html
WorkivaInc-A,WK,https://quote.eastmoney.com/us/WK.html
WorkhorseGroupInc,WKHS,https://quote.eastmoney.com/us/WKHS.html
WESTMORELANDCOALCO,WLB,https://quote.eastmoney.com/us/WLB.html
WilldanGroupInc,WLDN,https://quote.eastmoney.com/us/WLDN.html
AffinityWorldLeadersEquityE,WLDR,https://quote.eastmoney.com/us/WLDR.html
WillisLeaseFinanceCorp,WLFC,https://quote.eastmoney.com/us/WLFC.html
WILLIAMLYONHOMES,WLH,https://quote.eastmoney.com/us/WLH.html
WESTLAKECHEMICAL,WLK,https://quote.eastmoney.com/us/WLK.html
WestlakeChemicalPartnersLP,WLKP,https://quote.eastmoney.com/us/WLKP.html
WHITINGPETROLEUM,WLL,https://quote.eastmoney.com/us/WLL.html
WELLPOINT,WLP,https://quote.eastmoney.com/us/WLP.html
WLROSSHOLDINGCorp,WLRH,https://quote.eastmoney.com/us/WLRH.html
WLROSSHOLDINGCORP.,WLRHU,https://quote.eastmoney.com/us/WLRHU.html
WLROSSHOLDINGCORPWARRANT,WLRHW,https://quote.eastmoney.com/us/WLRHW.html
WALTERENERGY,WLT,https://quote.eastmoney.com/us/WLT.html
WillisTowersWatsonplc,WLTW,https://quote.eastmoney.com/us/WLTW.html
废品管理,WM,https://quote.eastmoney.com/us/WM.html
WestMarineInc,WMAR,https://quote.eastmoney.com/us/WMAR.html
威廉姆斯,WMB,https://quote.eastmoney.com/us/WMB.html
WESTERNASSETMORTGAGECAPITAL,WMC,https://quote.eastmoney.com/us/WMC.html
WilshireMicro-CapETF(BasedO,WMCR,https://quote.eastmoney.com/us/WMCR.html
WrightMedicalGroupN.V.,WMGI,https://quote.eastmoney.com/us/WMGI.html
WrightMedicalGroupIncContin,WMGIZ,https://quote.eastmoney.com/us/WMGIZ.html
WMIHCorp,WMIH,https://quote.eastmoney.com/us/WMIH.html
WEISMARKETSINC,WMK,https://quote.eastmoney.com/us/WMK.html
WestmorelandResourcePartnersLP,WMLP,https://quote.eastmoney.com/us/WMLP.html
"ADVANCEDDRAINAGESYSTEMS,INC.",WMS,https://quote.eastmoney.com/us/WMS.html
沃尔玛,WMT,https://quote.eastmoney.com/us/WMT.html
ElementsETNMstrWideMoatFc,WMW,https://quote.eastmoney.com/us/WMW.html
WABASHNATIONALCORP,WNC,https://quote.eastmoney.com/us/WNC.html
WesternNewEnglandBancorpInc,WNEB,https://quote.eastmoney.com/us/WNEB.html
"WAYNEFARMS,INC.",WNFM,https://quote.eastmoney.com/us/WNFM.html
WESTERNREFININGINC,WNR,https://quote.eastmoney.com/us/WNR.html
WesternRefiningLogisticsLP,WNRL,https://quote.eastmoney.com/us/WNRL.html
WNSHOLDINGSLTD-ADR,WNS,https://quote.eastmoney.com/us/WNS.html
ImpactSharesYWCAWomen’sEmp,WOMN,https://quote.eastmoney.com/us/WOMN.html
iSharesGlobalTimber&Forestr,WOOD,https://quote.eastmoney.com/us/WOOD.html
VCAInc,WOOF,https://quote.eastmoney.com/us/WOOF.html
WORTHINGTONINDUSTRIES,WOR,https://quote.eastmoney.com/us/WOR.html
SlackTechnologiesInc-A,WORK,https://quote.eastmoney.com/us/WORK.html
SCWorxCorp,WORX,https://quote.eastmoney.com/us/WORX.html
WideOpenWestInc,WOW,https://quote.eastmoney.com/us/WOW.html
窝窝团,WOWO,https://quote.eastmoney.com/us/WOWO.html
WorldpayInc-A,WP,https://quote.eastmoney.com/us/WP.html
WPCAREY&COLLC,WPC,https://quote.eastmoney.com/us/WPC.html
WPCSInternationalInc,WPCS,https://quote.eastmoney.com/us/WPCS.html
WashingtonPrimeGroupInc,WPG,https://quote.eastmoney.com/us/WPG.html
WpGlimcherInc,WPG_H,https://quote.eastmoney.com/us/WPG_H.html
WpGlimcherInc,WPG_I,https://quote.eastmoney.com/us/WPG_I.html
WheatonPreciousMetalsCorp,WPM,https://quote.eastmoney.com/us/WPM.html
WPP集团(USADR),WPP,https://quote.eastmoney.com/us/WPP.html
WPPplcADR,WPPGY,https://quote.eastmoney.com/us/WPPGY.html
WestportFuelSystemsInc,WPRT,https://quote.eastmoney.com/us/WPRT.html
iSharesInternationalDeveloped,WPS,https://quote.eastmoney.com/us/WPS.html
WORLDPOINTTERMINALS,WPT,https://quote.eastmoney.com/us/WPT.html
WPXENERGY,WPX,https://quote.eastmoney.com/us/WPX.html
WPXEnergyInc,WPXP,https://quote.eastmoney.com/us/WPXP.html
WILLIAMSPARTNERSLP,WPZ,https://quote.eastmoney.com/us/WPZ.html
WESTARENERGY,WR,https://quote.eastmoney.com/us/WR.html
WRBERKLEY,WRB,https://quote.eastmoney.com/us/WRB.html
W.RBerkleyCorporation,WRB_B,https://quote.eastmoney.com/us/WRB_B.html
W.R.BerkleyCorporation,WRB_C,https://quote.eastmoney.com/us/WRB_C.html
W.R.BerkleyCorporation,WRB_D,https://quote.eastmoney.com/us/WRB_D.html
W.R.BerkleyCorpDebentures,WRB_E,https://quote.eastmoney.com/us/WRB_E.html
WEINGARTENREALTYINVESTORS20198.1%,WRD,https://quote.eastmoney.com/us/WRD.html
WASHINGTONREALESTATEINVESTMENTTRUST,WRE,https://quote.eastmoney.com/us/WRE.html
WilshireUSReitETF,WREI,https://quote.eastmoney.com/us/WREI.html
WARRENRESOURCESINC,WRES,https://quote.eastmoney.com/us/WRES.html
WEINGARTENREALTYINVESTORS,WRI,https://quote.eastmoney.com/us/WRI.html
WeingartenRealtyInvestors,WRI_F_CL,https://quote.eastmoney.com/us/WRI_F_CL.html
WestRockCo,WRK,https://quote.eastmoney.com/us/WRK.html
WorldAcceptanceCorp,WRLD,https://quote.eastmoney.com/us/WRLD.html
PensareAcquisitionCorp,WRLS,https://quote.eastmoney.com/us/WRLS.html
PensareAcquisitionCorpRt,WRLSR,https://quote.eastmoney.com/us/WRLSR.html
彭萨收购公司,WRLSU,https://quote.eastmoney.com/us/WRLSU.html
PensareAcquisitionCorpWt,WRLSW,https://quote.eastmoney.com/us/WRLSW.html
WESTERNCOPPER,WRN,https://quote.eastmoney.com/us/WRN.html
WinthropRealtyTrust,WRT,https://quote.eastmoney.com/us/WRT.html
WinthropRealtyTrust,WRT_CL,https://quote.eastmoney.com/us/WRT_CL.html
WrapTechnologiesInc,WRTC,https://quote.eastmoney.com/us/WRTC.html
WSBHOLDINGSINC,WSB,https://quote.eastmoney.com/us/WSB.html
WesBancoInc,WSBC,https://quote.eastmoney.com/us/WSBC.html
WaterstoneFinancialInc,WSBF,https://quote.eastmoney.com/us/WSBF.html
WillScotCorp-A,WSC,https://quote.eastmoney.com/us/WSC.html
WSIIndustriesInc,WSCI,https://quote.eastmoney.com/us/WSCI.html
WillScotCorpWt,WSCWW,https://quote.eastmoney.com/us/WSCWW.html
WSFSFinancialCorp,WSFS,https://quote.eastmoney.com/us/WSFS.html
WsfsFinancialCorporation6.25,WSFSL,https://quote.eastmoney.com/us/WSFSL.html
万达体育,WSG,https://quote.eastmoney.com/us/WSG.html
WILLISGROUPHOLDINGSLTD,WSH,https://quote.eastmoney.com/us/WSH.html
WSP控股,WSHLY,https://quote.eastmoney.com/us/WSHLY.html
SpiritedFunds/ETFMGWhiskey&,WSKY,https://quote.eastmoney.com/us/WSKY.html
WILLIAMS-SONOMA,WSM,https://quote.eastmoney.com/us/WSM.html
WATSCOINC,WSO,https://quote.eastmoney.com/us/WSO.html
WATSCOIncCLASSB,B,https://quote.eastmoney.com/us/WSO/B.html
华斯科-B,WSO_B,https://quote.eastmoney.com/us/WSO_B.html
WorkspacePropertyTrust,WSPT,https://quote.eastmoney.com/us/WSPT.html
WHITESTONEREIT,WSR,https://quote.eastmoney.com/us/WSR.html
WESTPHARMACEUTICALSERVICES,WST,https://quote.eastmoney.com/us/WST.html
WestCorp,WSTC,https://quote.eastmoney.com/us/WSTC.html
WaysideTechnologyGroupInc,WSTG,https://quote.eastmoney.com/us/WSTG.html
WestellTechnologiesInc-A,WSTL,https://quote.eastmoney.com/us/WSTL.html
WestBancorporationInc,WTBA,https://quote.eastmoney.com/us/WTBA.html
TheAlkalineWaterCoInc,WTER,https://quote.eastmoney.com/us/WTER.html
WintrustFinancialCorp,WTFC,https://quote.eastmoney.com/us/WTFC.html
WintrustFinancialCorporation,WTFCM,https://quote.eastmoney.com/us/WTFCM.html
WintrustFinancialCorpWt,WTFCW,https://quote.eastmoney.com/us/WTFCW.html
W&TOFFSHOREINC,WTI,https://quote.eastmoney.com/us/WTI.html
UBSETRACS-ProSharesDaily3x,WTID,https://quote.eastmoney.com/us/WTID.html
UBSETRACS-ProSharesDaily3x,WTIU,https://quote.eastmoney.com/us/WTIU.html
怀特山保险,WTM,https://quote.eastmoney.com/us/WTM.html
WisdomTreeManagedFuturesStrategyFund,WTMF,https://quote.eastmoney.com/us/WTMF.html
AQUAAMERICA,WTR,https://quote.eastmoney.com/us/WTR.html
WatfordHoldingsLtd,WTRE,https://quote.eastmoney.com/us/WTRE.html
WatfordHoldingsLtdPfd,WTREP,https://quote.eastmoney.com/us/WTREP.html
WaitrHoldingsInc,WTRH,https://quote.eastmoney.com/us/WTRH.html
WaitrHoldingsIncWt,WTRHW,https://quote.eastmoney.com/us/WTRHW.html
AquaAmericaIncEquityUnits,WTRU,https://quote.eastmoney.com/us/WTRU.html
ElevationETFTrust,WTRX,https://quote.eastmoney.com/us/WTRX.html
WATTSWATERTECHNOLOGIES-A,WTS,https://quote.eastmoney.com/us/WTS.html
THEWETSEALINC,WTSL,https://quote.eastmoney.com/us/WTSL.html
WIRELESSTELECOMGROUPINC,WTT,https://quote.eastmoney.com/us/WTT.html
SelectEnergyServicesInc-A,WTTR,https://quote.eastmoney.com/us/WTTR.html
慧俪轻体,WTW,https://quote.eastmoney.com/us/WTW.html
西联汇款,WU,https://quote.eastmoney.com/us/WU.html
58同城,WUBA,https://quote.eastmoney.com/us/WUBA.html
WisdomTreeU.S.DomesticEconomyFund,WUSA,https://quote.eastmoney.com/us/WUSA.html
WaveLifeSciencesLtd,WVE,https://quote.eastmoney.com/us/WVE.html
WVSFinancialCorp,WVFC,https://quote.eastmoney.com/us/WVFC.html
WillametteValleyVineyardsInc,WVVI,https://quote.eastmoney.com/us/WVVI.html
WILLAMETTEVALLEYVINEYARDS,WVVIP,https://quote.eastmoney.com/us/WVVIP.html
慧俪轻体,WW,https://quote.eastmoney.com/us/WW.html
WHITEWAVE,WWAV,https://quote.eastmoney.com/us/WWAV.html
WOODWARDINC,WWD,https://quote.eastmoney.com/us/WWD.html
WORLDWRESTLINGENTERTAIN-A,WWE,https://quote.eastmoney.com/us/WWE.html
西水资源,WWR,https://quote.eastmoney.com/us/WWR.html
WOLVERINEWORLDWIDEINC,WWW,https://quote.eastmoney.com/us/WWW.html
WEBCOMGROUPINC,WWWW,https://quote.eastmoney.com/us/WWWW.html
药明康德,WX,https://quote.eastmoney.com/us/WX.html
WRIGHTEXPRESSCORP,WXS,https://quote.eastmoney.com/us/WXS.html
惠好,WY,https://quote.eastmoney.com/us/WY.html
WeyerhaeuserCompany,WY_A,https://quote.eastmoney.com/us/WY_A.html
ProSharesCDSShortNorthAmeri,WYDE,https://quote.eastmoney.com/us/WYDE.html
JMGlobalHoldingCo,WYIG,https://quote.eastmoney.com/us/WYIG.html
JMGlobalHoldingCoUnitConsof1Sh+1Wt,WYIGU,https://quote.eastmoney.com/us/WYIGU.html
JMGlobalHoldingCoWt,WYIGW,https://quote.eastmoney.com/us/WYIGW.html
温德姆,WYN,https://quote.eastmoney.com/us/WYN.html
温德姆,WYND,https://quote.eastmoney.com/us/WYND.html
永利度假,WYNN,https://quote.eastmoney.com/us/WYNN.html
WIDEPOINTCORP,WYY,https://quote.eastmoney.com/us/WYY.html
美国钢铁,X,https://quote.eastmoney.com/us/X.html
BeyondAirInc,XAIR,https://quote.eastmoney.com/us/XAIR.html
ExantasCapitalCorp,XAN,https://quote.eastmoney.com/us/XAN.html
ExantasCapitalCorpSeriesCPfd,XAN_C,https://quote.eastmoney.com/us/XAN_C.html
SPDRS&PAerospace&DefenseET,XAR,https://quote.eastmoney.com/us/XAR.html
SPDRS&PBiotechETF,XBI,https://quote.eastmoney.com/us/XBI.html
XeneticBiosciencesInc,XBIO,https://quote.eastmoney.com/us/XBIO.html
XeneticBiosciencesIncWt,XBIOW,https://quote.eastmoney.com/us/XBIOW.html
XBiotechInc,XBIT,https://quote.eastmoney.com/us/XBIT.html
XenithBanksharesInc,XBKS,https://quote.eastmoney.com/us/XBKS.html
AmplifyInternationalOnlineRe,XBUY,https://quote.eastmoney.com/us/XBUY.html
EGSharesEMCoreex-ChinaETF,XCEM,https://quote.eastmoney.com/us/XCEM.html
XCELENERGYINC,XCJ,https://quote.eastmoney.com/us/XCJ.html
EXCORESOURCES,XCO,https://quote.eastmoney.com/us/XCO.html
XteraCommunicationsInc,XCOM,https://quote.eastmoney.com/us/XCOM.html
XcerraCorp,XCRA,https://quote.eastmoney.com/us/XCRA.html
ExicureInc,XCUR,https://quote.eastmoney.com/us/XCUR.html
ELKHORNETFTRS&PMIDCAPCONSU,XD,https://quote.eastmoney.com/us/XD.html
U.S.EquityEx-DividendFundSe,XDIV,https://quote.eastmoney.com/us/XDIV.html
ELKHORNETFTRS&PMIDCAPENERG,XE,https://quote.eastmoney.com/us/XE.html
CIMAREX,XEC,https://quote.eastmoney.com/us/XEC.html
埃克西尔能源,XEL,https://quote.eastmoney.com/us/XEL.html
ExelaTechnologiesInc,XELA,https://quote.eastmoney.com/us/XELA.html
ExelaTechnologiesIncUnitConsof1Sh+1Wt,XELAU,https://quote.eastmoney.com/us/XELAU.html
ExelaTechnologiesIncWt,XELAW,https://quote.eastmoney.com/us/XELAW.html
XcelBrandsInc,XELB,https://quote.eastmoney.com/us/XELB.html
XenonPharmaceuticalsInc,XENE,https://quote.eastmoney.com/us/XENE.html
IntersectENTInc,XENT,https://quote.eastmoney.com/us/XENT.html
XerisPharmaceuticalsInc,XERS,https://quote.eastmoney.com/us/XERS.html
SPDRS&POil&GasEquipment&,XES,https://quote.eastmoney.com/us/XES.html
ELKHORNETFTRS&PMIDCAPFINLS,XF,https://quote.eastmoney.com/us/XF.html
LEHMANABSCORPORATION,XFD,https://quote.eastmoney.com/us/XFD.html
XAIOctagonFloatingRate&Alt,XFLT,https://quote.eastmoney.com/us/XFLT.html
X4PharmaceuticalsInc,XFOR,https://quote.eastmoney.com/us/XFOR.html
LEHMANABSCORPBKDTRUSTCERTS2002-17,XFP,https://quote.eastmoney.com/us/XFP.html
LEHMANABSCORPBKDTRUSTCERTS,XFR,https://quote.eastmoney.com/us/XFR.html
xGTechnologyInc,XGTI,https://quote.eastmoney.com/us/XGTI.html
xGTechnologyIncWt,XGTIW,https://quote.eastmoney.com/us/XGTIW.html
ELKHORNETFTRS&PMIDCAPHEALT,XH,https://quote.eastmoney.com/us/XH.html
SPDRS&PHomebuildersETF,XHB,https://quote.eastmoney.com/us/XHB.html
SPDRS&PHealthCareEquipment,XHE,https://quote.eastmoney.com/us/XHE.html
XeniaHotels&ResortsInc,XHR,https://quote.eastmoney.com/us/XHR.html
SPDRS&PHealthCareServicesE,XHS,https://quote.eastmoney.com/us/XHS.html
ELKHORNETFTRS&PMIDCAPINDLS,XI,https://quote.eastmoney.com/us/XI.html
EXIDETECHNOLOGIES,XIDEQ,https://quote.eastmoney.com/us/XIDEQ.html
鑫苑置业,XIN,https://quote.eastmoney.com/us/XIN.html
SPDRMSCIChinaASharesIMIET,XINA,https://quote.eastmoney.com/us/XINA.html
SPDRFactSetInnovativeTechnol,XITK,https://quote.eastmoney.com/us/XITK.html
VelocitysharesDailyInverseVi,XIV,https://quote.eastmoney.com/us/XIV.html
UBSAGVelocitySharesVIXShort,XIVH,https://quote.eastmoney.com/us/XIVH.html
ELKHORNETFTRS&PMIDCAPINFOR,XK,https://quote.eastmoney.com/us/XK.html
SPDRKenshoCleanPowerETF,XKCP,https://quote.eastmoney.com/us/XKCP.html
LEHMANABSCORPORATION,XKE,https://quote.eastmoney.com/us/XKE.html
SPDRKenshoFinalFrontiersETF,XKFF,https://quote.eastmoney.com/us/XKFF.html
SPDRKenshoFutureSecurityETF,XKFS,https://quote.eastmoney.com/us/XKFS.html
SPDRKenshoIntelligentStructu,XKII,https://quote.eastmoney.com/us/XKII.html
LEHMANABSCORPORATION,XKO,https://quote.eastmoney.com/us/XKO.html
SPDRKenshoSmartMobilityETF,XKST,https://quote.eastmoney.com/us/XKST.html
XLCAPITAL,XL,https://quote.eastmoney.com/us/XL.html
MaterialsSelectSectorFd,XLB,https://quote.eastmoney.com/us/XLB.html
TheCommunicationServicesSele,XLC,https://quote.eastmoney.com/us/XLC.html
EnergySelSectSPDRFd,XLE,https://quote.eastmoney.com/us/XLE.html
CushingEnergy&MLPETF,XLEY,https://quote.eastmoney.com/us/XLEY.html
FinancialSelSectSPDRFd,XLF,https://quote.eastmoney.com/us/XLF.html
FinancialServicesSelectSecto,XLFS,https://quote.eastmoney.com/us/XLFS.html
GuggenheimRussellTop50Mega,XLG,https://quote.eastmoney.com/us/XLG.html
IndustrialSelSectSPDRFd,XLI,https://quote.eastmoney.com/us/XLI.html
TechnologySelectSectorSPDRF,XLK,https://quote.eastmoney.com/us/XLK.html
赛灵思,XLNX,https://quote.eastmoney.com/us/XLNX.html
ConsumersStaplesSelSectSpdr,XLP,https://quote.eastmoney.com/us/XLP.html
RealEstateSelectSectorSPDR,XLRE,https://quote.eastmoney.com/us/XLRE.html
AcceleronPharmaInc,XLRN,https://quote.eastmoney.com/us/XLRN.html
ExelisInc.,XLS,https://quote.eastmoney.com/us/XLS.html
SPDRSSGAUSSectorRotationET,XLSR,https://quote.eastmoney.com/us/XLSR.html
CushingEnergySupplyChain&M,XLSY,https://quote.eastmoney.com/us/XLSY.html
CushingTransportation&MLPET,XLTY,https://quote.eastmoney.com/us/XLTY.html
UtilitiesSelSectSPDRFd,XLU,https://quote.eastmoney.com/us/XLU.html
CushingUtility&MLPETF,XLUY,https://quote.eastmoney.com/us/XLUY.html
HealthCareSelectSectFd,XLV,https://quote.eastmoney.com/us/XLV.html
ConsumerDiscSelSPDRFd,XLY,https://quote.eastmoney.com/us/XLY.html
QualtricsInternationalInc-B,XM,https://quote.eastmoney.com/us/XM.html
SPDRS&PMetals&MiningETF,XME,https://quote.eastmoney.com/us/XME.html
InvescoS&PMidCapQualityETF,XMHQ,https://quote.eastmoney.com/us/XMHQ.html
PowerSharesS&PMidcapLowVola,XMLV,https://quote.eastmoney.com/us/XMLV.html
InvescoS&PMidCapMomentumETF,XMMO,https://quote.eastmoney.com/us/XMMO.html
MarketVectorsCEFMunicipalIn,XMPT,https://quote.eastmoney.com/us/XMPT.html
InvescoS&PMidCapValuewithM,XMVM,https://quote.eastmoney.com/us/XMVM.html
WisdomTreeGlobalex-MexicoEqu,XMX,https://quote.eastmoney.com/us/XMX.html
XencorInc,XNCR,https://quote.eastmoney.com/us/XNCR.html
迅雷,XNET,https://quote.eastmoney.com/us/XNET.html
XENOPORTINC,XNPT,https://quote.eastmoney.com/us/XNPT.html
SPDRNYSETechnologyETF,XNTK,https://quote.eastmoney.com/us/XNTK.html
希尼亚,XNY,https://quote.eastmoney.com/us/XNY.html
ExtractionOil&GasInc,XOG,https://quote.eastmoney.com/us/XOG.html
艾克森美孚,XOM,https://quote.eastmoney.com/us/XOM.html
标记临床研究,XOMA,https://quote.eastmoney.com/us/XOMA.html
INTREXON,XON,https://quote.eastmoney.com/us/XON.html
TheExOneCo,XONE,https://quote.eastmoney.com/us/XONE.html
XOOMCORP,XOOM,https://quote.eastmoney.com/us/XOOM.html
SPDRS&POil&GasExploration,XOP,https://quote.eastmoney.com/us/XOP.html
SPDRBofaMerrillLynchCrossov,XOVR,https://quote.eastmoney.com/us/XOVR.html
XOGroupInc,XOXO,https://quote.eastmoney.com/us/XOXO.html
XPELInc,XPEL,https://quote.eastmoney.com/us/XPEL.html
Xperi,XPER,https://quote.eastmoney.com/us/XPER.html
SPDRS&PPharmaceuticalsETF,XPH,https://quote.eastmoney.com/us/XPH.html
SolitarioZincCorp,XPL,https://quote.eastmoney.com/us/XPL.html
XploreTechnologiesCorp,XPLR,https://quote.eastmoney.com/us/XPLR.html
EXPRESS-1EXPEDITEDSOLUTION,XPO,https://quote.eastmoney.com/us/XPO.html
ProSharesUltraFTSEChina50O,XPP,https://quote.eastmoney.com/us/XPP.html
EXETERRESOURCECORP,XRA,https://quote.eastmoney.com/us/XRA.html
登士柏,XRAY,https://quote.eastmoney.com/us/XRAY.html
CrossroadsCapitaInc,XRDC,https://quote.eastmoney.com/us/XRDC.html
信而富,XRF,https://quote.eastmoney.com/us/XRF.html
PowerSharesS&P500ex-Ratesensi,XRLV,https://quote.eastmoney.com/us/XRLV.html
XERIUMTECHNOLOGIESINC,XRM,https://quote.eastmoney.com/us/XRM.html
好未来,XRS,https://quote.eastmoney.com/us/XRS.html
XRSCORP,XRSC,https://quote.eastmoney.com/us/XRSC.html
SPDRS&PRetailETF,XRT,https://quote.eastmoney.com/us/XRT.html
XYRATEXLTD,XRTX,https://quote.eastmoney.com/us/XRTX.html
施乐,XRX,https://quote.eastmoney.com/us/XRX.html
ELKHORNETFTRS&PMIDCAPCONSU,XS,https://quote.eastmoney.com/us/XS.html
SPDRS&PSemiconductorETF,XSD,https://quote.eastmoney.com/us/XSD.html
POWERSHARESETFFDTRIIS&PSM,XSHD,https://quote.eastmoney.com/us/XSHD.html
PowerSharesS&PSmallCapQualit,XSHQ,https://quote.eastmoney.com/us/XSHQ.html
PowerSharesS&PSmallcapLowVo,XSLV,https://quote.eastmoney.com/us/XSLV.html
InvescoS&PSmallCapMomentumE,XSMO,https://quote.eastmoney.com/us/XSMO.html
WisdomTreeEmergingMarketsex-,XSOE,https://quote.eastmoney.com/us/XSOE.html
XpresSpaGroupInc,XSPA,https://quote.eastmoney.com/us/XSPA.html
InvescoS&PSmallCapValuewith,XSVM,https://quote.eastmoney.com/us/XSVM.html
SPDRS&PSoftware&ServicesET,XSW,https://quote.eastmoney.com/us/XSW.html
iSharesExponentialTechnologie,XT,https://quote.eastmoney.com/us/XT.html
iSharesExponentialTechnologie,XT_NASDAQ,https://quote.eastmoney.com/us/XT_NASDAQ.html
SPDRS&PTechnologyHardwareET,XTH,https://quote.eastmoney.com/us/XTH.html
SPDRS&PTelecomETF,XTL,https://quote.eastmoney.com/us/XTL.html
XTLBiopharmaceuticalsLtdADR,XTLB,https://quote.eastmoney.com/us/XTLB.html
XactlyCorp,XTLY,https://quote.eastmoney.com/us/XTLY.html
SPDRS&PTransportationETF,XTN,https://quote.eastmoney.com/us/XTN.html
XtantMedicalHoldingsInc,XTNT,https://quote.eastmoney.com/us/XTNT.html
CROSSTEXENERGYINC,XTXI,https://quote.eastmoney.com/us/XTXI.html
ELKHORNETFTRS&PMIDCAPUTILS,XU,https://quote.eastmoney.com/us/XU.html
学大教育,XUE,https://quote.eastmoney.com/us/XUE.html
NorthernLtsFdTrIvQuantxDy,XUSA,https://quote.eastmoney.com/us/XUSA.html
LEHMANABSCORPORATION,XVG,https://quote.eastmoney.com/us/XVG.html
UBSAGExchangeTradedAccessS,XVIX,https://quote.eastmoney.com/us/XVIX.html
iPathS&P500DynamicVIXETN,XVZ,https://quote.eastmoney.com/us/XVZ.html
SPDRS&PInternetETF,XWEB,https://quote.eastmoney.com/us/XWEB.html
WORLDENERGYSOLUTIONSINC,XWES,https://quote.eastmoney.com/us/XWES.html
IXIA,XXIA,https://quote.eastmoney.com/us/XXIA.html
22ndCenturyGroupInc,XXII,https://quote.eastmoney.com/us/XXII.html
iPathInverseS&P500VIXShort,XXV,https://quote.eastmoney.com/us/XXV.html
小赢科技,XYF,https://quote.eastmoney.com/us/XYF.html
XYLEM,XYL,https://quote.eastmoney.com/us/XYL.html
徐诺药业,XYN,https://quote.eastmoney.com/us/XYN.html
徐诺药业(权证),XYNPW,https://quote.eastmoney.com/us/XYNPW.html
ALLEGHANYCORP,Y,https://quote.eastmoney.com/us/Y.html
DirexionDailyFTSEChinaBear,YANG,https://quote.eastmoney.com/us/YANG.html
GuggenheimChinaAll-CapETF,YAO,https://quote.eastmoney.com/us/YAO.html
YADKINVALLEYFINANCIALCORP,YAVY,https://quote.eastmoney.com/us/YAVY.html
YayYoInc,YAYO,https://quote.eastmoney.com/us/YAYO.html
COMMUNITYBKSHARES,YCB,https://quote.eastmoney.com/us/YCB.html
cbdMDInc,YCBD,https://quote.eastmoney.com/us/YCBD.html
ProSharesUltraYen,YCL,https://quote.eastmoney.com/us/YCL.html
ProSharesUltraShortCommunicat,YCOM,https://quote.eastmoney.com/us/YCOM.html
ProSharesUltrashortYen,YCS,https://quote.eastmoney.com/us/YCS.html
InternationalMulti-AssetDiver,YDIV,https://quote.eastmoney.com/us/YDIV.html
YadkinFinancialCorporation,YDKN,https://quote.eastmoney.com/us/YDKN.html
YODLEEINC,YDLE,https://quote.eastmoney.com/us/YDLE.html
玉龙生态材料,YECO,https://quote.eastmoney.com/us/YECO.html
YelpInc,YELP,https://quote.eastmoney.com/us/YELP.html
YangtzeRiverDevelopmentLtd,YERR,https://quote.eastmoney.com/us/YERR.html
AmplifyYieldSharesSeniorLoanandIncomeETF,YESR,https://quote.eastmoney.com/us/YESR.html
YETIHoldingsInc,YETI,https://quote.eastmoney.com/us/YETI.html
YextInc,YEXT,https://quote.eastmoney.com/us/YEXT.html
英利绿色能源,YGE,https://quote.eastmoney.com/us/YGE.html
英利绿色能源,YGEHY,https://quote.eastmoney.com/us/YGEHY.html
MicroSectorsU.S.BigOilIndex,YGRN,https://quote.eastmoney.com/us/YGRN.html
RoyalBankOfCanadaExchangeT,YGRO,https://quote.eastmoney.com/us/YGRO.html
盛世乐居,YGTY,https://quote.eastmoney.com/us/YGTY.html
劲活国际,YGYI,https://quote.eastmoney.com/us/YGYI.html
YoungevityInternationalInc,YGYID,https://quote.eastmoney.com/us/YGYID.html
雅虎,YHOO,https://quote.eastmoney.com/us/YHOO.html
1药网,YI,https://quote.eastmoney.com/us/YI.html
银科控股,YIN,https://quote.eastmoney.com/us/YIN.html
DirexionDailyFTSEChinaBull,YINN,https://quote.eastmoney.com/us/YINN.html
云集,YJ,https://quote.eastmoney.com/us/YJ.html
GlobalXYieldcoIndexETF,YLCO,https://quote.eastmoney.com/us/YLCO.html
PrincipalExchange-TradedFunds,YLD,https://quote.eastmoney.com/us/YLD.html
ClearBridgeDividendStrategyE,YLDE,https://quote.eastmoney.com/us/YLDE.html
Y-mAbsTherapeuticsInc,YMAB,https://quote.eastmoney.com/us/YMAB.html
YorkvilleHighIncomeInfrastru,YMLI,https://quote.eastmoney.com/us/YMLI.html
YorkvilleHighIncomeMLP,YMLP,https://quote.eastmoney.com/us/YMLP.html
YandexNV-A,YNDX,https://quote.eastmoney.com/us/YNDX.html
YOUONDEMANDHOLDINGS,YOD,https://quote.eastmoney.com/us/YOD.html
YogaWorksInc,YOGA,https://quote.eastmoney.com/us/YOGA.html
优酷土豆,YOKU,https://quote.eastmoney.com/us/YOKU.html
AdvisorSharesPureCannabisETF,YOLO,https://quote.eastmoney.com/us/YOLO.html
永业国际,YONG,https://quote.eastmoney.com/us/YONG.html
约克自来水,YORW,https://quote.eastmoney.com/us/YORW.html
YPFSA-SPONSOREDADR,YPF,https://quote.eastmoney.com/us/YPF.html
AdvisorsharesTrustAdvisorshar,YPRO,https://quote.eastmoney.com/us/YPRO.html
M17EntertainmentLtdADR,YQ,https://quote.eastmoney.com/us/YQ.html
耶路全球,YRCW,https://quote.eastmoney.com/us/YRCW.html
宜人贷,YRD,https://quote.eastmoney.com/us/YRD.html
YangtzeRiverPortandLogisticsLtd,YRIV,https://quote.eastmoney.com/us/YRIV.html
Yield10BioscienceInc,YTEN,https://quote.eastmoney.com/us/YTEN.html
YatraOnlineInc,YTRA,https://quote.eastmoney.com/us/YTRA.html
百胜餐饮,YUM,https://quote.eastmoney.com/us/YUM.html
"YumaEnergy,Inc",YUMA,https://quote.eastmoney.com/us/YUMA.html
YumaEnergyInc9.25%SeriesA,YUMA_A,https://quote.eastmoney.com/us/YUMA_A.html
百胜中国,YUMC,https://quote.eastmoney.com/us/YUMC.html
YuMeInc,YUME,https://quote.eastmoney.com/us/YUME.html
LiquidMediaGroupLtd,YVR,https://quote.eastmoney.com/us/YVR.html
ProSharesShortFTSEChina50O,YXI,https://quote.eastmoney.com/us/YXI.html
欢聚时代,YY,https://quote.eastmoney.com/us/YY.html
YieldSharesHighIncomeETF,YYY,https://quote.eastmoney.com/us/YYY.html
兖州煤业,YZC,https://quote.eastmoney.com/us/YZC.html
越众传媒,YZCM,https://quote.eastmoney.com/us/YZCM.html
ZillowGroupInc-C,Z,https://quote.eastmoney.com/us/Z.html
左岸,ZA,https://quote.eastmoney.com/us/ZA.html
ZAGGInc,ZAGG,https://quote.eastmoney.com/us/ZAGG.html
ZuoanFashionLimited,ZAHLY,https://quote.eastmoney.com/us/ZAHLY.html
ZAISGroupHoldingsInc-A,ZAIS,https://quote.eastmoney.com/us/ZAIS.html
"ZILLOWGROUP,INC.",ZAVVV,https://quote.eastmoney.com/us/ZAVVV.html
ZayoGroupHoldingsInc,ZAYO,https://quote.eastmoney.com/us/ZAYO.html
ZAZAENERGYCORPORATION,ZAZA,https://quote.eastmoney.com/us/ZAZA.html
ZionsBancorporation,ZB_A,https://quote.eastmoney.com/us/ZB_A.html
ZionsBancorporation,ZB_F,https://quote.eastmoney.com/us/ZB_F.html
ZionsBancorporation,ZB_F_CL,https://quote.eastmoney.com/us/ZB_F_CL.html
ZionsBancorporation,ZB_G,https://quote.eastmoney.com/us/ZB_G.html
ZionsBancorporation,ZB_H,https://quote.eastmoney.com/us/ZB_H.html
ZBBENERGYCORP,ZBB,https://quote.eastmoney.com/us/ZBB.html
捷迈邦美,ZBH,https://quote.eastmoney.com/us/ZBH.html
ProSharesUltraProShortNASDAQ,ZBIO,https://quote.eastmoney.com/us/ZBIO.html
ZionsBancorporation,ZBK,https://quote.eastmoney.com/us/ZBK.html
ZIONSBANCORPORATION,ZBPE,https://quote.eastmoney.com/us/ZBPE.html
斑马技术,ZBRA,https://quote.eastmoney.com/us/ZBRA.html
SPDRSolactiveCanadaETF,ZCAN,https://quote.eastmoney.com/us/ZCAN.html
DefianceVehicle&TechnologyI,ZCAR,https://quote.eastmoney.com/us/ZCAR.html
"ZILLOWGROUP,INC.",ZCVVV,https://quote.eastmoney.com/us/ZCVVV.html
SPDRSolactiveGermanyETF,ZDEU,https://quote.eastmoney.com/us/ZDEU.html
ZedgeInc-B,ZDGE,https://quote.eastmoney.com/us/ZDGE.html
Zedge,ZDGE_NYSE,https://quote.eastmoney.com/us/ZDGE_NYSE.html
