name_cn,name_en,url
MINDSPEEDTECHNOLOGIESINC,MSPD,https://quote.eastmoney.com/us/MSPD.html
MauserGroupNV,MSR,https://quote.eastmoney.com/us/MSR.html
MicroStrategyInc-A,MSTR,https://quote.eastmoney.com/us/MSTR.html
MASTTHERAPEUTICSInc,MSTX,https://quote.eastmoney.com/us/MSTX.html
LHAMarketStateU.S.Tactical,MSUS,https://quote.eastmoney.com/us/MSUS.html
Mid-SouthernBancorpInc,MSVB,https://quote.eastmoney.com/us/MSVB.html
MORGANSTANLEYCAPITALTRUSTVII,MSZ,https://quote.eastmoney.com/us/MSZ.html
MorganStanleyCapitalTrust,MSZ_CL,https://quote.eastmoney.com/us/MSZ_CL.html
ARCELORMITTAL,MT,https://quote.eastmoney.com/us/MT.html
M&TBANK,MTB,https://quote.eastmoney.com/us/MTB.html
M&TBankCorporation,MTB_,https://quote.eastmoney.com/us/MTB_.html
M&TBankCorporation,MTB_C,https://quote.eastmoney.com/us/MTB_C.html
M&TBankCorpSeriesCPfd,MTB_C_CL,https://quote.eastmoney.com/us/MTB_C_CL.html
M&TBankCorpSeriesAPfd,MTB_CL,https://quote.eastmoney.com/us/MTB_CL.html
M&TBankCorpWt,MTB_WS,https://quote.eastmoney.com/us/MTB_WS.html
MTBCInc,MTBC,https://quote.eastmoney.com/us/MTBC.html
"MEDICALTRANSCRIPTIONBILLING,CORP",MTBCP,https://quote.eastmoney.com/us/MTBCP.html
美美证券,MTC,https://quote.eastmoney.com/us/MTC.html
MatchGroupInc,MTCH,https://quote.eastmoney.com/us/MTCH.html
Arcelormittal,MTCN,https://quote.eastmoney.com/us/MTCN.html
梅特勒-托利多国际,MTD,https://quote.eastmoney.com/us/MTD.html
MatadorResourcesCo,MTDR,https://quote.eastmoney.com/us/MTDR.html
MTechAcquisitionCorp-A,MTEC,https://quote.eastmoney.com/us/MTEC.html
MTechAcquisitionCorpUnitConsof1CLA+1Wt,MTECU,https://quote.eastmoney.com/us/MTECU.html
MTechAcquisitionCorpWt,MTECW,https://quote.eastmoney.com/us/MTECW.html
MolecularTemplatesInc,MTEM,https://quote.eastmoney.com/us/MTEM.html
寰泰生技,MTEX,https://quote.eastmoney.com/us/MTEX.html
MotifBioplcADR,MTFB,https://quote.eastmoney.com/us/MTFB.html
MotifBioplcWt,MTFBW,https://quote.eastmoney.com/us/MTFBW.html
MGICINVESTMENTCORP,MTG,https://quote.eastmoney.com/us/MTG.html
MTGEInvestmentCorp,MTGE,https://quote.eastmoney.com/us/MTGE.html
AmericanCapitalMortgageInves,MTGEP,https://quote.eastmoney.com/us/MTGEP.html
MERITAGEHOMESCORP,MTH,https://quote.eastmoney.com/us/MTH.html
SPDRMorganStanleyTechnology,MTK,https://quote.eastmoney.com/us/MTK.html
MECHEL-SPONSOREDADR,MTL,https://quote.eastmoney.com/us/MTL.html
MechelPAOADRPfd,MTL_,https://quote.eastmoney.com/us/MTL_.html
MECHELSTEELGROUPOAO,MTLP,https://quote.eastmoney.com/us/MTLP.html
MaterialiseNVADR,MTLS,https://quote.eastmoney.com/us/MTLS.html
VAILRESORTSINC,MTN,https://quote.eastmoney.com/us/MTN.html
MatinasBioPharmaHoldingsInc,MTNB,https://quote.eastmoney.com/us/MTNB.html
美驰,MTOR,https://quote.eastmoney.com/us/MTOR.html
MidatechPharmaPLCADR,MTP,https://quote.eastmoney.com/us/MTP.html
MESAROYALTYTRUST,MTR,https://quote.eastmoney.com/us/MTR.html
MaterionCorp,MTRN,https://quote.eastmoney.com/us/MTRN.html
MatrixServiceCo,MTRX,https://quote.eastmoney.com/us/MTRX.html
MontgomeryStreetIncomeSecuri,MTS,https://quote.eastmoney.com/us/MTS.html
MTSSystemsCorp,MTSC,https://quote.eastmoney.com/us/MTSC.html
MACOMTechnologySolutionsHoldingsInc,MTSI,https://quote.eastmoney.com/us/MTSI.html
MerTelemanagementSolutionsLtd,MTSL,https://quote.eastmoney.com/us/MTSL.html
MATTSONTECHNOLOGYINC,MTSN,https://quote.eastmoney.com/us/MTSN.html
WesternAssetMunicipalDefined,MTT,https://quote.eastmoney.com/us/MTT.html
MITSUBISHIUFJFINLGRP-ADR,MTU,https://quote.eastmoney.com/us/MTU.html
iSharesMSCIUSAMomentumFacto,MTUM,https://quote.eastmoney.com/us/MTUM.html
马尼托瓦克,MTW,https://quote.eastmoney.com/us/MTW.html
MINERALSTECHNOLOGIESINC,MTX,https://quote.eastmoney.com/us/MTX.html
MASTECINC,MTZ,https://quote.eastmoney.com/us/MTZ.html
美光科技,MU,https://quote.eastmoney.com/us/MU.html
BlackrockMuniAssetsFundInc,MUA,https://quote.eastmoney.com/us/MUA.html
iSharesNationalAMT-FreeMuni,MUB,https://quote.eastmoney.com/us/MUB.html
BlackrockMuniholdingsCaliforn,MUC,https://quote.eastmoney.com/us/MUC.html
MudrickCapitalAcquisitionCorp-A,MUDS,https://quote.eastmoney.com/us/MUDS.html
MudrickCapitalAcquisitionCorpUnitConsof1CL,MUDSU,https://quote.eastmoney.com/us/MUDSU.html
MudrickCapitalAcquisitionCorpWt,MUDSW,https://quote.eastmoney.com/us/MUDSW.html
BlackrockMuniholdingsQuality,MUE,https://quote.eastmoney.com/us/MUE.html
三菱日联金融,MUFG,https://quote.eastmoney.com/us/MUFG.html
BlackrockMuniholdingsFundII,MUH,https://quote.eastmoney.com/us/MUH.html
BlackrockMuniyieldNewJersey,MUI,https://quote.eastmoney.com/us/MUI.html
BlackrockMuniholdingsNewJers,MUJ,https://quote.eastmoney.com/us/MUJ.html
MuleSoftInc-A,MULE,https://quote.eastmoney.com/us/MULE.html
AdvisorsharesTrustAdvisorshar,MULT,https://quote.eastmoney.com/us/MULT.html
PimcoIntermediateMunicipalBo,MUNI,https://quote.eastmoney.com/us/MUNI.html
墨菲石油,MUR,https://quote.eastmoney.com/us/MUR.html
BlackrockMuniholdingsQuality,MUS,https://quote.eastmoney.com/us/MUS.html
MurphyUSAInc,MUSA,https://quote.eastmoney.com/us/MUSA.html
ColumbiaMulti-SectorMunicipal,MUST,https://quote.eastmoney.com/us/MUST.html
DirexionDailyCommunicationSe,MUTE,https://quote.eastmoney.com/us/MUTE.html
MCEWENMININGINC,MUX,https://quote.eastmoney.com/us/MUX.html
MVBFinancialCorp,MVBF,https://quote.eastmoney.com/us/MVBF.html
MVCCAPITALINC,MVC,https://quote.eastmoney.com/us/MVC.html
MvcCapitalInc7.25%SeniorNo,MVCB,https://quote.eastmoney.com/us/MVCB.html
MVCCapitalIncNotes,MVCD,https://quote.eastmoney.com/us/MVCD.html
BlackrockMunivestFundInc,MVF,https://quote.eastmoney.com/us/MVF.html
MAGSILVERCORP,MVG,https://quote.eastmoney.com/us/MVG.html
NATIXISETFTRSEEYONDINTLMIN,MVIN,https://quote.eastmoney.com/us/MVIN.html
MULTIVIRINC.,MVIR,https://quote.eastmoney.com/us/MVIR.html
维视图像,MVIS,https://quote.eastmoney.com/us/MVIS.html
MICROVISIONINC,MVISW,https://quote.eastmoney.com/us/MVISW.html
MAVENIRSYSTEMSINC,MVNR,https://quote.eastmoney.com/us/MVNR.html
MVOILTRUST,MVO,https://quote.eastmoney.com/us/MVO.html
BlackrockMunivestFundII,MVT,https://quote.eastmoney.com/us/MVT.html
ProSharesUltraMidcap400,MVV,https://quote.eastmoney.com/us/MVV.html
THEMEN'SWEARHOUSEINC,MW,https://quote.eastmoney.com/us/MW.html
MUELLERWATERPRODUCTSINC-A,MWA,https://quote.eastmoney.com/us/MWA.html
MARKWESTENERGYPARTNERSLP,MWE,https://quote.eastmoney.com/us/MWE.html
MORGANSTANLEYCAPITALTRUSTIV,MWG,https://quote.eastmoney.com/us/MWG.html
MorganStanleyCapitalTrustIV,MWG_CL,https://quote.eastmoney.com/us/MWG_CL.html
MWIVETERINARYSUPPLYINC,MWIV,https://quote.eastmoney.com/us/MWIV.html
MohawkGroupHoldingsInc,MWK,https://quote.eastmoney.com/us/MWK.html
MORGANSTANLEYCAPITALTRUSTV5.75%CA,MWO,https://quote.eastmoney.com/us/MWO.html
MorganStanleyCapitalTrustV,MWO_CL,https://quote.eastmoney.com/us/MWO_CL.html
MORGANSTANLEYCAPITALTRUSTIII61/4%,MWR,https://quote.eastmoney.com/us/MWR.html
MorganStanleyCapitalTrustII,MWR_CL,https://quote.eastmoney.com/us/MWR_CL.html
美德维实伟克,MWV,https://quote.eastmoney.com/us/MWV.html
环球怪兽,MWW,https://quote.eastmoney.com/us/MWW.html
MAGNACHIPSEMICONDUCTORCORP,MX,https://quote.eastmoney.com/us/MX.html
MEXCOENERGYCORP,MXC,https://quote.eastmoney.com/us/MXC.html
NationwideMaximumDiversificat,MXDE,https://quote.eastmoney.com/us/MXDE.html
NationwideMaximumDiversificat,MXDU,https://quote.eastmoney.com/us/MXDU.html
TheMexicoEquityAndIncomeFu,MXE,https://quote.eastmoney.com/us/MXE.html
MEXICOFUND,MXF,https://quote.eastmoney.com/us/MXF.html
iSharesGlobalMaterialsETF,MXI,https://quote.eastmoney.com/us/MXI.html
美信集成产品,MXIM,https://quote.eastmoney.com/us/MXIM.html
MAXLINEARINC,MXL,https://quote.eastmoney.com/us/MXL.html
MAXCOMTELECOMUNICACIONE,MXMTY,https://quote.eastmoney.com/us/MXMTY.html
MaxPointInteractiveInc,MXPT,https://quote.eastmoney.com/us/MXPT.html
MAXCOMTELECOMUNICACIONE,MXT,https://quote.eastmoney.com/us/MXT.html
MaxwellTechnologiesInc,MXWL,https://quote.eastmoney.com/us/MXWL.html
明阳风电,MY,https://quote.eastmoney.com/us/MY.html
BlackrockMuniYieldCalifornia,MYC,https://quote.eastmoney.com/us/MYC.html
ClubCorpHoldingsInc,MYCC,https://quote.eastmoney.com/us/MYCC.html
BlackrockMuniyieldFundInc,MYD,https://quote.eastmoney.com/us/MYD.html
MYERSINDUSTRIESINC,MYE,https://quote.eastmoney.com/us/MYE.html
BlackrockMuniYieldInvestment,MYF,https://quote.eastmoney.com/us/MYF.html
FirstWesternFinancialInc,MYFW,https://quote.eastmoney.com/us/MYFW.html
万基遗传,MYGN,https://quote.eastmoney.com/us/MYGN.html
BlackrockMuniyieldQualityFun,MYI,https://quote.eastmoney.com/us/MYI.html
INNOVATIONECONOMYCORP,MYIE,https://quote.eastmoney.com/us/MYIE.html
BLACKROCKMUNIYIELDNEWJERSEYFUNDI,MYJ,https://quote.eastmoney.com/us/MYJ.html
迈兰实验室,MYL,https://quote.eastmoney.com/us/MYL.html
BlackrockMuniyieldMichiganQu,MYM,https://quote.eastmoney.com/us/MYM.html
BlackrockMuniyieldNewYorkQu,MYN,https://quote.eastmoney.com/us/MYN.html
迈德分析医疗,MYND,https://quote.eastmoney.com/us/MYND.html
MYndAnalyticsIncWt,MYNDW,https://quote.eastmoney.com/us/MYNDW.html
迈欧莫,MYO,https://quote.eastmoney.com/us/MYO.html
MyomoInc,MYO_NASDAQ,https://quote.eastmoney.com/us/MYO_NASDAQ.html
MyomoInc,MYO_NYSE,https://quote.eastmoney.com/us/MYO_NYSE.html
MyoKardiaInc,MYOK,https://quote.eastmoney.com/us/MYOK.html
MYOSRENSTechnologyInc,MYOS,https://quote.eastmoney.com/us/MYOS.html
MyovantSciencesLtd,MYOV,https://quote.eastmoney.com/us/MYOV.html
MYRGroupInc,MYRG,https://quote.eastmoney.com/us/MYRG.html
MYRIADPHARMACEUTICALSINC,MYRX,https://quote.eastmoney.com/us/MYRX.html
MySizeInc,MYSZ,https://quote.eastmoney.com/us/MYSZ.html
UrbanTeaInc,MYT,https://quote.eastmoney.com/us/MYT.html
ProSharesShortMidcap400,MYY,https://quote.eastmoney.com/us/MYY.html
BlackrockMuniyieldArizonaFun,MZA,https://quote.eastmoney.com/us/MZA.html
ManagedDurationInvestmentGra,MZF,https://quote.eastmoney.com/us/MZF.html
MazorRoboticsLtdADR,MZOR,https://quote.eastmoney.com/us/MZOR.html
ProSharesUltrashortMidcap400,MZZ,https://quote.eastmoney.com/us/MZZ.html
NETSUITE,N,https://quote.eastmoney.com/us/N.html
NABIBIOPHARMACEUTICALS,NABI,https://quote.eastmoney.com/us/NABI.html
NuveenCaDivAdvtgMuniFd,NAC,https://quote.eastmoney.com/us/NAC.html
ImpactSharesNAACPMinorityEm,NACP,https://quote.eastmoney.com/us/NACP.html
NuveenDivAdvtgMuniFd,NAD,https://quote.eastmoney.com/us/NAD.html
NorthAtlanticDrillingLtd,NADL,https://quote.eastmoney.com/us/NADL.html
NASHFINCHCO,NAFC,https://quote.eastmoney.com/us/NAFC.html
NaturalAlternativesInternationalInc,NAII,https://quote.eastmoney.com/us/NAII.html
DirexionDailyHomebuilders&S,NAIL,https://quote.eastmoney.com/us/NAIL.html
NORTHERNDYNASTYMINERALS,NAK,https://quote.eastmoney.com/us/NAK.html
NakedBrandGroupLtd,NAKD,https://quote.eastmoney.com/us/NAKD.html
RightsideGroupLtd,NAME,https://quote.eastmoney.com/us/NAME.html
NuveenNyDivAdvtgMuniFd,NAN,https://quote.eastmoney.com/us/NAN.html
耐诺,NANO,https://quote.eastmoney.com/us/NANO.html
SPDRS&PNorthAmericanNatural,NANR,https://quote.eastmoney.com/us/NANR.html
NordicAmericanOffshoreLtd,NAO,https://quote.eastmoney.com/us/NAO.html
NanoVibronixInc,NAOV,https://quote.eastmoney.com/us/NAOV.html
NaviosMaritimeMidstreamPartnersLP,NAP,https://quote.eastmoney.com/us/NAP.html
NASBFINANCIALINC,NASB,https://quote.eastmoney.com/us/NASB.html
NashvilleAreaETF,NASH,https://quote.eastmoney.com/us/NASH.html
NORDICAMERTANKERSHIPPING,NAT,https://quote.eastmoney.com/us/NAT.html
Nathan'sFamousInc,NATH,https://quote.eastmoney.com/us/NATH.html
NI,NATI,https://quote.eastmoney.com/us/NATI.html
NATIONALINTERSTATECORP,NATL,https://quote.eastmoney.com/us/NATL.html
天然阳光产品,NATR,https://quote.eastmoney.com/us/NATR.html
NationalAmericanUniversityHoldingsInc,NAUH,https://quote.eastmoney.com/us/NAUH.html
NAVISTAR,NAV,https://quote.eastmoney.com/us/NAV.html
NavistarInternationalCorporat,NAV_D,https://quote.eastmoney.com/us/NAV_D.html
NavideaBiopharmaceuticalsInc,NAVB,https://quote.eastmoney.com/us/NAVB.html
领航者,NAVG,https://quote.eastmoney.com/us/NAVG.html
NavientCorp,NAVI,https://quote.eastmoney.com/us/NAVI.html
NuveenArizonaPremiumIncomeM,NAZ,https://quote.eastmoney.com/us/NAZ.html
NuveenBuildAmericaBondFund,NBB,https://quote.eastmoney.com/us/NBB.html
NEWBRIDGEBANCORP,NBBC,https://quote.eastmoney.com/us/NBBC.html
FIRSTNBCBANKHOLDING,NBCB,https://quote.eastmoney.com/us/NBCB.html
NuveenBuildAmericaBondOppor,NBD,https://quote.eastmoney.com/us/NBD.html
NewAgeBeveragesCorp,NBEV,https://quote.eastmoney.com/us/NBEV.html
NATIONALBANKOFGREECE-ADR,NBG,https://quote.eastmoney.com/us/NBG.html
NATIONALBANKOFGREECES.A.,NBG_A,https://quote.eastmoney.com/us/NBG_A.html
NATIONALBANKOFGREECES.A.,NBGPA,https://quote.eastmoney.com/us/NBGPA.html
NeubergerBermanIntermediateM,NBH,https://quote.eastmoney.com/us/NBH.html
NationalBankHoldingsCorp-A,NBHC,https://quote.eastmoney.com/us/NBHC.html
神经分泌生物科学,NBIX,https://quote.eastmoney.com/us/NBIX.html
诺布尔能源,NBL,https://quote.eastmoney.com/us/NBL.html
NobleMidstreamPartnersLP,NBLX,https://quote.eastmoney.com/us/NBLX.html
NORTHEASTBANCORP,NBN,https://quote.eastmoney.com/us/NBN.html
NeubergerBermanNewYorkInter,NBO,https://quote.eastmoney.com/us/NBO.html
纳伯斯工业,NBR,https://quote.eastmoney.com/us/NBR.html
NaborsIndustriesLtdSeriesA,NBR_A,https://quote.eastmoney.com/us/NBR_A.html
NabrivaTherapeuticsplc,NBRV,https://quote.eastmoney.com/us/NBRV.html
NEOSTEMINC,NBS,https://quote.eastmoney.com/us/NBS.html
NeuBaseTherapeuticsInc,NBSE,https://quote.eastmoney.com/us/NBSE.html
NBTBancorpInc,NBTB,https://quote.eastmoney.com/us/NBTB.html
NB&TFINANCIALGROUPINC,NBTF,https://quote.eastmoney.com/us/NBTF.html
NeubergerBermanCaliforniaInt,NBW,https://quote.eastmoney.com/us/NBW.html
NOVABAYPHARMACEUTICALSINC,NBY,https://quote.eastmoney.com/us/NBY.html
NACCOINDUSTRIES-CLA,NC,https://quote.eastmoney.com/us/NC.html
NuveenCaliforniaMunicipalVal,NCA,https://quote.eastmoney.com/us/NCA.html
NuveenCaliforniaMunicipalVal,NCB,https://quote.eastmoney.com/us/NCB.html
NuveenCaliforniaMunicipalVal,NCB_NYSE,https://quote.eastmoney.com/us/NCB_NYSE.html
NEWCENTURYBANCORPINC,NCBC,https://quote.eastmoney.com/us/NCBC.html
NicoletBanksharesInc,NCBS,https://quote.eastmoney.com/us/NCBS.html
NORCRAFTCOMPANIESINC,NCFT,https://quote.eastmoney.com/us/NCFT.html
NAVIGANTCONSULTINGINC,NCI,https://quote.eastmoney.com/us/NCI.html
NCIInc-A,NCIT,https://quote.eastmoney.com/us/NCIT.html
挪威邮轮,NCLH,https://quote.eastmoney.com/us/NCLH.html
NationalCineMediaInc,NCMI,https://quote.eastmoney.com/us/NCMI.html
NuCanaplcADR,NCNA,https://quote.eastmoney.com/us/NCNA.html
NationalCommerceCorp,NCOM,https://quote.eastmoney.com/us/NCOM.html
NovaCopperInc.,NCQ,https://quote.eastmoney.com/us/NCQ.html
NCR,NCR,https://quote.eastmoney.com/us/NCR.html
NCIBUILDINGSYSTEMSINC,NCS,https://quote.eastmoney.com/us/NCS.html
NCSMultistageHoldingsInc,NCSM,https://quote.eastmoney.com/us/NCSM.html
NEWCASTLEINVESTMENTCORPORATION,NCT,https://quote.eastmoney.com/us/NCT.html
NewcastleInvestmentCorp,NCT_B,https://quote.eastmoney.com/us/NCT_B.html
NewcastleInvestmentCorp,NCT_C,https://quote.eastmoney.com/us/NCT_C.html
NewcastleInvestmentCorp,NCT_D,https://quote.eastmoney.com/us/NCT_D.html
第九城市,NCTY,https://quote.eastmoney.com/us/NCTY.html
AllianzgiConvertible&Income,NCV,https://quote.eastmoney.com/us/NCV.html
AllianzGIConvertible&Income,NCV_A,https://quote.eastmoney.com/us/NCV_A.html
AllianzgiConvertible&Income,NCZ,https://quote.eastmoney.com/us/NCZ.html
AllianzGIConvertible&Income,NCZ_A,https://quote.eastmoney.com/us/NCZ_A.html
纳斯达克,NDAQ,https://quote.eastmoney.com/us/NDAQ.html
Noodles&Co,NDLS,https://quote.eastmoney.com/us/NDLS.html
TORTOISEENERGYINDEPENDENCEFUNDInc,NDP,https://quote.eastmoney.com/us/NDP.html
恩德拉生命科学,NDRA,https://quote.eastmoney.com/us/NDRA.html
ENDRALifeSciencesIncUnitConsof1Sh+1Wt,NDRAU,https://quote.eastmoney.com/us/NDRAU.html
ENDRALifeSciencesIncWt,NDRAW,https://quote.eastmoney.com/us/NDRAW.html
NeuroDermLtd,NDRM,https://quote.eastmoney.com/us/NDRM.html
EnduroRoyaltyTrust,NDRO,https://quote.eastmoney.com/us/NDRO.html
诺信,NDSN,https://quote.eastmoney.com/us/NDSN.html
NORDIONINC,NDZ,https://quote.eastmoney.com/us/NDZ.html
诺布尔钻井,NE,https://quote.eastmoney.com/us/NE.html
NuveenAmt-FreeMunicipalIncom,NEA,https://quote.eastmoney.com/us/NEA.html
iSharesShortMaturityBondETF,NEAR,https://quote.eastmoney.com/us/NEAR.html
NebulaAcquisitionCorp-A,NEBU,https://quote.eastmoney.com/us/NEBU.html
NebulaAcquisitionCorpUnitConsof1CLA+1/3,NEBUU,https://quote.eastmoney.com/us/NEBUU.html
NebulaAcquisitionCorpWt,NEBUW,https://quote.eastmoney.com/us/NEBUW.html
NORTHEASTCOMMUNITYBANCORP,NECB,https://quote.eastmoney.com/us/NECB.html
诺亚舟,NED,https://quote.eastmoney.com/us/NED.html
NEXTERAENERGY,NEE,https://quote.eastmoney.com/us/NEE.html
NextEraEnergy,NEE_C,https://quote.eastmoney.com/us/NEE_C.html
NexteraEnergyCapitalHoldings,NEE_G,https://quote.eastmoney.com/us/NEE_G.html
NexteraEnergyCapitalHoldings,NEE_H,https://quote.eastmoney.com/us/NEE_H.html
NexteraEnergyCapitalHoldings,NEE_I,https://quote.eastmoney.com/us/NEE_I.html
NexteraEnergyCapitalHoldings,NEE_J,https://quote.eastmoney.com/us/NEE_J.html
NextEraEnergyInc,NEE_K,https://quote.eastmoney.com/us/NEE_K.html
NextEraEnergyIncSeriesNDeb,NEE_N,https://quote.eastmoney.com/us/NEE_N.html
NEXTERAENERGYInc,NEE_O,https://quote.eastmoney.com/us/NEE_O.html
NEXTERAENERGYInc,NEE_P,https://quote.eastmoney.com/us/NEE_P.html
NEXTERAENERGYInc,NEE_Q,https://quote.eastmoney.com/us/NEE_Q.html
"NextEraEnergy,Inc.CorporateUnits",NEE_R,https://quote.eastmoney.com/us/NEE_R.html
DirexionDailyConsumerStaples,NEED,https://quote.eastmoney.com/us/NEED.html
NEXTERAENERGY,NEEPC,https://quote.eastmoney.com/us/NEEPC.html
NEXTERAENERGY,NEEPF,https://quote.eastmoney.com/us/NEEPF.html
NEXTERAENERGYInc,NEEPO,https://quote.eastmoney.com/us/NEEPO.html
NeffCorp-A,NEFF,https://quote.eastmoney.com/us/NEFF.html
纽蒙特矿业,NEM,https://quote.eastmoney.com/us/NEM.html
NEWENGLANDREALTYASSOCIATESLIMITEDP,NEN,https://quote.eastmoney.com/us/NEN.html
NeoGenomicsInc,NEO,https://quote.eastmoney.com/us/NEO.html
纽勤,NEOG,https://quote.eastmoney.com/us/NEOG.html
NeonodeInc,NEON,https://quote.eastmoney.com/us/NEON.html
NeosTherapeuticsInc,NEOS,https://quote.eastmoney.com/us/NEOS.html
NeotheticsInc,NEOT,https://quote.eastmoney.com/us/NEOT.html
NextEraEnergyPartnersLP,NEP,https://quote.eastmoney.com/us/NEP.html
NEPGroupInc,NEPG,https://quote.eastmoney.com/us/NEPG.html
NephrosInc,NEPH,https://quote.eastmoney.com/us/NEPH.html
海王星科技,NEPT,https://quote.eastmoney.com/us/NEPT.html
RoundhillBITKRAFTEsports&Di,NERD,https://quote.eastmoney.com/us/NERD.html
MinervaNeurosciencesInc,NERV,https://quote.eastmoney.com/us/NERV.html
NuverraEnvironmentalSolutionsInc,NES,https://quote.eastmoney.com/us/NES.html
全国能源统一服务,NESR,https://quote.eastmoney.com/us/NESR.html
NationalEnergyServicesReunitedCorpUnitConso,NESRU,https://quote.eastmoney.com/us/NESRU.html
NationalEnergyServicesReunitedCorpWt,NESRW,https://quote.eastmoney.com/us/NESRW.html
CloudflareInc-A,NET,https://quote.eastmoney.com/us/NET.html
NETSERVICOSDECOM-PRADR,NETC,https://quote.eastmoney.com/us/NETC.html
NetElementInc,NETE,https://quote.eastmoney.com/us/NETE.html
NETLeaseCorporateRealEstate,NETL,https://quote.eastmoney.com/us/NETL.html
Netshoes(Cayman)Ltd,NETS,https://quote.eastmoney.com/us/NETS.html
NEWMARKET,NEU,https://quote.eastmoney.com/us/NEU.html
NuveenEnhancedMunicipalValue,NEV,https://quote.eastmoney.com/us/NEV.html
朴新教育,NEW,https://quote.eastmoney.com/us/NEW.html
金正环保,NEWA,https://quote.eastmoney.com/us/NEWA.html
NEWLEADHOLDINGS,NEWL,https://quote.eastmoney.com/us/NEWL.html
NewMediaInvestmentGroupInc,NEWM,https://quote.eastmoney.com/us/NEWM.html
新能源系统,NEWN,https://quote.eastmoney.com/us/NEWN.html
新港科技,NEWP,https://quote.eastmoney.com/us/NEWP.html
NewRelicInc,NEWR,https://quote.eastmoney.com/us/NEWR.html
NewStarFinancialInc,NEWS,https://quote.eastmoney.com/us/NEWS.html
NewtekBusinessServicesCorp,NEWT,https://quote.eastmoney.com/us/NEWT.html
NewtekBusinessServicesCorpN,NEWTI,https://quote.eastmoney.com/us/NEWTI.html
NewtekBusinessServicesCorp,NEWTL,https://quote.eastmoney.com/us/NEWTL.html
NewtekBusinessServicesCorp,NEWTZ,https://quote.eastmoney.com/us/NEWTZ.html
NexaResourcesSA,NEXA,https://quote.eastmoney.com/us/NEXA.html
NextDecadeCorp,NEXT,https://quote.eastmoney.com/us/NEXT.html
NextDecadeCorpWt,NEXTW,https://quote.eastmoney.com/us/NEXTW.html
NorthfieldBancorpInc,NFBK,https://quote.eastmoney.com/us/NFBK.html
新风天域,NFC,https://quote.eastmoney.com/us/NFC.html
新风天域(普通单位),NFC_U,https://quote.eastmoney.com/us/NFC_U.html
新风天域(权证),NFC_WS,https://quote.eastmoney.com/us/NFC_WS.html
NewFortressEnergyLLC-A,NFE,https://quote.eastmoney.com/us/NFE.html
能发伟业,NFEC,https://quote.eastmoney.com/us/NFEC.html
NATIONALFUELGAS,NFG,https://quote.eastmoney.com/us/NFG.html
NetfinAcquisitionCorp-A,NFIN,https://quote.eastmoney.com/us/NFIN.html
NetfinAcquisitionCorpUnitConsof1CLA+1Wt,NFINU,https://quote.eastmoney.com/us/NFINU.html
NetfinAcquisitionCorpWt,NFINW,https://quote.eastmoney.com/us/NFINW.html
AllianzgiNfjDividendInterest,NFJ,https://quote.eastmoney.com/us/NFJ.html
VirtusNewfleetMulti-SectorUn,NFLT,https://quote.eastmoney.com/us/NFLT.html
奈飞,NFLX,https://quote.eastmoney.com/us/NFLX.html
GuggenheimInsiderSentimentET,NFO,https://quote.eastmoney.com/us/NFO.html
国民金融,NFP,https://quote.eastmoney.com/us/NFP.html
FlexSharesStoxxGlobalBroadI,NFRA,https://quote.eastmoney.com/us/NFRA.html
NEWPORTBANCORPINC,NFSB,https://quote.eastmoney.com/us/NFSB.html
FirstTrustIndiaNIFTY50EqualWeightETF,NFTY,https://quote.eastmoney.com/us/NFTY.html
新田石油,NFX,https://quote.eastmoney.com/us/NFX.html
诺华黄金资源,NG,https://quote.eastmoney.com/us/NG.html
NEWGOLDINC,NGD,https://quote.eastmoney.com/us/NGD.html
GlobalXMSCINigeriaETF,NGE,https://quote.eastmoney.com/us/NGE.html
国家电网-ADR,NGG,https://quote.eastmoney.com/us/NGG.html
NationalGeneralHoldingsCorp,NGHC,https://quote.eastmoney.com/us/NGHC.html
NationalGeneralHoldingsCorp,NGHCN,https://quote.eastmoney.com/us/NGHCN.html
NationalGeneralHoldingsCorp,NGHCO,https://quote.eastmoney.com/us/NGHCO.html
NationalGeneralHoldingsCorp,NGHCP,https://quote.eastmoney.com/us/NGHCP.html
NationalGeneralHoldingsCorp,NGHCZ,https://quote.eastmoney.com/us/NGHCZ.html
NGLEnergyPartnersLP,NGL,https://quote.eastmoney.com/us/NGL.html
NGLEnergyPartnersLP,NGL_B,https://quote.eastmoney.com/us/NGL_B.html
NGLEnergyPartnersLPPfd,NGL_C,https://quote.eastmoney.com/us/NGL_C.html
TARGARESOURCESPARTNERSLP,NGLS,https://quote.eastmoney.com/us/NGLS.html
TargaResourcesPartnersLP,NGLS_A,https://quote.eastmoney.com/us/NGLS_A.html
NGMBiopharmaceuticalsInc,NGM,https://quote.eastmoney.com/us/NGM.html
NGPCAPITALRESOURCESCO,NGPC,https://quote.eastmoney.com/us/NGPC.html
NATURALGASSERVICESGROUP,NGS,https://quote.eastmoney.com/us/NGS.html
EASTERNAMERICANNATURALGAS,NGT,https://quote.eastmoney.com/us/NGT.html
NaturalGrocersbyVitaminCottageInc,NGVC,https://quote.eastmoney.com/us/NGVC.html
IngevityCorp,NGVT,https://quote.eastmoney.com/us/NGVT.html
NantHealthInc,NH,https://quote.eastmoney.com/us/NH.html
NuveenMunicipal2021TargetTe,NHA,https://quote.eastmoney.com/us/NHA.html
NATIONALHEALTHCARECORP,NHC,https://quote.eastmoney.com/us/NHC.html
NationalHealthcareCorporation,NHC_A,https://quote.eastmoney.com/us/NHC_A.html
NationalHealthCareCorporation,NHC_A_CL,https://quote.eastmoney.com/us/NHC_A_CL.html
NexpointCreditStrategiesFund,NHF,https://quote.eastmoney.com/us/NHF.html
NATIONALHEALTHINVESTORS,NHI,https://quote.eastmoney.com/us/NHI.html
NationalHoldingsCorp,NHLD,https://quote.eastmoney.com/us/NHLD.html
NationalHoldingsCorpWt,NHLDW,https://quote.eastmoney.com/us/NHLDW.html
NeubergerBermanHighYieldStr,NHS,https://quote.eastmoney.com/us/NHS.html
NEWHAMPSHIRETHRIFTBANCSHS,NHTB,https://quote.eastmoney.com/us/NHTB.html
然健环球,NHTC,https://quote.eastmoney.com/us/NHTC.html
尼索思,NI,https://quote.eastmoney.com/us/NI.html
NiSourceIncSeriesBPfd+Ser,NI_B,https://quote.eastmoney.com/us/NI_B.html
iPathBloombergCocoaSubindex,NIB,https://quote.eastmoney.com/us/NIB.html
尼仕,NICE,https://quote.eastmoney.com/us/NICE.html
NicholasFinancialInc,NICK,https://quote.eastmoney.com/us/NICK.html
NuveenIntermediateDurationMu,NID,https://quote.eastmoney.com/us/NID.html
AllianzgiEquity&Convertible,NIE,https://quote.eastmoney.com/us/NIE.html
国家信息基础设施控股,NIHD,https://quote.eastmoney.com/us/NIHD.html
NIIHOLDINGS,NIHDQ,https://quote.eastmoney.com/us/NIHDQ.html
蓝色尼罗河,NILE,https://quote.eastmoney.com/us/NILE.html
NuveenSelectMaturitiesMunici,NIM,https://quote.eastmoney.com/us/NIM.html
NineEnergyServiceInc,NINE,https://quote.eastmoney.com/us/NINE.html
iPathPureBetaNickelETN,NINI,https://quote.eastmoney.com/us/NINI.html
蔚来,NIO,https://quote.eastmoney.com/us/NIO.html
NuveenIntermediateDurationQu,NIQ,https://quote.eastmoney.com/us/NIQ.html
NightstarTherapeuticsplcADR,NITE,https://quote.eastmoney.com/us/NITE.html
小牛电动,NIU,https://quote.eastmoney.com/us/NIU.html
NIDECCORPORATION-ADR,NJ,https://quote.eastmoney.com/us/NJ.html
NEWJERSEYRESOURCESCORP,NJR,https://quote.eastmoney.com/us/NJR.html
NuveenNewJerseyMunicipalVal,NJV,https://quote.eastmoney.com/us/NJV.html
NantKwestInc,NK,https://quote.eastmoney.com/us/NK.html
NiskaGasStoragePartnersLLC,NKA,https://quote.eastmoney.com/us/NKA.html
耐克,NKE,https://quote.eastmoney.com/us/NKE.html
NuveenGaDivAdvMun,NKG,https://quote.eastmoney.com/us/NKG.html
NationalBanksharesInc,NKSH,https://quote.eastmoney.com/us/NKSH.html
内克塔治疗,NKTR,https://quote.eastmoney.com/us/NKTR.html
NuveenCaliforniaAmt-FreeMuni,NKX,https://quote.eastmoney.com/us/NKX.html
MaxisNikkei225IndexFund,NKY,https://quote.eastmoney.com/us/NKY.html
NLINDUSTRIES,NL,https://quote.eastmoney.com/us/NL.html
NewLinkGeneticsCorp,NLNK,https://quote.eastmoney.com/us/NLNK.html
NTSREALTYHOLDINGSLIMITEDPARTNERSHIP,NLP,https://quote.eastmoney.com/us/NLP.html
MarketVectorsUranium+Nuclea,NLR,https://quote.eastmoney.com/us/NLR.html
NAUTILUSINC,NLS,https://quote.eastmoney.com/us/NLS.html
尼尔森,NLSN,https://quote.eastmoney.com/us/NLSN.html
NetlistInc,NLST,https://quote.eastmoney.com/us/NLST.html
NeoleukinTherapeuticsInc,NLTX,https://quote.eastmoney.com/us/NLTX.html
ANNALYCAPITALMANAGEMENTINC,NLY,https://quote.eastmoney.com/us/NLY.html
AnnalyCapitalManagementInc,NLY_A,https://quote.eastmoney.com/us/NLY_A.html
AnnalyCapitalManagementIncS,NLY_A_CL,https://quote.eastmoney.com/us/NLY_A_CL.html
AnnalyCapitalManagementInc,NLY_C,https://quote.eastmoney.com/us/NLY_C.html
AnnalyCapitalManagementIncS,NLY_C_CL,https://quote.eastmoney.com/us/NLY_C_CL.html
AnnalyCapitalManagementInc,NLY_D,https://quote.eastmoney.com/us/NLY_D.html
AnnalyCapitalManagementInc,NLY_E,https://quote.eastmoney.com/us/NLY_E.html
AnnalyCapitalManagementIncS,NLY_F,https://quote.eastmoney.com/us/NLY_F.html
AnnalyCapitalManagementIncS,NLY_G,https://quote.eastmoney.com/us/NLY_G.html
AnnalyCapitalManagementIncS,NLY_H,https://quote.eastmoney.com/us/NLY_H.html
AnnalyCapitalManagementIncS,NLY_H_CL,https://quote.eastmoney.com/us/NLY_H_CL.html
AnnalyCapitalManagementIncS,NLY_I,https://quote.eastmoney.com/us/NLY_I.html
NAVIOSMARITIMEHOLDINGSINC,NM,https://quote.eastmoney.com/us/NM.html
NaviosMaritimeHoldingsIncADRSeriesGPfd,NM_G,https://quote.eastmoney.com/us/NM_G.html
NaviosMaritimeHoldingsIncADRSeriesHPfd,NM_H,https://quote.eastmoney.com/us/NM_H.html
NuveenMuniAdvantageFd,NMA,https://quote.eastmoney.com/us/NMA.html
NAUTILUSMARINEACQUISITION,NMARU,https://quote.eastmoney.com/us/NMARU.html
敏捷存储公司,NMBL,https://quote.eastmoney.com/us/NMBL.html
NaviosMaritimeContainersLP,NMCI,https://quote.eastmoney.com/us/NMCI.html
NewMountainFinanceCorp,NMFC,https://quote.eastmoney.com/us/NMFC.html
NewMountainFinanceCorpNotes,NMFX,https://quote.eastmoney.com/us/NMFX.html
NuveenMunicipalIncome,NMI,https://quote.eastmoney.com/us/NMI.html
NMIHoldingsInc-A,NMIH,https://quote.eastmoney.com/us/NMIH.html
NiagaraMohawkPowerCorporatio,NMK_B,https://quote.eastmoney.com/us/NMK_B.html
NiagaraMohawkPowerCorporatio,NMK_C,https://quote.eastmoney.com/us/NMK_C.html
NeubergerBermanMlpIncomeFun,NML,https://quote.eastmoney.com/us/NML.html
NAVIOSMARITIMEPARTNERSLP,NMM,https://quote.eastmoney.com/us/NMM.html
NuveenMuniMktOppt,NMO,https://quote.eastmoney.com/us/NMO.html
NOMURAHOLDINGSINC-ADR,NMR,https://quote.eastmoney.com/us/NMR.html
NemauraMedicalInc,NMRD,https://quote.eastmoney.com/us/NMRD.html
NewmarkGroupInc-A,NMRK,https://quote.eastmoney.com/us/NMRK.html
NewmarkGroupInc-AWI,NMRKV,https://quote.eastmoney.com/us/NMRKV.html
纳姆热斯,NMRX,https://quote.eastmoney.com/us/NMRX.html
NuveenMinnesotaMunicipalInco,NMS,https://quote.eastmoney.com/us/NMS.html
MaPremIncMuniFd,NMT,https://quote.eastmoney.com/us/NMT.html
NuveenMarylandPremiumIncome,NMY,https://quote.eastmoney.com/us/NMY.html
NuveenMunicipalHighIncomeOp,NMZ,https://quote.eastmoney.com/us/NMZ.html
NuveenMunicipalHighIncomeOp,NMZ_NYSE,https://quote.eastmoney.com/us/NMZ_NYSE.html
NAVIOSMARITIMEACQUISITION,NNA,https://quote.eastmoney.com/us/NNA.html
NNInc,NNBR,https://quote.eastmoney.com/us/NNBR.html
NuveenNorthCarolinaPremiumI,NNC,https://quote.eastmoney.com/us/NNC.html
NanoDimensionLtdADR,NNDM,https://quote.eastmoney.com/us/NNDM.html
NELNETINC-CLA,NNI,https://quote.eastmoney.com/us/NNI.html
NATIONALRETAILPROPERTIES,NNN,https://quote.eastmoney.com/us/NNN.html
NationalRetailPropertiesInc,NNN_D,https://quote.eastmoney.com/us/NNN_D.html
NationalRetailPropertiesInc,NNN_E,https://quote.eastmoney.com/us/NNN_E.html
NationalRetailProperties,NNN_F,https://quote.eastmoney.com/us/NNN_F.html
PacerBenchmarkNetLeaseReal,NNNL,https://quote.eastmoney.com/us/NNNL.html
NuveenNyPerformPlusMuni,NNP,https://quote.eastmoney.com/us/NNP.html
NanoViricidesInc,NNVC,https://quote.eastmoney.com/us/NNVC.html
NuveenNyMunicipalValue,NNY,https://quote.eastmoney.com/us/NNY.html
NorthAmericanConstructionGroupLtd,NOA,https://quote.eastmoney.com/us/NOA.html
诺亚财富,NOAH,https://quote.eastmoney.com/us/NOAH.html
NOBILITYHOMESINC,NOBH,https://quote.eastmoney.com/us/NOBH.html
ProSharesS&P500DividendAris,NOBL,https://quote.eastmoney.com/us/NOBL.html
诺斯罗普·格鲁曼,NOC,https://quote.eastmoney.com/us/NOC.html
NIHoldingsInc,NODK,https://quote.eastmoney.com/us/NODK.html
NORTHERNOILANDGASINC,NOG,https://quote.eastmoney.com/us/NOG.html
诺基亚,NOK,https://quote.eastmoney.com/us/NOK.html
NuveenMissouriPremiumIncome,NOM,https://quote.eastmoney.com/us/NOM.html
NuveenMissouriPremiumIncome,NOM_NYSE,https://quote.eastmoney.com/us/NOM_NYSE.html
NomadFoodsLtd,NOMD,https://quote.eastmoney.com/us/NOMD.html
NORANDAALUMINUMHOLDING,NOR,https://quote.eastmoney.com/us/NOR.html
NordAngliaEducationInc,NORD,https://quote.eastmoney.com/us/NORD.html
"NordicRealtyTrust,Inc.",NORT,https://quote.eastmoney.com/us/NORT.html
GlobalXMSCINorwayETF,NORW,https://quote.eastmoney.com/us/NORW.html
国家油井,NOV,https://quote.eastmoney.com/us/NOV.html
SunnovaEnergyInternationalInc,NOVA,https://quote.eastmoney.com/us/NOVA.html
NORTHVALLEYBANCORP,NOVB,https://quote.eastmoney.com/us/NOVB.html
NovanInc,NOVN,https://quote.eastmoney.com/us/NOVN.html
NovantaInc,NOVT,https://quote.eastmoney.com/us/NOVT.html
SERVICENOW,NOW,https://quote.eastmoney.com/us/NOW.html
NeenahInc,NP,https://quote.eastmoney.com/us/NP.html
宾夕法尼亚合众银行,NPBC,https://quote.eastmoney.com/us/NPBC.html
NATIONALPENNBANCSHARESINC,NPBCO,https://quote.eastmoney.com/us/NPBCO.html
海王星辰,NPD,https://quote.eastmoney.com/us/NPD.html
NuveenPremierMunicipalIncome,NPF,https://quote.eastmoney.com/us/NPF.html
NuveenPremIncomeMuni,NPI,https://quote.eastmoney.com/us/NPI.html
NATIONALPRESTOINDSINC,NPK,https://quote.eastmoney.com/us/NPK.html
NuveenPremIncomeMuni2,NPM,https://quote.eastmoney.com/us/NPM.html
NuveenPennsylvaniaMunicipalV,NPN,https://quote.eastmoney.com/us/NPN.html
ENPROINDUSTRIESINC,NPO,https://quote.eastmoney.com/us/NPO.html
NuveenPerformPlusMuni,NPP,https://quote.eastmoney.com/us/NPP.html
NPSPHARMACEUTICALSINC,NPSP,https://quote.eastmoney.com/us/NPSP.html
NuveenPremIncomeMuni4,NPT,https://quote.eastmoney.com/us/NPT.html
NeoPhotonicsCorp,NPTN,https://quote.eastmoney.com/us/NPTN.html
NuveenVaPremIncMuniFd,NPV,https://quote.eastmoney.com/us/NPV.html
网秦,NQ,https://quote.eastmoney.com/us/NQ.html
NuveenQualityMunicipalFundI,NQI,https://quote.eastmoney.com/us/NQI.html
NuveenInvestmentQualityMunic,NQM,https://quote.eastmoney.com/us/NQM.html
NuveenPennsylvaniaInvestment,NQP,https://quote.eastmoney.com/us/NQP.html
NuveenSelectQualityMunicipal,NQS,https://quote.eastmoney.com/us/NQS.html
NuveenQualityIncomeMunicipal,NQU,https://quote.eastmoney.com/us/NQU.html
NEWPARKRESOURCESINC,NR,https://quote.eastmoney.com/us/NR.html
NationalResearchCorp,NRC,https://quote.eastmoney.com/us/NRC.html
NRCGroupHoldingsCorp,NRCG,https://quote.eastmoney.com/us/NRCG.html
NRCGroupHoldingsCorpWt,NRCG_WS,https://quote.eastmoney.com/us/NRCG_WS.html
NATIONALRESEARCHCORP,NRCI,https://quote.eastmoney.com/us/NRCI.html
NationalResearchCorp-A,NRCIA,https://quote.eastmoney.com/us/NRCIA.html
NationalResearchCorp,NRCIB,https://quote.eastmoney.com/us/NRCIB.html
NorthStarRealtyEuropeCorp,NRE,https://quote.eastmoney.com/us/NRE.html
NORTHSTARREALTYFINANCECORP,NRF,https://quote.eastmoney.com/us/NRF.html
NorthstarRealtyFinanceCorp,NRF_A,https://quote.eastmoney.com/us/NRF_A.html
NorthstarRealtyFinanceCorp,NRF_B,https://quote.eastmoney.com/us/NRF_B.html
NorthstarRealtyFinanceCorp,NRF_C,https://quote.eastmoney.com/us/NRF_C.html
NorthstarRealtyFinanceCorp,NRF_D,https://quote.eastmoney.com/us/NRF_D.html
NorthstarRealtyFinanceCorp,NRF_E,https://quote.eastmoney.com/us/NRF_E.html
NRGENERGY,NRG,https://quote.eastmoney.com/us/NRG.html
MicroSectorsU.S.BigOilIndex,NRGD,https://quote.eastmoney.com/us/NRGD.html
MicroSectorsU.S.BigOilIndex,NRGO,https://quote.eastmoney.com/us/NRGO.html
MicroSectorsU.S.BigOilIndex,NRGU,https://quote.eastmoney.com/us/NRGU.html
PIMCOEnergyandTacticalCreditOpportunitiesFun,NRGX,https://quote.eastmoney.com/us/NRGX.html
MicroSectorsU.S.BigOilIndex,NRGZ,https://quote.eastmoney.com/us/NRGZ.html
NorthrimBanCorpInc,NRIM,https://quote.eastmoney.com/us/NRIM.html
NuveenNewYorkAmt-FreeMunici,NRK,https://quote.eastmoney.com/us/NRK.html
ENERKEM,NRKM,https://quote.eastmoney.com/us/NRKM.html
NeubergerBermanRealEstateSe,NRO,https://quote.eastmoney.com/us/NRO.html
NATURALRESOURCEPARTNERSLP,NRP,https://quote.eastmoney.com/us/NRP.html
NORTHEUROPEANOILRYLTY,NRT,https://quote.eastmoney.com/us/NRT.html
NATIONALRURALUTILITIESCOOPFINCORP,NRU,https://quote.eastmoney.com/us/NRU.html
NationalRuralUtilitiesCooper,NRUC,https://quote.eastmoney.com/us/NRUC.html
"NEPHROGENEX,INC.",NRX,https://quote.eastmoney.com/us/NRX.html
NewResidentialInvestmentCorp,NRZ,https://quote.eastmoney.com/us/NRZ.html
NewResidentialInvestmentCorp,NRZ_A,https://quote.eastmoney.com/us/NRZ_A.html
NewResidentialInvestmentCorp,NRZ_B,https://quote.eastmoney.com/us/NRZ_B.html
NUSTARENEERGYLP,NS,https://quote.eastmoney.com/us/NS.html
NustarEnergyL.P.,NS_A,https://quote.eastmoney.com/us/NS_A.html
NustarEnergyL.P.,NS_B,https://quote.eastmoney.com/us/NS_B.html
NuStarEnergyLPSeriesCPfd,NS_C,https://quote.eastmoney.com/us/NS_C.html
NationalStorageAffiliatesTrust,NSA,https://quote.eastmoney.com/us/NSA.html
NationalStorageAffiliatesTru,NSA_A,https://quote.eastmoney.com/us/NSA_A.html
"NorthStarAssetManagementGroup,Inc.",NSAM,https://quote.eastmoney.com/us/NSAM.html
NorsatInternationalInc,NSAT,https://quote.eastmoney.com/us/NSAT.html
诺福克南方,NSC,https://quote.eastmoney.com/us/NSC.html
NescoHoldingsInc,NSCO,https://quote.eastmoney.com/us/NSCO.html
NescoHoldingsIncWt,NSCO_WS,https://quote.eastmoney.com/us/NSCO_WS.html
TheNationalSecurityGroupInc,NSEC,https://quote.eastmoney.com/us/NSEC.html
NUSTARGPHOLDINGSLLC,NSH,https://quote.eastmoney.com/us/NSH.html
NeuroSigmaInc,NSIG,https://quote.eastmoney.com/us/NSIG.html
InsightEnterprisesInc,NSIT,https://quote.eastmoney.com/us/NSIT.html
NuveenSeniorIncmFd,NSL,https://quote.eastmoney.com/us/NSL.html
NEWSOURCEENERGYPARTNERS,NSLP,https://quote.eastmoney.com/us/NSLP.html
NewSourceEnergyPartners,NSLP_A,https://quote.eastmoney.com/us/NSLP_A.html
NATIONSTARMORTGAGEHOLDINGS,NSM,https://quote.eastmoney.com/us/NSM.html
INSPERITYINC,NSP,https://quote.eastmoney.com/us/NSP.html
纳米球医疗,NSPH,https://quote.eastmoney.com/us/NSPH.html
InspireMDInc,NSPR,https://quote.eastmoney.com/us/NSPR.html
InspireMDIncWt,NSPR_WS,https://quote.eastmoney.com/us/NSPR_WS.html
InspireMDIncWt-B,NSPR_WS_B,https://quote.eastmoney.com/us/NSPR_WS_B.html
NEUSTAR,NSR,https://quote.eastmoney.com/us/NSR.html
NustarLogisticsL.P.,NSS,https://quote.eastmoney.com/us/NSS.html
纳普科安全技术,NSSC,https://quote.eastmoney.com/us/NSSC.html
NanoStringTechnologiesInc,NSTG,https://quote.eastmoney.com/us/NSTG.html
NEVSUNRESOURCESLTD,NSU,https://quote.eastmoney.com/us/NSU.html
NortechSystemsInc,NSYS,https://quote.eastmoney.com/us/NSYS.html
美国网存,NTAP,https://quote.eastmoney.com/us/NTAP.html
TheBankofNTButterfield&SonLtd,NTB,https://quote.eastmoney.com/us/NTB.html
NuveenConnecticutPremiumInco,NTC,https://quote.eastmoney.com/us/NTC.html
网侦系统,NTCT,https://quote.eastmoney.com/us/NTCT.html
IntecPharmaLtd,NTEC,https://quote.eastmoney.com/us/NTEC.html
网易,NTES,https://quote.eastmoney.com/us/NTES.html
TortoiseMlpFundInc,NTG,https://quote.eastmoney.com/us/NTG.html
NeonTherapeuticsInc,NTGN,https://quote.eastmoney.com/us/NTGN.html
NETGEARInc,NTGR,https://quote.eastmoney.com/us/NTGR.html
NETGEARIncWI,NTGRV,https://quote.eastmoney.com/us/NTGRV.html
NORTHERNTIERENERGY,NTI,https://quote.eastmoney.com/us/NTI.html
NorthernTechnologiesInternationalCorp,NTIC,https://quote.eastmoney.com/us/NTIC.html
Network-1TechnologiesInc,NTIP,https://quote.eastmoney.com/us/NTIP.html
NORTEKINCCOMNEW(DE),NTK,https://quote.eastmoney.com/us/NTK.html
NORTELINVERSORA-ADRPFDB,NTL,https://quote.eastmoney.com/us/NTL.html
IntelliaTherapeuticsInc,NTLA,https://quote.eastmoney.com/us/NTLA.html
NTELOSHOLDINGSCORP,NTLS,https://quote.eastmoney.com/us/NTLS.html
NTNBUZZTIMEINC,NTN,https://quote.eastmoney.com/us/NTN.html
路坦力,NTNX,https://quote.eastmoney.com/us/NTNX.html
南太电子,NTP,https://quote.eastmoney.com/us/NTP.html
NutrienLtd,NTR,https://quote.eastmoney.com/us/NTR.html
NateraInc,NTRA,https://quote.eastmoney.com/us/NTRA.html
NutrisystemInc,NTRI,https://quote.eastmoney.com/us/NTRI.html
NeurotropeInc,NTRP,https://quote.eastmoney.com/us/NTRP.html
北方信托,NTRS,https://quote.eastmoney.com/us/NTRS.html
NorthernTrustCorporation,NTRSP,https://quote.eastmoney.com/us/NTRSP.html
NTSINC,NTS,https://quote.eastmoney.com/us/NTS.html
NATIONALTECHNICALSYSTEM,NTSC,https://quote.eastmoney.com/us/NTSC.html
NETSPENDHOLDINGSINC,NTSP,https://quote.eastmoney.com/us/NTSP.html
WisdomTree90/60U.S.Balanced,NTSX,https://quote.eastmoney.com/us/NTSX.html
NIPPONTELEGRAPH&TELE-ADR,NTT,https://quote.eastmoney.com/us/NTT.html
纳图斯医疗,NTUS,https://quote.eastmoney.com/us/NTUS.html
纳索尔技术,NTWK,https://quote.eastmoney.com/us/NTWK.html
NuveenTexasQualityIncomeMun,NTX,https://quote.eastmoney.com/us/NTX.html
NATUZZISPA-SPADR,NTZ,https://quote.eastmoney.com/us/NTZ.html
东北公用事业,NU,https://quote.eastmoney.com/us/NU.html
NuSharesEnhancedYieldUSAggr,NUAG,https://quote.eastmoney.com/us/NUAG.html
纽昂斯通讯,NUAN,https://quote.eastmoney.com/us/NUAN.html
NuSharesESGU.S.AggregateBon,NUBD,https://quote.eastmoney.com/us/NUBD.html
NuSharesESGInternationalDeve,NUDM,https://quote.eastmoney.com/us/NUDM.html
纽柯钢铁,NUE,https://quote.eastmoney.com/us/NUE.html
NuSharesESGEmergingMarketsE,NUEM,https://quote.eastmoney.com/us/NUEM.html
DirexionDailyGoldMinersBull,NUGT,https://quote.eastmoney.com/us/NUGT.html
NuveenESGLarge-CapETF,NULC,https://quote.eastmoney.com/us/NULC.html
NUSHARESETFTRESGLARGE-CAPG,NULG,https://quote.eastmoney.com/us/NULG.html
NUSHARESETFTRESGLARGE-CAPV,NULV,https://quote.eastmoney.com/us/NULV.html
NuveenMichiganQualityIncome,NUM,https://quote.eastmoney.com/us/NUM.html
NUSHARESETFTRESGMID-CAPGRO,NUMG,https://quote.eastmoney.com/us/NUMG.html
NUSHARESETFTRESGMID-CAPVAL,NUMV,https://quote.eastmoney.com/us/NUMV.html
NuveenOhioQualityIncomeMuni,NUO,https://quote.eastmoney.com/us/NUO.html
NUSHARESETFTRSHORTTERMREIT,NURE,https://quote.eastmoney.com/us/NURE.html
NeuroMetrixInc,NURO,https://quote.eastmoney.com/us/NURO.html
NeuroMetrixIncWt,NUROW,https://quote.eastmoney.com/us/NUROW.html
NUSKINENTERPRISES,NUS,https://quote.eastmoney.com/us/NUS.html
NuSharesEnhancedYield1-5Yea,NUSA,https://quote.eastmoney.com/us/NUSA.html
NUSHARESETFTRESGSM-CAPETF,NUSC,https://quote.eastmoney.com/us/NUSC.html
营养保健国际,NUTR,https://quote.eastmoney.com/us/NUTR.html
NUVEENMUNIVALUEFD,NUV,https://quote.eastmoney.com/us/NUV.html
纽瓦索,NUVA,https://quote.eastmoney.com/us/NUVA.html
NuveenAmt-FreeMunicipalValue,NUW,https://quote.eastmoney.com/us/NUW.html
诺瓦瓦克斯医药,NVAX,https://quote.eastmoney.com/us/NVAX.html
NeovascInc,NVCN,https://quote.eastmoney.com/us/NVCN.html
NovoCureLtd,NVCR,https://quote.eastmoney.com/us/NVCR.html
英伟达,NVDA,https://quote.eastmoney.com/us/NVDA.html
NovadaqTechnologiesInc,NVDQ,https://quote.eastmoney.com/us/NVDQ.html
NVENERGY,NVE,https://quote.eastmoney.com/us/NVE.html
NVECorp,NVEC,https://quote.eastmoney.com/us/NVEC.html
NV5GlobalInc,NVEE,https://quote.eastmoney.com/us/NVEE.html
NV5GlobalIncWt,NVEEW,https://quote.eastmoney.com/us/NVEEW.html
NexvetBiopharmaplc,NVET,https://quote.eastmoney.com/us/NVET.html
NovaLifeStyleInc,NVFY,https://quote.eastmoney.com/us/NVFY.html
NuveenDividendAdvantageMunic,NVG,https://quote.eastmoney.com/us/NVG.html
NovogenLtdADR,NVGN,https://quote.eastmoney.com/us/NVGN.html
NavigatorHoldingsLtd,NVGS,https://quote.eastmoney.com/us/NVGS.html
InVivoTherapeuticsHoldingsCorp,NVIV,https://quote.eastmoney.com/us/NVIV.html
NovelionTherapeuticsInc,NVLN,https://quote.eastmoney.com/us/NVLN.html
NivalisTherapeuticsInc,NVLS,https://quote.eastmoney.com/us/NVLS.html
NovaMeasuringInstrumentsLtd,NVMI,https://quote.eastmoney.com/us/NVMI.html
NovumeSolutionsInc,NVMM,https://quote.eastmoney.com/us/NVMM.html
NOVO-NORDISKA/S,NVO,https://quote.eastmoney.com/us/NVO.html
NVR,NVR,https://quote.eastmoney.com/us/NVR.html
NevroCorp,NVRO,https://quote.eastmoney.com/us/NVRO.html
诺华制药,NVS,https://quote.eastmoney.com/us/NVS.html
NAUGATUCKVALLEYFINANCIAL,NVSL,https://quote.eastmoney.com/us/NVSL.html
nVentElectricplc,NVT,https://quote.eastmoney.com/us/NVT.html
InvitaeCorp,NVTA,https://quote.eastmoney.com/us/NVTA.html
NOVATELWIRELESSINC,NVTL,https://quote.eastmoney.com/us/NVTL.html
NuvectraCorp,NVTR,https://quote.eastmoney.com/us/NVTR.html
NUVECTRACORPORATIONCOMMONSTOCKWHENISSUED,NVTRV,https://quote.eastmoney.com/us/NVTRV.html
NovusTherapeuticsInc,NVUS,https://quote.eastmoney.com/us/NVUS.html
NuveenCaliforniaDividendAdva,NVX,https://quote.eastmoney.com/us/NVX.html
NATLWESTMINSTERPREFCADS,NW_C,https://quote.eastmoney.com/us/NW_C.html
NationalWestminsterBankPlcS,NW_C_CL,https://quote.eastmoney.com/us/NW_C_CL.html
NorthwestBancsharesInc,NWBI,https://quote.eastmoney.com/us/NWBI.html
NORTHWESTBIOTHERAPEUTICSIncCOMMONSTOCK,NWBO,https://quote.eastmoney.com/us/NWBO.html
NORTHWESTBIOTHERAPEUTICSInc,NWBOW,https://quote.eastmoney.com/us/NWBOW.html
NORTHWESTERNCORP,NWE,https://quote.eastmoney.com/us/NWE.html
NorwoodFinancialCorp,NWFL,https://quote.eastmoney.com/us/NWFL.html
TheNewHomeCoInc,NWHM,https://quote.eastmoney.com/us/NWHM.html
纽威尔橡胶,NWL,https://quote.eastmoney.com/us/NWL.html
纽威品牌,NWL_NYSE,https://quote.eastmoney.com/us/NWL_NYSE.html
国家西方人寿保险,NWLI,https://quote.eastmoney.com/us/NWLI.html
NORTHWESTNATURALGASCO,NWN,https://quote.eastmoney.com/us/NWN.html
西北管道,NWPX,https://quote.eastmoney.com/us/NWPX.html
新闻集团-CLASSB,NWS,https://quote.eastmoney.com/us/NWS.html
新闻集团-A,NWSA,https://quote.eastmoney.com/us/NWSA.html
NEWYORK&CO,NWY,https://quote.eastmoney.com/us/NWY.html
QUANEXBUILDINGPRODUCTS,NX,https://quote.eastmoney.com/us/NX.html
NuveenCaSelTax-FreeInc,NXC,https://quote.eastmoney.com/us/NXC.html
NexGenEnergyLtd,NXE,https://quote.eastmoney.com/us/NXE.html
NexeoSolutionsInc,NXEO,https://quote.eastmoney.com/us/NXEO.html
NexeoSolutionsIncUnitConsof1Sh+1Wt,NXEOU,https://quote.eastmoney.com/us/NXEOU.html
NexeoSolutionsIncWt,NXEOW,https://quote.eastmoney.com/us/NXEOW.html
NextGenHealthcareInc,NXGN,https://quote.eastmoney.com/us/NXGN.html
NuveenJerseyDividendAdvantag,NXJ,https://quote.eastmoney.com/us/NXJ.html
NuveenNewYorkDividendAdvant,NXK,https://quote.eastmoney.com/us/NXK.html
NUVEENPADIVADVMUNIFD,NXM,https://quote.eastmoney.com/us/NXM.html
NuveenNySelTax-FreeInc,NXN,https://quote.eastmoney.com/us/NXN.html
NuveenSelectTax-FreeInc,NXP,https://quote.eastmoney.com/us/NXP.html
恩智浦半导体,NXPI,https://quote.eastmoney.com/us/NXPI.html
NuveenElectTax-FreeInc2,NXQ,https://quote.eastmoney.com/us/NXQ.html
NuveenElectTax-FreeInc3,NXR,https://quote.eastmoney.com/us/NXR.html
NexPointResidentialTrustInc,NXRT,https://quote.eastmoney.com/us/NXRT.html
NEXSAN,NXSN,https://quote.eastmoney.com/us/NXSN.html
NexstarMediaGroupInc-A,NXST,https://quote.eastmoney.com/us/NXST.html
NextCureInc,NXTC,https://quote.eastmoney.com/us/NXTC.html
Nxt-IDInc,NXTD,https://quote.eastmoney.com/us/NXTD.html
Nxt-IDIncWt,NXTDW,https://quote.eastmoney.com/us/NXTDW.html
FirstTrustIndxxNextGETF,NXTG,https://quote.eastmoney.com/us/NXTG.html
NxStageMedicalInc,NXTM,https://quote.eastmoney.com/us/NXTM.html
NEXENINC,NXY,https://quote.eastmoney.com/us/NXY.html
NuveenDividendAdvantageMunic,NXZ,https://quote.eastmoney.com/us/NXZ.html
纽约社区银行,NYCB,https://quote.eastmoney.com/us/NYCB.html
NewYorkCommunityBancorp,NYCB_A,https://quote.eastmoney.com/us/NYCB_A.html
NewYorkCommunityCapitalTrus,NYCB_U,https://quote.eastmoney.com/us/NYCB_U.html
PowerSharesNyseCenturyPortfo,NYCC,https://quote.eastmoney.com/us/NYCC.html
iSharesNewYorkAMT-FreeMuni,NYF,https://quote.eastmoney.com/us/NYF.html
EatonVanceNewYorkMunicipal,NYH,https://quote.eastmoney.com/us/NYH.html
NRGYieldInc-C,NYLD,https://quote.eastmoney.com/us/NYLD.html
NRGYieldInc-A,NYLD_A,https://quote.eastmoney.com/us/NYLD_A.html
纽约抵押信托,NYMT,https://quote.eastmoney.com/us/NYMT.html
NewYorkMortgageTrustIncSer,NYMTN,https://quote.eastmoney.com/us/NYMTN.html
NewYorkMortgageTrustInc,NYMTO,https://quote.eastmoney.com/us/NYMTO.html
NewYorkMortgageTrustInc,NYMTP,https://quote.eastmoney.com/us/NYMTP.html
NymoxPharmaceuticalCorp,NYMX,https://quote.eastmoney.com/us/NYMX.html
EmpireResortsInc,NYNY,https://quote.eastmoney.com/us/NYNY.html
EmpireResortsInc,NYNYR,https://quote.eastmoney.com/us/NYNYR.html
NewYorkREITInc,NYRT,https://quote.eastmoney.com/us/NYRT.html
纽约时报,NYT,https://quote.eastmoney.com/us/NYT.html
NuveenNewYorkMunicipalValue,NYV,https://quote.eastmoney.com/us/NYV.html
NuveenNewYorkMunicipalValue,NYV_NYSE,https://quote.eastmoney.com/us/NYV_NYSE.html
纽约泛欧交易所,NYX,https://quote.eastmoney.com/us/NYX.html
NuveenDividendAdvantageMunic,NZF,https://quote.eastmoney.com/us/NZF.html
NuveenCaliforniaDividendAdva,NZH,https://quote.eastmoney.com/us/NZH.html
REALTYINCOME,O,https://quote.eastmoney.com/us/O.html
RealtyIncomeCorporation,O_F,https://quote.eastmoney.com/us/O_F.html
RealtyIncomeCorporation,O_F_CL,https://quote.eastmoney.com/us/O_F_CL.html
OrbitalATKInc,OA,https://quote.eastmoney.com/us/OA.html
OMNIAMERICANBANCORP,OABC,https://quote.eastmoney.com/us/OABC.html
OaktreeAcquisitionCorp-A,OAC,https://quote.eastmoney.com/us/OAC.html
OaktreeAcquisitionCorpUnitconsof1CLA+1/3,OAC_U,https://quote.eastmoney.com/us/OAC_U.html
OaktreeAcquisitionCorpWt,OAC_WS,https://quote.eastmoney.com/us/OAC_WS.html
OrigoAcquisitionCorp,OACQ,https://quote.eastmoney.com/us/OACQ.html
OrigoAcquisitionCorporation,OACQR,https://quote.eastmoney.com/us/OACQR.html
OrigoAcquisitionCorpUnitConsof1Sh+1Wt+,OACQU,https://quote.eastmoney.com/us/OACQU.html
OrigoAcquisitionCorpWt,OACQW,https://quote.eastmoney.com/us/OACQW.html
OAKTREECAPITALGROUP,OAK,https://quote.eastmoney.com/us/OAK.html
OaktreeCapitalGroupLLCSerie,OAK_A,https://quote.eastmoney.com/us/OAK_A.html
OaktreeCapitalGroupLLCSerie,OAK_B,https://quote.eastmoney.com/us/OAK_B.html
HuntCompaniesFinanceTrustInc,OAKS,https://quote.eastmoney.com/us/OAKS.html
HuntCompaniesFinanceTrustInc,OAKS_A,https://quote.eastmoney.com/us/OAKS_A.html
O'SharesFTSEAsiaPacificQual,OAPH,https://quote.eastmoney.com/us/OAPH.html
OASISPETROLEUMINC,OAS,https://quote.eastmoney.com/us/OAS.html
O'SharesFTSEAsiaPacificQual,OASI,https://quote.eastmoney.com/us/OASI.html
OasmiaPharmaceuticalABADR,OASM,https://quote.eastmoney.com/us/OASM.html
ONEBEACONINSURANCEGROUP-A,OB,https://quote.eastmoney.com/us/OB.html
OBAFINANCIALSERVICES,OBAF,https://quote.eastmoney.com/us/OBAF.html
阿贝斯,OBAS,https://quote.eastmoney.com/us/OBAS.html
OceanBio-ChemInc,OBCI,https://quote.eastmoney.com/us/OBCI.html
ObsidianEnergyLtd,OBE,https://quote.eastmoney.com/us/OBE.html
ObalonTherapeuticsInc,OBLN,https://quote.eastmoney.com/us/OBLN.html
OriginBancorpInc,OBNK,https://quote.eastmoney.com/us/OBNK.html
KraneSharesMSCIOneBeltOneR,OBOR,https://quote.eastmoney.com/us/OBOR.html
O'SharesQualityRoboticsandA,OBOT,https://quote.eastmoney.com/us/OBOT.html
ObsEvaSA,OBSV,https://quote.eastmoney.com/us/OBSV.html
OWENSCORNING,OC,https://quote.eastmoney.com/us/OC.html
OCATATHERAPEUTICSInc,OCAT,https://quote.eastmoney.com/us/OCAT.html
OPTICALCABLECORPORATION,OCC,https://quote.eastmoney.com/us/OCC.html
OFSCreditCoInc,OCCI,https://quote.eastmoney.com/us/OCCI.html
OFSCreditCompanyIncSeriesA,OCCIP,https://quote.eastmoney.com/us/OCCIP.html
OceanFirstFinancialCorp,OCFC,https://quote.eastmoney.com/us/OCFC.html
ClearSharesOCIOETF,OCIO,https://quote.eastmoney.com/us/OCIO.html
OCIPartnersLP,OCIP,https://quote.eastmoney.com/us/OCIP.html
OCIRESOURCES,OCIR,https://quote.eastmoney.com/us/OCIR.html
OclaroInc,OCLR,https://quote.eastmoney.com/us/OCLR.html
OCULUSINNOVATIVESCIENCESI,OCLS,https://quote.eastmoney.com/us/OCLS.html
OCULUSINNOVATIVESCIENCESInc,OCLSW,https://quote.eastmoney.com/us/OCLSW.html
OCWENFINANCIALCORP,OCN,https://quote.eastmoney.com/us/OCN.html
OMNICARE,OCR,https://quote.eastmoney.com/us/OCR.html
OmnicareCapitalTrustI(Piers,OCR_A,https://quote.eastmoney.com/us/OCR_A.html
OminicareCapTrIISerB4.00%,OCR_B,https://quote.eastmoney.com/us/OCR_B.html
OceraTherapeuticsInc,OCRX,https://quote.eastmoney.com/us/OCRX.html
OaktreeStrategicIncomeCorp,OCSI,https://quote.eastmoney.com/us/OCSI.html
OaktreeSpecialtyLendingCorp,OCSL,https://quote.eastmoney.com/us/OCSL.html
OaktreeSpecialtyLendingCorporation6.125%,OCSLL,https://quote.eastmoney.com/us/OCSLL.html
OcularTherapeutixInc,OCUL,https://quote.eastmoney.com/us/OCUL.html
OncoCyteCorp,OCX,https://quote.eastmoney.com/us/OCX.html
OCZTECHNOLOGYGROUP,OCZTQ,https://quote.eastmoney.com/us/OCZTQ.html
OIL-DRICORPOFAMERICA,ODC,https://quote.eastmoney.com/us/ODC.html
OldDominionFreightLineInc,ODFL,https://quote.eastmoney.com/us/ODFL.html
欧迪办公,ODP,https://quote.eastmoney.com/us/ODP.html
OdonateTherapeuticsInc,ODT,https://quote.eastmoney.com/us/ODT.html
OrionEngineeredCarbonsSA,OEC,https://quote.eastmoney.com/us/OEC.html
iSharesS&P100ETF,OEF,https://quote.eastmoney.com/us/OEF.html
ORIENTEXPRESSHOTELSLTD-A,OEH,https://quote.eastmoney.com/us/OEH.html
OrionEnergySystemsInc,OESX,https://quote.eastmoney.com/us/OESX.html
O'SharesFTSEEuropeQualityDi,OEUH,https://quote.eastmoney.com/us/OEUH.html
O'SharesFTSEEuropeQualityDi,OEUR,https://quote.eastmoney.com/us/OEUR.html
GuggenheimETFTrustETF,OEW,https://quote.eastmoney.com/us/OEW.html
CORPORATEOFFICEPROPERTIESTRUST,OFC,https://quote.eastmoney.com/us/OFC.html
CorporateOfficePptysTrustPf,OFC_L,https://quote.eastmoney.com/us/OFC_L.html
CorporateOfficePropertiesTru,OFC_L_CL,https://quote.eastmoney.com/us/OFC_L_CL.html
OconeeFederalFinancialCorp,OFED,https://quote.eastmoney.com/us/OFED.html
ORIENTALFINANCIALGROUP,OFG,https://quote.eastmoney.com/us/OFG.html
OfgBancorp,OFG_A,https://quote.eastmoney.com/us/OFG_A.html
OfgBancorp,OFG_B,https://quote.eastmoney.com/us/OFG_B.html
OfgBancorp,OFG_D,https://quote.eastmoney.com/us/OFG_D.html
OVERHILLFARMSINC,OFI,https://quote.eastmoney.com/us/OFI.html
OrthofixMedicalInc,OFIX,https://quote.eastmoney.com/us/OFIX.html
欧美佳福莱克斯,OFLX,https://quote.eastmoney.com/us/OFLX.html
OFSCAPITALCORP,OFS,https://quote.eastmoney.com/us/OFS.html
OFSCapitalCorpNotes,OFSSL,https://quote.eastmoney.com/us/OFSSL.html
OFSCapitalCorpNotes,OFSSZ,https://quote.eastmoney.com/us/OFSSZ.html
EmpireStateRealtyOpLPSeries60,OGCP,https://quote.eastmoney.com/us/OGCP.html
OGEENERGY,OGE,https://quote.eastmoney.com/us/OGE.html
OragenicsInc,OGEN,https://quote.eastmoney.com/us/OGEN.html
OrganigramHoldingsInc,OGI,https://quote.eastmoney.com/us/OGI.html
O'SharesGlobalInternetGiants,OGIG,https://quote.eastmoney.com/us/OGIG.html
O'SharesU.S.LargeCapQuality,OGRO,https://quote.eastmoney.com/us/OGRO.html
O'SharesU.S.SmallCapQuality,OGRS,https://quote.eastmoney.com/us/OGRS.html
ONEGasInc,OGS,https://quote.eastmoney.com/us/OGS.html
OncoGenexPharmaceuticalsInc,OGXI,https://quote.eastmoney.com/us/OGXI.html
OHAInvestmentCorp,OHAI,https://quote.eastmoney.com/us/OHAI.html
OneHorizonGroupInc,OHGI,https://quote.eastmoney.com/us/OHGI.html
OMEGAHEALTHCAREINVESTORSINC,OHI,https://quote.eastmoney.com/us/OHI.html
OhrPharmaceuticalInc,OHRP,https://quote.eastmoney.com/us/OHRP.html
欧文斯伊利诺斯,OI,https://quote.eastmoney.com/us/OI.html
InvescoMunicipalIncomeOpport,OIA,https://quote.eastmoney.com/us/OIA.html
巴西电信/ADR,OIBR,https://quote.eastmoney.com/us/OIBR.html
OIS.A.,C,https://quote.eastmoney.com/us/OIBR/C.html
OISAADR,OIBR_C,https://quote.eastmoney.com/us/OIBR_C.html
OiSAADSRt,OIBRR,https://quote.eastmoney.com/us/OIBRR.html
OISARtWI,OIBRRW,https://quote.eastmoney.com/us/OIBRRW.html
MarketVectorsOilServicesETF,OIH,https://quote.eastmoney.com/us/OIH.html
OCEANEERINGINTERNATIONAL,OII,https://quote.eastmoney.com/us/OII.html
CreditSuisseGroup,OIIL,https://quote.eastmoney.com/us/OIIL.html
凹凸科技,OIIM,https://quote.eastmoney.com/us/OIIM.html
BarclaysBankPLCiPathExchang,OIL,https://quote.eastmoney.com/us/OIL.html
iPathSeriesBS&PGSCICrudeO,OILB,https://quote.eastmoney.com/us/OILB.html
AccusharesS&PGsciCrudeOilE,OILD,https://quote.eastmoney.com/us/OILD.html
PROSHARESTRUSTK1FREECRUDEO,OILK,https://quote.eastmoney.com/us/OILK.html
OILTANKINGPARTNERS,OILT,https://quote.eastmoney.com/us/OILT.html
AccusharesS&PGsciCrudeOilE,OILU,https://quote.eastmoney.com/us/OILU.html
UBSAG,OILX,https://quote.eastmoney.com/us/OILX.html
丰泽农牧,OINK,https://quote.eastmoney.com/us/OINK.html
OILSTATES,OIS,https://quote.eastmoney.com/us/OIS.html
OpusInternationalSmall/MidCa,OISC,https://quote.eastmoney.com/us/OISC.html
EatonVanceOaktreeDiversified,OKDCC,https://quote.eastmoney.com/us/OKDCC.html
ONEOK,OKE,https://quote.eastmoney.com/us/OKE.html
ONEOKPARTNERSLP,OKS,https://quote.eastmoney.com/us/OKS.html
SouthwestBancorpInc,OKSB,https://quote.eastmoney.com/us/OKSB.html
SOUTHWESTBANCORPINC,OKSBP,https://quote.eastmoney.com/us/OKSBP.html
OktaInc-A,OKTA,https://quote.eastmoney.com/us/OKTA.html
OldLineBancsharesInc,OLBK,https://quote.eastmoney.com/us/OLBK.html
OHIOLEGACYCORP,OLCB,https://quote.eastmoney.com/us/OLCB.html
TheLong-TermCareETF,OLD,https://quote.eastmoney.com/us/OLD.html
UniversalDisplayCorp,OLED,https://quote.eastmoney.com/us/OLED.html
iPathPureBetaCrudeOilETN,OLEM,https://quote.eastmoney.com/us/OLEM.html
Ollie'sBargainOutletHoldingsInc,OLLI,https://quote.eastmoney.com/us/OLLI.html
OLINCORP,OLN,https://quote.eastmoney.com/us/OLN.html
DBCrudeOilLongExchangeTrad,OLO,https://quote.eastmoney.com/us/OLO.html
ONELIBERTYPROPERTIESINC,OLP,https://quote.eastmoney.com/us/OLP.html
OMAssetManagementplc,OMAA,https://quote.eastmoney.com/us/OMAA.html
北方中心机场,OMAB,https://quote.eastmoney.com/us/OMAB.html
OneMadisonCorp-A,OMAD,https://quote.eastmoney.com/us/OMAD.html
OneMadisonCorpUnitConsof1CLA+0.5Wts,OMAD_U,https://quote.eastmoney.com/us/OMAD_U.html
OneMadisonCorpWt,OMAD_WS,https://quote.eastmoney.com/us/OMAD_WS.html
OMAssetManagementplc,OMAM,https://quote.eastmoney.com/us/OMAM.html
奥姆尼康,OMC,https://quote.eastmoney.com/us/OMC.html
OmnicellInc,OMCL,https://quote.eastmoney.com/us/OMCL.html
OMEGAPROTEINCORP,OME,https://quote.eastmoney.com/us/OME.html
OncoMedPharmaceuticalsInc,OMED,https://quote.eastmoney.com/us/OMED.html
奥麦罗制药,OMER,https://quote.eastmoney.com/us/OMER.html
奥德赛海洋勘探,OMEX,https://quote.eastmoney.com/us/OMEX.html
OneMainHoldingsInc,OMF,https://quote.eastmoney.com/us/OMF.html
OppenheimerRussell1000Dynami,OMFL,https://quote.eastmoney.com/us/OMFL.html
OppenheimerRussell2000Dynami,OMFS,https://quote.eastmoney.com/us/OMFS.html
OMGROUPINC,OMG,https://quote.eastmoney.com/us/OMG.html
OWENS&MINORINC,OMI,https://quote.eastmoney.com/us/OMI.html
OMNOVASOLUTIONSINC,OMN,https://quote.eastmoney.com/us/OMN.html
OmintoInc,OMNT,https://quote.eastmoney.com/us/OMNT.html
OppenheimerRussell1000Moment,OMOM,https://quote.eastmoney.com/us/OMOM.html
OasisMidstreamPartnersLP,OMP,https://quote.eastmoney.com/us/OMP.html
OBAGIMEDICALPRODUCTSINC,OMPI,https://quote.eastmoney.com/us/OMPI.html
OFFICEMAXINC,OMX,https://quote.eastmoney.com/us/OMX.html
安森美半导体,ON,https://quote.eastmoney.com/us/ON.html
OLDNATLBANCORP,ONB,https://quote.eastmoney.com/us/ONB.html
SparkTherapeuticsInc,ONCE,https://quote.eastmoney.com/us/ONCE.html
OncoSecMedicalInc,ONCS,https://quote.eastmoney.com/us/ONCS.html
OncternalTherapeuticsInc,ONCT,https://quote.eastmoney.com/us/ONCT.html
OncolyticsBiotechInc,ONCY,https://quote.eastmoney.com/us/ONCY.html
OnDeckCapitalInc,ONDK,https://quote.eastmoney.com/us/ONDK.html
HIGHERONEHOLDINGS,ONE,https://quote.eastmoney.com/us/ONE.html
SPDRRussell1000ETF,ONEK,https://quote.eastmoney.com/us/ONEK.html
SPDRRussell1000MomentumFocu,ONEO,https://quote.eastmoney.com/us/ONEO.html
FidelityNasdaqCompositeIndex,ONEQ,https://quote.eastmoney.com/us/ONEQ.html
SPDRRussell1000LowVolatilit,ONEV,https://quote.eastmoney.com/us/ONEV.html
SPDRRussell1000YieldFocusE,ONEY,https://quote.eastmoney.com/us/ONEY.html
ONEIDAFINANCIALCORP,ONFC,https://quote.eastmoney.com/us/ONFC.html
iPathPureBetaEnergyETN,ONG,https://quote.eastmoney.com/us/ONG.html
ProSharesOnlineRetailETF,ONLN,https://quote.eastmoney.com/us/ONLN.html
ONSEMICONDUCTOR,ONNN,https://quote.eastmoney.com/us/ONNN.html
东方纸业,ONP,https://quote.eastmoney.com/us/ONP.html
OncobiologicsInc,ONS,https://quote.eastmoney.com/us/ONS.html
ONCOBIOLOGICSIncUNIT,ONSIU,https://quote.eastmoney.com/us/ONSIU.html
OncobiologicsIncSeriesAWt,ONSIW,https://quote.eastmoney.com/us/ONSIW.html
OncobiologicsIncSeriesBWt,ONSIZ,https://quote.eastmoney.com/us/ONSIZ.html
ONSTREAMMEDIACORP,ONSM,https://quote.eastmoney.com/us/ONSM.html
OSIETFTrust,ONTL,https://quote.eastmoney.com/us/ONTL.html
OnconovaTherapeuticsInc,ONTX,https://quote.eastmoney.com/us/ONTX.html
OnconovaTherapeuticsIncWt,ONTXW,https://quote.eastmoney.com/us/ONTXW.html
赛瑞恩肿瘤药剂,ONTY,https://quote.eastmoney.com/us/ONTY.html
恩维亚策略,ONVI,https://quote.eastmoney.com/us/ONVI.html
OrganovoHoldingsInc,ONVO,https://quote.eastmoney.com/us/ONVO.html
OrganovoHoldings,ONVO_NASDAQ,https://quote.eastmoney.com/us/ONVO_NASDAQ.html
ONYX,ONXX,https://quote.eastmoney.com/us/ONXX.html
OomaInc,OOMA,https://quote.eastmoney.com/us/OOMA.html
OFFICIALPAYMENTSHOLDINGSINC,OPAY,https://quote.eastmoney.com/us/OPAY.html
OpusBank,OPB,https://quote.eastmoney.com/us/OPB.html
OPBancorp,OPBK,https://quote.eastmoney.com/us/OPBK.html
GuggenheimLargeCapOptimized,OPD,https://quote.eastmoney.com/us/OPD.html
OPENTABLEINC,OPEN,https://quote.eastmoney.com/us/OPEN.html
ClearSharesUltra-ShortMaturit,OPER,https://quote.eastmoney.com/us/OPER.html
OpesAcquisitionCorp,OPES,https://quote.eastmoney.com/us/OPES.html
OpesAcquisitionCorpUnitConsof1Sh+1Wt,OPESU,https://quote.eastmoney.com/us/OPESU.html
OpesAcquisitionCorpWt,OPESW,https://quote.eastmoney.com/us/OPESW.html
OpGenInc,OPGN,https://quote.eastmoney.com/us/OPGN.html
OpGenIncWt,OPGNW,https://quote.eastmoney.com/us/OPGNW.html
OptimumBankHoldingsInc,OPHC,https://quote.eastmoney.com/us/OPHC.html
OphthotechCorp,OPHT,https://quote.eastmoney.com/us/OPHT.html
