name_cn,name_en,url
有线电视系统,CVC,https://quote.eastmoney.com/us/CVC.html
卡寇工业,CVCO,https://quote.eastmoney.com/us/CVCO.html
中央谷地,CVCY,https://quote.eastmoney.com/us/CVCY.html
COVANCE,CVD,https://quote.eastmoney.com/us/CVD.html
CENOVUSENERGYINC,CVE,https://quote.eastmoney.com/us/CVE.html
CiveoCorp,CVEO,https://quote.eastmoney.com/us/CVEO.html
CovetrusInc,CVET,https://quote.eastmoney.com/us/CVET.html
CovetrusIncWI,CVETV,https://quote.eastmoney.com/us/CVETV.html
CONVERGYSCORP,CVG,https://quote.eastmoney.com/us/CVG.html
商用汽车,CVGI,https://quote.eastmoney.com/us/CVGI.html
卡拉沃养殖,CVGW,https://quote.eastmoney.com/us/CVGW.html
COVENTRYHEALTHCARE,CVH,https://quote.eastmoney.com/us/CVH.html
CVRENERGYINC,CVI,https://quote.eastmoney.com/us/CVI.html
CoviaHoldingsCorp,CVIA,https://quote.eastmoney.com/us/CVIA.html
康沃系统,CVLT,https://quote.eastmoney.com/us/CVLT.html
CodorusValleyBancorpInc,CVLY,https://quote.eastmoney.com/us/CVLY.html
CEL-SCICORP,CVM,https://quote.eastmoney.com/us/CVM.html
CarvanaCo-A,CVNA,https://quote.eastmoney.com/us/CVNA.html
CENVEOINC,CVO,https://quote.eastmoney.com/us/CVO.html
C-TracksExchangeTradedNotes,CVOL,https://quote.eastmoney.com/us/CVOL.html
ConvergeOneHoldingsInc-A,CVON,https://quote.eastmoney.com/us/CVON.html
ConvergeOneHoldingsIncWt,CVONW,https://quote.eastmoney.com/us/CVONW.html
CHICAGORIVET&MACHINECO,CVR,https://quote.eastmoney.com/us/CVR.html
CVRRefiningLP,CVRR,https://quote.eastmoney.com/us/CVRR.html
CorindusVascularRoboticsInc,CVRS,https://quote.eastmoney.com/us/CVRS.html
CVSCAREMARK,CVS,https://quote.eastmoney.com/us/CVS.html
CVSLInc,CVSL,https://quote.eastmoney.com/us/CVSL.html
CVENT,CVT,https://quote.eastmoney.com/us/CVT.html
契诺货运,CVTI,https://quote.eastmoney.com/us/CVTI.html
CivitasTherapeuticsInc,CVTS,https://quote.eastmoney.com/us/CVTS.html
CPIAEROSTRUCTURESINC,CVU,https://quote.eastmoney.com/us/CVU.html
CVDEQUIPMENTCORP,CVV,https://quote.eastmoney.com/us/CVV.html
雪佛龙,CVX,https://quote.eastmoney.com/us/CVX.html
GuggenheimMulti-AssetIncomeE,CVY,https://quote.eastmoney.com/us/CVY.html
CURTISS-WRIGHTCORP,CW,https://quote.eastmoney.com/us/CW.html
StrongVestETFTrust,CWAI,https://quote.eastmoney.com/us/CWAI.html
CoastwayBancorpInc,CWAY,https://quote.eastmoney.com/us/CWAY.html
SPDRBarclaysConvertibleSecur,CWB,https://quote.eastmoney.com/us/CWB.html
西部社区银行,CWBC,https://quote.eastmoney.com/us/CWBC.html
CohBarInc,CWBR,https://quote.eastmoney.com/us/CWBR.html
ConsolidatedWaterCoLtd-A,CWCO,https://quote.eastmoney.com/us/CWCO.html
DirexionDailyCSIChinaIntern,CWEB,https://quote.eastmoney.com/us/CWEB.html
克莱顿威廉斯能源,CWEI,https://quote.eastmoney.com/us/CWEI.html
ClearwayEnergyInc-C,CWEN,https://quote.eastmoney.com/us/CWEN.html
CampingWorldHoldingsInc-A,CWH,https://quote.eastmoney.com/us/CWH.html
SPDRMSCIACWIex-USETF,CWI,https://quote.eastmoney.com/us/CWI.html
Cushman&Wakefieldplc,CWK,https://quote.eastmoney.com/us/CWK.html
AdvisorSharesFocusedEquityET,CWS,https://quote.eastmoney.com/us/CWS.html
CasellaWasteSystemsInc-A,CWST,https://quote.eastmoney.com/us/CWST.html
CALIFORNIAWATERSERVICEGRP,CWT,https://quote.eastmoney.com/us/CWT.html
COLDWATERCREEKINC,CWTRQ,https://quote.eastmoney.com/us/CWTRQ.html
LEHMANABSCORPBKDTRUSTCERTS,CWZ,https://quote.eastmoney.com/us/CWZ.html
CEMEXSAB-SPONSADRPARTCER,CX,https://quote.eastmoney.com/us/CX.html
SPDRNuveenBarclaysCalifornia,CXA,https://quote.eastmoney.com/us/CXA.html
鑫达集团,CXDC,https://quote.eastmoney.com/us/CXDC.html
MfsHighIncomeMunicipalTrust,CXE,https://quote.eastmoney.com/us/CXE.html
MfsInvestmentGradeMunicipal,CXH,https://quote.eastmoney.com/us/CXH.html
CARDIUMTHERAPEUTICSINC,CXM,https://quote.eastmoney.com/us/CXM.html
康丘资源,CXO,https://quote.eastmoney.com/us/CXO.html
ColumbiaPropertyTrustInc,CXP,https://quote.eastmoney.com/us/CXP.html
CRIMSONEXPLORATION,CXPO,https://quote.eastmoney.com/us/CXPO.html
ConcordiaInternationalCorp,CXRX,https://quote.eastmoney.com/us/CXRX.html
CREXUSINVESTMENTCORP,CXS,https://quote.eastmoney.com/us/CXS.html
WisdomTreeChinaex-State-Owned,CXSE,https://quote.eastmoney.com/us/CXSE.html
CCA,CXW,https://quote.eastmoney.com/us/CXW.html
CROSSHAIREXPLORATION&,CXZ,https://quote.eastmoney.com/us/CXZ.html
CYPRESS,CY,https://quote.eastmoney.com/us/CY.html
CelyadSAADR,CYAD,https://quote.eastmoney.com/us/CYAD.html
赛安诺科技,CYAN,https://quote.eastmoney.com/us/CYAN.html
WisdomTreeChineseYuanStrateg,CYB,https://quote.eastmoney.com/us/CYB.html
数码光学科技,CYBE,https://quote.eastmoney.com/us/CYBE.html
CyberArkSoftwareLtd,CYBR,https://quote.eastmoney.com/us/CYBR.html
CYBERONICSINC,CYBX,https://quote.eastmoney.com/us/CYBX.html
CyclacelPharmaceuticalsInc,CYCC,https://quote.eastmoney.com/us/CYCC.html
CYCLACELPHARMACEUTICALSINC,CYCCP,https://quote.eastmoney.com/us/CYCCP.html
CyclerionTherapeuticsInc,CYCN,https://quote.eastmoney.com/us/CYCN.html
CyclerionTherapeuticsIncWI,CYCNV,https://quote.eastmoney.com/us/CYCNV.html
玉柴国际,CYD,https://quote.eastmoney.com/us/CYD.html
COMMUNITYHEALTHSYSTEMS,CYH,https://quote.eastmoney.com/us/CYH.html
CommunityHealthSystemsIncSe,CYHHZ,https://quote.eastmoney.com/us/CYHHZ.html
CYMERINC,CYMI,https://quote.eastmoney.com/us/CYMI.html
CITYNATIONAL,CYN,https://quote.eastmoney.com/us/CYN.html
CynapsusTherapeuticsInc.,CYNA,https://quote.eastmoney.com/us/CYNA.html
CYANINC,CYNI,https://quote.eastmoney.com/us/CYNI.html
CYNOSUREINC-CLASSA,CYNO,https://quote.eastmoney.com/us/CYNO.html
畅游,CYOU,https://quote.eastmoney.com/us/CYOU.html
CyrenLtd,CYRN,https://quote.eastmoney.com/us/CYRN.html
CryoportInc,CYRX,https://quote.eastmoney.com/us/CYRX.html
CryoportIncWt,CYRXW,https://quote.eastmoney.com/us/CYRXW.html
CYPRESSSHARPRIDGEINVESTMENTSINC,CYS,https://quote.eastmoney.com/us/CYS.html
CYTECINDUSTRIES,CYT,https://quote.eastmoney.com/us/CYT.html
CytokineticsInc,CYTK,https://quote.eastmoney.com/us/CYTK.html
赛特科科技,CYTR,https://quote.eastmoney.com/us/CYTR.html
赛托瑞医疗,CYTX,https://quote.eastmoney.com/us/CYTX.html
CytoriTherapeuticsIncWt,CYTXW,https://quote.eastmoney.com/us/CYTXW.html
CytoriTherapeuticsIncRt,CYTXZ,https://quote.eastmoney.com/us/CYTXZ.html
GuggenheimMid-CapCoreETF,CZA,https://quote.eastmoney.com/us/CZA.html
第一民众,CZFC,https://quote.eastmoney.com/us/CZFC.html
市民北方,CZNC,https://quote.eastmoney.com/us/CZNC.html
CAESARSENTERTAINMENT,CZR,https://quote.eastmoney.com/us/CZR.html
CitizensCommunityBancorpInc,CZWI,https://quote.eastmoney.com/us/CZWI.html
COSANLTD-CLASSA,CZZ,https://quote.eastmoney.com/us/CZZ.html
道明尼资源,D,https://quote.eastmoney.com/us/D.html
DANAOSCORP,DAC,https://quote.eastmoney.com/us/DAC.html
DAEGIS,DAEG,https://quote.eastmoney.com/us/DAEG.html
DBAgricultureDoubleLongETN,DAG,https://quote.eastmoney.com/us/DAG.html
DataI/OCorp,DAIO,https://quote.eastmoney.com/us/DAIO.html
DAKOTAPLAINSHOLDINGSInc,DAKP,https://quote.eastmoney.com/us/DAKP.html
达科电子,DAKT,https://quote.eastmoney.com/us/DAKT.html
达美航空,DAL,https://quote.eastmoney.com/us/DAL.html
FirstTrustDorseyWrightDALI,DALI,https://quote.eastmoney.com/us/DALI.html
AnfieldCapitalDiversifiedAlt,DALT,https://quote.eastmoney.com/us/DALT.html
DANAHOLDINGCORP,DAN,https://quote.eastmoney.com/us/DAN.html
当当网,DANG,https://quote.eastmoney.com/us/DANG.html
DARLINGINTERNATIONALINC,DAR,https://quote.eastmoney.com/us/DAR.html
DARABIOSCIENCESINC,DARA,https://quote.eastmoney.com/us/DARA.html
DareBioscienceInc,DARE,https://quote.eastmoney.com/us/DARE.html
TableauSoftwareInc-A,DATA,https://quote.eastmoney.com/us/DATA.html
世纪佳缘,DATE,https://quote.eastmoney.com/us/DATE.html
ETNslinkedtotheVelocityShar,DAUD,https://quote.eastmoney.com/us/DAUD.html
EndavaplcADR,DAVA,https://quote.eastmoney.com/us/DAVA.html
FamousDave’sofAmericaInc,DAVE,https://quote.eastmoney.com/us/DAVE.html
ReconCapitalDaxGermany,DAX,https://quote.eastmoney.com/us/DAX.html
DEUTSCHEBANKAG-REGISTERED,DB,https://quote.eastmoney.com/us/DB.html
PowerSharesDBAgriculturalFun,DBA,https://quote.eastmoney.com/us/DBA.html
DeutscheX-TrackersMSCIAcAsi,DBAP,https://quote.eastmoney.com/us/DBAP.html
DeutscheX-trackersMSCIAustra,DBAU,https://quote.eastmoney.com/us/DBAU.html
DeutscheX-TrackersMSCIAllWo,DBAW,https://quote.eastmoney.com/us/DBAW.html
PowerSharesDBBaseMetalsFund,DBB,https://quote.eastmoney.com/us/DBB.html
DeutscheX-TrackersMSCIBrazil,DBBR,https://quote.eastmoney.com/us/DBBR.html
PowerSharesDBCommodityIndex,DBC,https://quote.eastmoney.com/us/DBC.html
DIEBOLD,DBD,https://quote.eastmoney.com/us/DBD.html
PowerSharesDBEnergyFund,DBE,https://quote.eastmoney.com/us/DBE.html
DeutscheX-TrackersMSCIEafeH,DBEF,https://quote.eastmoney.com/us/DBEF.html
DeutscheX-TrackersMSCIEmergi,DBEM,https://quote.eastmoney.com/us/DBEM.html
DeutscheX-trackersMSCIEAFES,DBES,https://quote.eastmoney.com/us/DBES.html
DeutscheX-TrackersMSCIEurope,DBEU,https://quote.eastmoney.com/us/DBEU.html
DeutscheX-TrackersMSCIEmuHe,DBEZ,https://quote.eastmoney.com/us/DBEZ.html
DeutscheX-TrackersMSCIGerman,DBGR,https://quote.eastmoney.com/us/DBGR.html
DesignerBrandsInc-A,DBI,https://quote.eastmoney.com/us/DBI.html
DeutscheX-TrackersS&PHedged,DBIF,https://quote.eastmoney.com/us/DBIF.html
DeutscheX-trackersMSCIItaly,DBIT,https://quote.eastmoney.com/us/DBIT.html
AdvisorSharesPringTurnerBusi,DBIZ,https://quote.eastmoney.com/us/DBIZ.html
DeutscheX-TrackersMSCIJapan,DBJP,https://quote.eastmoney.com/us/DBJP.html
DeutscheX-TrackersMSCISouth,DBKO,https://quote.eastmoney.com/us/DBKO.html
DoublelineOpportunisticCredit,DBL,https://quote.eastmoney.com/us/DBL.html
AdvisorSharesDoubleLineValue,DBLV,https://quote.eastmoney.com/us/DBLV.html
iMDBiManagedFuturesStrategy,DBMF,https://quote.eastmoney.com/us/DBMF.html
DeutscheX-TrackersMSCIMexico,DBMX,https://quote.eastmoney.com/us/DBMX.html
PowerSharesDBOilFund,DBO,https://quote.eastmoney.com/us/DBO.html
PowerSharesDBPreciousMetals,DBP,https://quote.eastmoney.com/us/DBP.html
DeutscheX-TrackersDowJonesH,DBRE,https://quote.eastmoney.com/us/DBRE.html
PowerSharesDBSilverFund,DBS,https://quote.eastmoney.com/us/DBS.html
DeutscheX-trackersMSCISouthe,DBSE,https://quote.eastmoney.com/us/DBSE.html
DeutscheX-trackersMSCISpain,DBSP,https://quote.eastmoney.com/us/DBSP.html
WisdomTreeGlobalex-USUtility,DBU,https://quote.eastmoney.com/us/DBU.html
DeutscheX-TrackersMSCIUnited,DBUK,https://quote.eastmoney.com/us/DBUK.html
PowerSharesDBG10CurrencyHar,DBV,https://quote.eastmoney.com/us/DBV.html
DBVTechnologiesSAADR,DBVT,https://quote.eastmoney.com/us/DBVT.html
DropboxInc-A,DBX,https://quote.eastmoney.com/us/DBX.html
VirtusTotalReturnFund,DCA,https://quote.eastmoney.com/us/DCA.html
DropCarInc,DCAR,https://quote.eastmoney.com/us/DCAR.html
DEUTSCHEBANKCAPITALFUNDINGTRUSTX,DCE,https://quote.eastmoney.com/us/DCE.html
DIGICELGROUPLTD,DCEL,https://quote.eastmoney.com/us/DCEL.html
DreyfusAlcentraGlobalCredit,DCF,https://quote.eastmoney.com/us/DCF.html
ETNslinkedtotheVelocityShar,DCHF,https://quote.eastmoney.com/us/DCHF.html
唐纳森,DCI,https://quote.eastmoney.com/us/DCI.html
DIGITALCINEMADESTINATIONS,DCIN,https://quote.eastmoney.com/us/DCIN.html
PerformanceShippingInc,DCIX,https://quote.eastmoney.com/us/DCIX.html
NTTDOCOMOINC-SPONADR,DCM,https://quote.eastmoney.com/us/DCM.html
iPathSeasonalNaturalGasETN,DCNG,https://quote.eastmoney.com/us/DCNG.html
DUCOMMUNINC,DCO,https://quote.eastmoney.com/us/DCO.html
迪募社区银行,DCOM,https://quote.eastmoney.com/us/DCOM.html
DCPMidstreamLP,DCP,https://quote.eastmoney.com/us/DCP.html
DecipheraPharmaceuticalsInc,DCPH,https://quote.eastmoney.com/us/DCPH.html
DCTINDUSTRIALTRUSTINC,DCT,https://quote.eastmoney.com/us/DCT.html
德尔卡斯医疗,DCTH,https://quote.eastmoney.com/us/DCTH.html
DOMINIONRESOURCESInc2013SERIESACORPORATEUNI,DCUA,https://quote.eastmoney.com/us/DCUA.html
DOMINIONRESOURCESInc2013SERIESBCORPORATEUNI,DCUB,https://quote.eastmoney.com/us/DCUB.html
"DominionEnergy,Inc.2014SeriesACorporateUnit",DCUC,https://quote.eastmoney.com/us/DCUC.html
