name_cn,name_en,url
ProSharesUltrashortBloomberg,SCO,https://quote.eastmoney.com/us/SCO.html
泓利煤焦,SCOK,https://quote.eastmoney.com/us/SCOK.html
ProSharesUltraProShortCommun,SCOM,https://quote.eastmoney.com/us/SCOM.html
超导技术,SCON,https://quote.eastmoney.com/us/SCON.html
comScoreInc,SCOR,https://quote.eastmoney.com/us/SCOR.html
SPDRBarclaysShortTermCorpor,SCPB,https://quote.eastmoney.com/us/SCPB.html
SCHealthCorp-A,SCPE,https://quote.eastmoney.com/us/SCPE.html
SCHealthCorpUnitConsof1CLA+1/2Wts,SCPE_U,https://quote.eastmoney.com/us/SCPE_U.html
SCHealthCorpWt,SCPE_WS,https://quote.eastmoney.com/us/SCPE_WS.html
scPharmaceuticalsInc,SCPH,https://quote.eastmoney.com/us/SCPH.html
SciPlayCorp-A,SCPL,https://quote.eastmoney.com/us/SCPL.html
StellusCapitalInvestmentCorp,SCQ,https://quote.eastmoney.com/us/SCQ.html
StellusCapitalInvestmentCorp,SCQ_CL,https://quote.eastmoney.com/us/SCQ_CL.html
先声药业,SCR,https://quote.eastmoney.com/us/SCR.html
STEELCASEINC-CLA,SCS,https://quote.eastmoney.com/us/SCS.html
ScanSourceInc,SCSC,https://quote.eastmoney.com/us/SCSC.html
SelectComfortCorp,SCSS,https://quote.eastmoney.com/us/SCSS.html
MARKETINDEXTARGETTERMSECURITIES,SCT,https://quote.eastmoney.com/us/SCT.html
GlobalXJpmorganUSSectorRot,SCTO,https://quote.eastmoney.com/us/SCTO.html
太阳城公司,SCTY,https://quote.eastmoney.com/us/SCTY.html
SCANACORPORATION,SCU,https://quote.eastmoney.com/us/SCU.html
ShoeCarnivalInc,SCVL,https://quote.eastmoney.com/us/SCVL.html
SecureWorksCorp-A,SCWX,https://quote.eastmoney.com/us/SCWX.html
STARRETT(LS)CO-CLA,SCX,https://quote.eastmoney.com/us/SCX.html
ScythianBiosciencesCorp,SCYB,https://quote.eastmoney.com/us/SCYB.html
SCYNEXISInc,SCYX,https://quote.eastmoney.com/us/SCYX.html
iSharesMSCIEafeSmall-CapETF,SCZ,https://quote.eastmoney.com/us/SCZ.html
SANDRIDGEENERGY,SD,https://quote.eastmoney.com/us/SD.html
IQShortDurationEnhancedCore,SDAG,https://quote.eastmoney.com/us/SDAG.html
SOUNDBITECOMMUNICATIONSINC,SDBT,https://quote.eastmoney.com/us/SDBT.html
SmileDirectClubInc-A,SDC,https://quote.eastmoney.com/us/SDC.html
USCFSummerHavenDynamicCommod,SDCI,https://quote.eastmoney.com/us/SDCI.html
ProSharesUltrashortSmallcap60,SDD,https://quote.eastmoney.com/us/SDD.html
GlobalXSuperdividendrEmergin,SDEM,https://quote.eastmoney.com/us/SDEM.html
iSharesMSCIGlobalImpactETF,SDG,https://quote.eastmoney.com/us/SDG.html
ImpactSharesSustainableDevel,SDGA,https://quote.eastmoney.com/us/SDGA.html
StandardDiversifiedInc-A,SDI,https://quote.eastmoney.com/us/SDI.html
GlobalXSuperdividendETF,SDIV,https://quote.eastmoney.com/us/SDIV.html
SeadrillPartnersLLC,SDLP,https://quote.eastmoney.com/us/SDLP.html
AlpsSectorDividendDogsETF,SDOG,https://quote.eastmoney.com/us/SDOG.html
STRATEGICDIAGNOSTICSINC,SDOI,https://quote.eastmoney.com/us/SDOI.html
SanDiegoGas&ElectricCompany,CL,https://quote.eastmoney.com/us/SDOPA/CL.html
SanDiegoGas&ElectricCompany,SDOPA_CL,https://quote.eastmoney.com/us/SDOPA_CL.html
SanDiegoGas&ElectricCompany,CL,https://quote.eastmoney.com/us/SDOPB/CL.html
SanDiegoGas&ElectricCompany,SDOPB_CL,https://quote.eastmoney.com/us/SDOPB_CL.html
SanDiegoGas&ElectricCompany,CL,https://quote.eastmoney.com/us/SDOPC/CL.html
SanDiegoGas&ElectricCompany,SDOPC_CL,https://quote.eastmoney.com/us/SDOPC_CL.html
SanDiegoGas&ElectricCompany,CL,https://quote.eastmoney.com/us/SDOPH/CL.html
SanDiegoGas&ElectricCompany,SDOPH_CL,https://quote.eastmoney.com/us/SDOPH_CL.html
ProSharesUltraproShortDow30,SDOW,https://quote.eastmoney.com/us/SDOW.html
ProSharesUltrashortUtilities,SDP,https://quote.eastmoney.com/us/SDP.html
SuperiorDrillingProductsInc,SDPI,https://quote.eastmoney.com/us/SDPI.html
SANDRIDGEENERGYINC,SDR,https://quote.eastmoney.com/us/SDR.html
SeadrillLtd,SDRL,https://quote.eastmoney.com/us/SDRL.html
ProSharesUltrashortS&P500,SDS,https://quote.eastmoney.com/us/SDS.html
SANDRIDGEENERGYINC,SDT,https://quote.eastmoney.com/us/SDT.html
FirstTrustSMIDCapRisingDiv,SDVY,https://quote.eastmoney.com/us/SDVY.html
SPDRS&PDividendETF,SDY,https://quote.eastmoney.com/us/SDY.html
EtracsMonthlyPay2xleveraged,SDYL,https://quote.eastmoney.com/us/SDYL.html
SPECTRAENERGY,SE,https://quote.eastmoney.com/us/SE.html
GuggenheimShippingETF,SEA,https://quote.eastmoney.com/us/SEA.html
SeaChangeInternationalInc,SEAC,https://quote.eastmoney.com/us/SEAC.html
海洋世界娱乐,SEAS,https://quote.eastmoney.com/us/SEAS.html
SEABOARDCORP,SEB,https://quote.eastmoney.com/us/SEB.html
寺库,SECO,https://quote.eastmoney.com/us/SECO.html
MainSectorRotationETF,SECT,https://quote.eastmoney.com/us/SECT.html
SEDINTERNATIONALHOLDIN,SED,https://quote.eastmoney.com/us/SED.html
SolarEdgeTechnologiesInc,SEDG,https://quote.eastmoney.com/us/SEDG.html
SEDINTERNATIONALHOLDINGS,SEDN,https://quote.eastmoney.com/us/SEDN.html
希悦尔包装,SEE,https://quote.eastmoney.com/us/SEE.html
奥瑞金种业,SEED,https://quote.eastmoney.com/us/SEED.html
SeelosTherapeuticsInc,SEEL,https://quote.eastmoney.com/us/SEEL.html
ProSharesShortFinancials,SEF,https://quote.eastmoney.com/us/SEF.html
SuccessEntertainmentGroupInternationalInc,SEGN,https://quote.eastmoney.com/us/SEGN.html
SPARTECHCORP,SEH,https://quote.eastmoney.com/us/SEH.html
SEIInvestmentsCo,SEIC,https://quote.eastmoney.com/us/SEIC.html
共享经济国际,SEII,https://quote.eastmoney.com/us/SEII.html
VirtusSeixSeniorLoanETF,SEIX,https://quote.eastmoney.com/us/SEIX.html
SelectaBiosciencesInc,SELB,https://quote.eastmoney.com/us/SELB.html
GlobalSelfStorageInc,SELF,https://quote.eastmoney.com/us/SELF.html
SELECTMEDICALHOLDINGSCORPORATION,SEM,https://quote.eastmoney.com/us/SEM.html
SemgroupCorp-A,SEMG,https://quote.eastmoney.com/us/SEMG.html
SUNEDISONSEMICONDUCTORPTE.LTD.,SEMI,https://quote.eastmoney.com/us/SEMI.html
SendGridInc,SEND,https://quote.eastmoney.com/us/SEND.html
SenecaFoodsCorp-A,SENEA,https://quote.eastmoney.com/us/SENEA.html
SenecaFoodsCorp-B,SENEB,https://quote.eastmoney.com/us/SENEB.html
SenseonicsHoldingsInc,SENS,https://quote.eastmoney.com/us/SENS.html
SPECTRAENERGYPARTNERSLP,SEP,https://quote.eastmoney.com/us/SEP.html
ServiceMasterGlobalHoldingsInc,SERV,https://quote.eastmoney.com/us/SERV.html
综合能源系统,SES,https://quote.eastmoney.com/us/SES.html
SesenBioInc,SESN,https://quote.eastmoney.com/us/SESN.html
SEVCONINC,SEV,https://quote.eastmoney.com/us/SEV.html
STIFELFINANCIALCORP,SF,https://quote.eastmoney.com/us/SF.html
StifelFinancialCorporation,SF_A,https://quote.eastmoney.com/us/SF_A.html
StifelFinancialCorpSeriesB,SF_B,https://quote.eastmoney.com/us/SF_B.html
StifelFinancialCorpNotes,SFB,https://quote.eastmoney.com/us/SFB.html
SoundFinancialBancorpInc,SFBC,https://quote.eastmoney.com/us/SFBC.html
ServisFirstBancsharesInc,SFBS,https://quote.eastmoney.com/us/SFBS.html
史密斯菲德食品,SFD,https://quote.eastmoney.com/us/SFD.html
SAFEGUARDSCIENTIFICSINC,SFE,https://quote.eastmoney.com/us/SFE.html
Safe-TGroupLtdADR,SFET,https://quote.eastmoney.com/us/SFET.html
STANCORP,SFG,https://quote.eastmoney.com/us/SFG.html
WISDOMTREETRUST,SFHY,https://quote.eastmoney.com/us/SFHY.html
WISDOMTREETRUST,SFIG,https://quote.eastmoney.com/us/SFIG.html
StitchFixInc-A,SFIX,https://quote.eastmoney.com/us/SFIX.html
SHIPFINANCEINTLLTD,SFL,https://quote.eastmoney.com/us/SFL.html
iPathLongExtendedS&P500rTR,SFLA,https://quote.eastmoney.com/us/SFLA.html
ShutterflyInc,SFLY,https://quote.eastmoney.com/us/SFLY.html
SPROUTSFARMERSMARKET,SFM,https://quote.eastmoney.com/us/SFM.html
StifelFinancialCorp,SFN,https://quote.eastmoney.com/us/SFN.html
StifelFinancialCorporation,SFN_CL,https://quote.eastmoney.com/us/SFN_CL.html
SimmonsFirstNationalCorp,SFNC,https://quote.eastmoney.com/us/SFNC.html
StarwoodWaypointHomes,SFR,https://quote.eastmoney.com/us/SFR.html
Smart&FinalStoresInc,SFS,https://quote.eastmoney.com/us/SFS.html
SouthernFirstBancsharesInc,SFST,https://quote.eastmoney.com/us/SFST.html
Safety,SFTY,https://quote.eastmoney.com/us/SFTY.html
搜房网,SFUN,https://quote.eastmoney.com/us/SFUN.html
SFXENTERTAINMENT,SFXE,https://quote.eastmoney.com/us/SFXE.html
SWIFTENERGYCO,SFY,https://quote.eastmoney.com/us/SFY.html
SoFi50ETF,SFYF,https://quote.eastmoney.com/us/SFYF.html
SoFiNext500ETF,SFYX,https://quote.eastmoney.com/us/SFYX.html
思诺国际保险集团,SG,https://quote.eastmoney.com/us/SG.html
SAGACOMMUNICATIONSINC-CLA,SGA,https://quote.eastmoney.com/us/SGA.html
iPathPureBetaSugarETN,SGAR,https://quote.eastmoney.com/us/SGAR.html
SOUTHWESTGEORGIAFINLC,SGB,https://quote.eastmoney.com/us/SGB.html
StonegateBank,SGBK,https://quote.eastmoney.com/us/SGBK.html
SG建筑,SGBX,https://quote.eastmoney.com/us/SGBX.html
SuperiorGroupofCompaniesInc,SGC,https://quote.eastmoney.com/us/SGC.html
SprottJuniorGoldMinersETF,SGDJ,https://quote.eastmoney.com/us/SGDJ.html
SprottGoldMinersETF,SGDM,https://quote.eastmoney.com/us/SGDM.html
西雅图遗传学,SGEN,https://quote.eastmoney.com/us/SGEN.html
AberdeenSingaporeFundInc,SGF,https://quote.eastmoney.com/us/SGF.html
iPathBloombergSugarSubindex,SGG,https://quote.eastmoney.com/us/SGG.html
iPathSeriesBBloombergSugar,SGGB,https://quote.eastmoney.com/us/SGGB.html
SMARTGlobalHoldingsInc,SGH,https://quote.eastmoney.com/us/SGH.html
SILICONGRAPHICSINTERNATION,SGI,https://quote.eastmoney.com/us/SGI.html
SCHAWKINC,SGK,https://quote.eastmoney.com/us/SGK.html
StrategicGlobalIncomeFundIn,SGL,https://quote.eastmoney.com/us/SGL.html
SigmaLabsInc,SGLB,https://quote.eastmoney.com/us/SGLB.html
SigmaLabsIncWt,SGLBW,https://quote.eastmoney.com/us/SGLBW.html
STONEGATEMORTGAGE,SGM,https://quote.eastmoney.com/us/SGM.html
喜玛庆国际,SGMA,https://quote.eastmoney.com/us/SGMA.html
SangamoTherapeuticsInc,SGMO,https://quote.eastmoney.com/us/SGMO.html
美彩科技,SGMS,https://quote.eastmoney.com/us/SGMS.html
SIGNALGENETICSLLC,SGNL,https://quote.eastmoney.com/us/SGNL.html
SAGENTPHARMACEUTICALSINC,SGNT,https://quote.eastmoney.com/us/SGNT.html
上为集团,SGOC,https://quote.eastmoney.com/us/SGOC.html
Etf'sGoldTrust,SGOL,https://quote.eastmoney.com/us/SGOL.html
JanusSGGlobalQualityIncome,SGQI,https://quote.eastmoney.com/us/SGQI.html
SPARGroupInc,SGRP,https://quote.eastmoney.com/us/SGRP.html
SiriusInternationalInsuranceGroupLtdWt,SGRP_W,https://quote.eastmoney.com/us/SGRP_W.html
SurgeryPartnersInc,SGRY,https://quote.eastmoney.com/us/SGRY.html
StarGroupLP,SGU,https://quote.eastmoney.com/us/SGU.html
STONEENERGYCORP,SGY,https://quote.eastmoney.com/us/SGY.html
StoneEnergyCorpWt,SGY_WS,https://quote.eastmoney.com/us/SGY_WS.html
SynergyPharmaceuticalsInc,SGYP,https://quote.eastmoney.com/us/SGYP.html
SYNERGYPHARMACEUTICALSIncUNIT,SGYPU,https://quote.eastmoney.com/us/SGYPU.html
SYNERGYPHARMACEUTICALSInc,SGYPW,https://quote.eastmoney.com/us/SGYPW.html
SelectiveInsuranceGroupInc,SGZA,https://quote.eastmoney.com/us/SGZA.html
SelectiveInsuranceGroupIncN,SGZA_CL,https://quote.eastmoney.com/us/SGZA_CL.html
ProSharesShortS&P500,SH,https://quote.eastmoney.com/us/SH.html
WisdomTreeBarclaysYieldEnhan,SHAG,https://quote.eastmoney.com/us/SHAG.html
ShakeShackInc-A,SHAK,https://quote.eastmoney.com/us/SHAK.html
ShoreBancsharesInc,SHBI,https://quote.eastmoney.com/us/SHBI.html
SPDRSeriesTrustSPDRSSGAGen,SHE,https://quote.eastmoney.com/us/SHE.html
ShenandoahTelecommunicationsCo,SHEN,https://quote.eastmoney.com/us/SHEN.html
SHUFFLEMASTERINC,SHFL,https://quote.eastmoney.com/us/SHFL.html
SHINHANFINANCIALGROUP-ADR,SHG,https://quote.eastmoney.com/us/SHG.html
上海石化,SHI,https://quote.eastmoney.com/us/SHI.html
SeanergyMaritimeHoldingsCorp,SHIP,https://quote.eastmoney.com/us/SHIP.html
SeanergyMaritimeHoldingsCorp-AWt,SHIPW,https://quote.eastmoney.com/us/SHIPW.html
SeanergyMaritimeHoldingsCorp-BWt,SHIPZ,https://quote.eastmoney.com/us/SHIPZ.html
西尔斯控股,SHLD,https://quote.eastmoney.com/us/SHLD.html
SearsHoldingsCorpWt,SHLDW,https://quote.eastmoney.com/us/SHLDW.html
TortoiseAcquisitionCorp-A,SHLL,https://quote.eastmoney.com/us/SHLL.html
TortoiseAcquisitionCorpUnitConsof1CLA+0.,SHLL_U,https://quote.eastmoney.com/us/SHLL_U.html
TortoiseAcquisitionCorpWt,SHLL_WS,https://quote.eastmoney.com/us/SHLL_WS.html
舒尔曼塑料,SHLM,https://quote.eastmoney.com/us/SHLM.html
ShilohIndustriesInc,SHLO,https://quote.eastmoney.com/us/SHLO.html
ShellMidstreamPartnersLP,SHLX,https://quote.eastmoney.com/us/SHLX.html
SPDRNuveenBarclaysShortTerm,SHM,https://quote.eastmoney.com/us/SHM.html
DirexionFundsETF,SHNY,https://quote.eastmoney.com/us/SHNY.html
SUNSTONEHOTELINVESTORSINC,SHO,https://quote.eastmoney.com/us/SHO.html
SunstoneHotelInvestorsInc,SHO_D,https://quote.eastmoney.com/us/SHO_D.html
SunstoneHotelInvestorsInc,SHO_D_CL,https://quote.eastmoney.com/us/SHO_D_CL.html
SunstoneHotelInvestorsInc,SHO_E,https://quote.eastmoney.com/us/SHO_E.html
SunstoneHotelInvestors.Inc.,SHO_F,https://quote.eastmoney.com/us/SHO_F.html
史蒂夫·马登,SHOO,https://quote.eastmoney.com/us/SHOO.html
ShopifyInc-A,SHOP,https://quote.eastmoney.com/us/SHOP.html
ShoreTelInc,SHOR,https://quote.eastmoney.com/us/SHOR.html
SearsHometownandOutletStoresInc,SHOS,https://quote.eastmoney.com/us/SHOS.html
尚华医药,SHP,https://quote.eastmoney.com/us/SHP.html
沙尔制药-ADR,SHPG,https://quote.eastmoney.com/us/SHPG.html
SAUER-DANFOSSINC,SHS,https://quote.eastmoney.com/us/SHS.html
SharpSpringInc,SHSP,https://quote.eastmoney.com/us/SHSP.html
iSharesShortTreasuryBondETF,SHV,https://quote.eastmoney.com/us/SHV.html
短期国债ETF-iShares,SHV_NASDAQ,https://quote.eastmoney.com/us/SHV_NASDAQ.html
宣威-威廉斯,SHW,https://quote.eastmoney.com/us/SHW.html
iShares1-3YearTreasuryBond,SHY,https://quote.eastmoney.com/us/SHY.html
1-3年国债ETF-iShares,SHY_NASDAQ,https://quote.eastmoney.com/us/SHY_NASDAQ.html
MarketVectorsShortHigh-Yield,SHYD,https://quote.eastmoney.com/us/SHYD.html
iShares0-5YearHighYieldCor,SHYG,https://quote.eastmoney.com/us/SHYG.html
XtrackersShortDurationHighY,SHYL,https://quote.eastmoney.com/us/SHYL.html
神州矿业,SHZ,https://quote.eastmoney.com/us/SHZ.html
西格玛奥德里奇,SIAL,https://quote.eastmoney.com/us/SIAL.html
STATEINVESTORSBANCORP,SIBC,https://quote.eastmoney.com/us/SIBC.html
SI-BONEInc,SIBN,https://quote.eastmoney.com/us/SIBN.html
SelectInteriorConceptsInc-A,SIC,https://quote.eastmoney.com/us/SIC.html
DirexionDailyHealthcareBear,SICK,https://quote.eastmoney.com/us/SICK.html
CIASIDERURGICANACL-SPADR,SID,https://quote.eastmoney.com/us/SID.html
SiebertFinancialCorp,SIEB,https://quote.eastmoney.com/us/SIEB.html
德国西门子,SIEGY,https://quote.eastmoney.com/us/SIEGY.html
SientraInc,SIEN,https://quote.eastmoney.com/us/SIEN.html
SIFCOINDUSTRIES,SIF,https://quote.eastmoney.com/us/SIF.html
SIFinancialGroupInc,SIFI,https://quote.eastmoney.com/us/SIFI.html
SifyTechnologiesLtdADR,SIFY,https://quote.eastmoney.com/us/SIFY.html
西格尼特珠宝,SIG,https://quote.eastmoney.com/us/SIG.html
西佳科技,SIGA,https://quote.eastmoney.com/us/SIGA.html
SelectiveInsuranceGroupInc,SIGI,https://quote.eastmoney.com/us/SIGI.html
西格玛设计,SIGM,https://quote.eastmoney.com/us/SIGM.html
ProSharesUltrashortIndustrial,SIJ,https://quote.eastmoney.com/us/SIJ.html
SilverMinersETF,SIL,https://quote.eastmoney.com/us/SIL.html
矽晶电信,SILC,https://quote.eastmoney.com/us/SILC.html
PurefundsIseJuniorSilver(Sm,SILJ,https://quote.eastmoney.com/us/SILJ.html
SilkRoadMedicalInc,SILK,https://quote.eastmoney.com/us/SILK.html
SPROTTRESOURCELENDING,SILU,https://quote.eastmoney.com/us/SILU.html
SilverCrestMetalsInc,SILV,https://quote.eastmoney.com/us/SILV.html
GRUPOSIMECSAB-SPONADR,SIM,https://quote.eastmoney.com/us/SIM.html
SILICONIMAGEINC,SIMG,https://quote.eastmoney.com/us/SIMG.html
慧荣科技,SIMO,https://quote.eastmoney.com/us/SIMO.html
SPDRS&PKenshoIntelligentStr,SIMS,https://quote.eastmoney.com/us/SIMS.html
新浪,SINA,https://quote.eastmoney.com/us/SINA.html
中环球船务,SINO,https://quote.eastmoney.com/us/SINO.html
SintxTechnologiesInc,SINT,https://quote.eastmoney.com/us/SINT.html
SPDRBarclays0-5YearTipsETF,SIPE,https://quote.eastmoney.com/us/SIPE.html
SELECTINCOMEREIT,SIR,https://quote.eastmoney.com/us/SIR.html
天狼星XM,SIRI,https://quote.eastmoney.com/us/SIRI.html
西诺德,SIRO,https://quote.eastmoney.com/us/SIRO.html
SelectIncomeREITWI,SIRVV,https://quote.eastmoney.com/us/SIRVV.html
SITECentersCorp,SITC,https://quote.eastmoney.com/us/SITC.html
SITECentersCorpClassAPfd,SITC_A,https://quote.eastmoney.com/us/SITC_A.html
SITECentersCorpClassJPfd,SITC_J,https://quote.eastmoney.com/us/SITC_J.html
SITECentersCorpClassKPfd,SITC_K,https://quote.eastmoney.com/us/SITC_K.html
SiteOneLandscapeSupplyInc,SITE,https://quote.eastmoney.com/us/SITE.html
SITOMobileLtd,SITO,https://quote.eastmoney.com/us/SITO.html
硅谷银行,SIVB,https://quote.eastmoney.com/us/SIVB.html
SVBFINANCIALGROUP,SIVBO,https://quote.eastmoney.com/us/SIVBO.html
EtfsSilverTrust,SIVR,https://quote.eastmoney.com/us/SIVR.html
SIXFLAGSENTERTAINMENTCORPORATIONNEW,SIX,https://quote.eastmoney.com/us/SIX.html
6DGLOBALTECHNOLOGIESINC,SIXD,https://quote.eastmoney.com/us/SIXD.html
QuantSharesU.S.MarketNeutral,SIZ,https://quote.eastmoney.com/us/SIZ.html
iSharesMSCIUSASizeFactorET,SIZE,https://quote.eastmoney.com/us/SIZE.html
ProSharesShortHighYield,SJB,https://quote.eastmoney.com/us/SJB.html
SOUTHJERSEYINDUSTRIES,SJI,https://quote.eastmoney.com/us/SJI.html
SouthJerseyIndustriesIncCor,SJIU,https://quote.eastmoney.com/us/SJIU.html
盛美家食品,SJM,https://quote.eastmoney.com/us/SJM.html
SPDRBarclaysShortTermHighY,SJNK,https://quote.eastmoney.com/us/SJNK.html
SHAWCOMMUNICATIONSINC-B,SJR,https://quote.eastmoney.com/us/SJR.html
SANJUANBASINROYALTYTRUSTUBI,SJT,https://quote.eastmoney.com/us/SJT.html
SJWGroup,SJW,https://quote.eastmoney.com/us/SJW.html
天星生物,SKBI,https://quote.eastmoney.com/us/SKBI.html
ProSharesUltrashortFinancials,SKF,https://quote.eastmoney.com/us/SKF.html
SKILLEDHEALTHCAREGROU-CLA,SKH,https://quote.eastmoney.com/us/SKH.html
PeakResortsInc,SKIS,https://quote.eastmoney.com/us/SKIS.html
SkylineMedicalInc,SKLN,https://quote.eastmoney.com/us/SKLN.html
SkylineMedicalInc.,SKLNU,https://quote.eastmoney.com/us/SKLNU.html
SKTELECOMCOLTD-ADR,SKM,https://quote.eastmoney.com/us/SKM.html
FlexsharesCredit-ScoredUsCor,SKOR,https://quote.eastmoney.com/us/SKOR.html
SAKSINC,SKS,https://quote.eastmoney.com/us/SKS.html
TANGER,SKT,https://quote.eastmoney.com/us/SKT.html
SKULLCANDY,SKUL,https://quote.eastmoney.com/us/SKUL.html
SKECHERSUSAINC-CLA,SKX,https://quote.eastmoney.com/us/SKX.html
SKYLINECORP,SKY,https://quote.eastmoney.com/us/SKY.html
天华阳光,SKYS,https://quote.eastmoney.com/us/SKYS.html
西空航空,SKYW,https://quote.eastmoney.com/us/SKYW.html
FirstTrustIseCloudComputing,SKYY,https://quote.eastmoney.com/us/SKYY.html
芯科实验室,SLAB,https://quote.eastmoney.com/us/SLAB.html
斯伦贝谢,SLB,https://quote.eastmoney.com/us/SLB.html
USSilicaHoldingsInc,SLCA,https://quote.eastmoney.com/us/SLCA.html
SelectBancorpInc,SLCT,https://quote.eastmoney.com/us/SLCT.html
SutherlandAssetManagementCorp,SLD,https://quote.eastmoney.com/us/SLD.html
SutherlandAssetManagementCor,SLDA,https://quote.eastmoney.com/us/SLDA.html
SolidBiosciencesInc,SLDB,https://quote.eastmoney.com/us/SLDB.html
ALPSSectorLeadersETF,SLDR,https://quote.eastmoney.com/us/SLDR.html
SUNLIFEFINANCIALINC,SLF,https://quote.eastmoney.com/us/SLF.html
SLGREENREALTY,SLG,https://quote.eastmoney.com/us/SLG.html
SlGreenRealtyCorp,SLG_I,https://quote.eastmoney.com/us/SLG_I.html
SuperLeagueGamingInc,SLGG,https://quote.eastmoney.com/us/SLGG.html
Sol-GelTechnologiesLtd,SLGL,https://quote.eastmoney.com/us/SLGL.html
西尔格控股,SLGN,https://quote.eastmoney.com/us/SLGN.html
SOLERAHOLDINGS,SLH,https://quote.eastmoney.com/us/SLH.html
SLINDSINC,SLI,https://quote.eastmoney.com/us/SLI.html
TheObesityETF,SLIM,https://quote.eastmoney.com/us/SLIM.html
SALLIEMAE,SLM,https://quote.eastmoney.com/us/SLM.html
SlmCorporationPfdStkSerA6,SLMAP,https://quote.eastmoney.com/us/SLMAP.html
SlmCorporationFloating-RateN,SLMBP,https://quote.eastmoney.com/us/SLMBP.html
StabilisEnergyInc,SLNG,https://quote.eastmoney.com/us/SLNG.html
SolenoTherapeuticsInc,SLNO,https://quote.eastmoney.com/us/SLNO.html
SolenoTherapeuticsIncWt-A,SLNOW,https://quote.eastmoney.com/us/SLNOW.html
ALPSSectorLowVolatilityETF,SLOW,https://quote.eastmoney.com/us/SLOW.html
SIMULATIONSPLUSINC,SLP,https://quote.eastmoney.com/us/SLP.html
iShares0-5YearInvestmentGra,SLQD,https://quote.eastmoney.com/us/SLQD.html
SolarCapitalLtd,SLRA,https://quote.eastmoney.com/us/SLRA.html
SolarCapitalLtd,SLRC,https://quote.eastmoney.com/us/SLRC.html
SalariusPharmaceuticalsInc,SLRX,https://quote.eastmoney.com/us/SLRX.html
SEELASLifeSciencesGroupInc,SLS,https://quote.eastmoney.com/us/SLS.html
STERLITEINDUSTRIESINDI-ADR,SLT,https://quote.eastmoney.com/us/SLT.html
ScorpioBulkersInc,SLTB,https://quote.eastmoney.com/us/SLTB.html
ScorpioBulkersIncNotes,SLTB_CL,https://quote.eastmoney.com/us/SLTB_CL.html
SELECTICAINC,SLTC,https://quote.eastmoney.com/us/SLTC.html
SOLAR3DINC,SLTD,https://quote.eastmoney.com/us/SLTD.html
SOLTAMEDICALINC,SLTM,https://quote.eastmoney.com/us/SLTM.html
iSharesSilverTrust,SLV,https://quote.eastmoney.com/us/SLV.html
CreditSuisseSilverSharesCov,SLVO,https://quote.eastmoney.com/us/SLVO.html
iSharesMSCIGlobalSilverMine,SLVP,https://quote.eastmoney.com/us/SLVP.html
SILVERWHEATONCORP,SLW,https://quote.eastmoney.com/us/SLW.html
Sol-WindRenewablePowerLP,SLWD,https://quote.eastmoney.com/us/SLWD.html
MarketVectorsSteelIndexFund,SLX,https://quote.eastmoney.com/us/SLX.html
SALIXPHARMACEUTICALS,SLXP,https://quote.eastmoney.com/us/SLXP.html
SPDRS&P600SmallCapETF(Bas,SLY,https://quote.eastmoney.com/us/SLY.html
SPDRS&P600SmallCapGrowthE,SLYG,https://quote.eastmoney.com/us/SLYG.html
SPDRS&P600SmallCapValueET,SLYV,https://quote.eastmoney.com/us/SLYV.html
SMENERGY,SM,https://quote.eastmoney.com/us/SM.html
SYMMETRYMEDICALINC,SMA,https://quote.eastmoney.com/us/SMA.html
SINOMERCURYACQUISITIONCorp,SMAC,https://quote.eastmoney.com/us/SMAC.html
SinoMercuryAcquisitionCorpR,SMACR,https://quote.eastmoney.com/us/SMACR.html
SINOMERCURYACQUISITIONCORP.,SMACU,https://quote.eastmoney.com/us/SMACU.html
SmartsheetInc-A,SMAR,https://quote.eastmoney.com/us/SMAR.html
MarketVectors-ShortMunicipal,SMB,https://quote.eastmoney.com/us/SMB.html
SouthernMissouriBancorpInc,SMBC,https://quote.eastmoney.com/us/SMBC.html
SmartFinancialInc,SMBK,https://quote.eastmoney.com/us/SMBK.html
超微电脑公司,SMCI,https://quote.eastmoney.com/us/SMCI.html
AlphamarkActivelyManagedSmal,SMCP,https://quote.eastmoney.com/us/SMCP.html
SPDRS&P1000ETF,SMD,https://quote.eastmoney.com/us/SMD.html
ProSharesUltraproShortMidcap,SMDD,https://quote.eastmoney.com/us/SMDD.html
ProSharesRussell2000Dividend,SMDV,https://quote.eastmoney.com/us/SMDV.html
SharpsComplianceCorp,SMED,https://quote.eastmoney.com/us/SMED.html
SPDREuroStoxxSmallCapETF,SMEZ,https://quote.eastmoney.com/us/SMEZ.html
三井住友金融,SMFG,https://quote.eastmoney.com/us/SMFG.html
SCOTTSMIRACLE-GRO,SMG,https://quote.eastmoney.com/us/SMG.html
MarketVectorsSemiconductorET,SMH,https://quote.eastmoney.com/us/SMH.html
ETRACSMonthlyPay2xLeveraged,SMHB,https://quote.eastmoney.com/us/SMHB.html
EtracsMonthlyPay2xleveraged,SMHD,https://quote.eastmoney.com/us/SMHD.html
海科控股,SMHI,https://quote.eastmoney.com/us/SMHI.html
SEACORMarineHoldingsInc,SMHIW,https://quote.eastmoney.com/us/SMHIW.html
中芯国际,SMI,https://quote.eastmoney.com/us/SMI.html
iSharesMSCIIndiaSmall-CapET,SMIN,https://quote.eastmoney.com/us/SMIN.html
SchmittIndustriesInc,SMIT,https://quote.eastmoney.com/us/SMIT.html
ProSharesUltrashortMSCIMexic,SMK,https://quote.eastmoney.com/us/SMK.html
iSharesFactorselectMSCIUSAS,SMLF,https://quote.eastmoney.com/us/SMLF.html
DirexionDailySmallCapBull2,SMLL,https://quote.eastmoney.com/us/SMLL.html
SummitMidstreamPartnersLP,SMLP,https://quote.eastmoney.com/us/SMLP.html
"SEMLERSCIENTIFIC,INC.",SMLR,https://quote.eastmoney.com/us/SMLR.html
SPDRRussell2000LowVolatilit,SMLV,https://quote.eastmoney.com/us/SMLV.html
SalientMidstream&MlpFund,SMM,https://quote.eastmoney.com/us/SMM.html
SouthMountainMergerCorp-A,SMMC,https://quote.eastmoney.com/us/SMMC.html
SouthMountainMergerCorpUnitConsof1CLA+1,SMMCU,https://quote.eastmoney.com/us/SMMCU.html
SouthMountainMergerCorpWt,SMMCW,https://quote.eastmoney.com/us/SMMCW.html
iSharesRussell2500ETF,SMMD,https://quote.eastmoney.com/us/SMMD.html
SummitFinancialGroupInc,SMMF,https://quote.eastmoney.com/us/SMMF.html
SummitTherapeuticsplcADR,SMMT,https://quote.eastmoney.com/us/SMMT.html
PimcoShortTermMunicipalBond,SMMU,https://quote.eastmoney.com/us/SMMU.html
ISHARESTRUST,SMMV,https://quote.eastmoney.com/us/SMMV.html
ProSharesUltrashortBasicMate,SMN,https://quote.eastmoney.com/us/SMN.html
VanEckVectorsLowCarbonEnerg,SMOG,https://quote.eastmoney.com/us/SMOG.html
STANDARDMOTORPRODS,SMP,https://quote.eastmoney.com/us/SMP.html
易美味,SMPL,https://quote.eastmoney.com/us/SMPL.html
TheSimplyGoodFoodsCoWt,SMPL_W,https://quote.eastmoney.com/us/SMPL_W.html
TheSimplyGoodFoodsCoWt,SMPLW,https://quote.eastmoney.com/us/SMPLW.html
SteinMartInc,SMRT,https://quote.eastmoney.com/us/SMRT.html
SmaaashEntertainmentInc,SMSH,https://quote.eastmoney.com/us/SMSH.html
SmaaashEntertainmentIncWt,SMSHW,https://quote.eastmoney.com/us/SMSHW.html
SmithMicroSoftwareInc,SMSI,https://quote.eastmoney.com/us/SMSI.html
西姆斯金属管理,SMSMY,https://quote.eastmoney.com/us/SMSMY.html
SMARTTECHNOLOGIESINC,SMT,https://quote.eastmoney.com/us/SMT.html
SpiritMTAREIT,SMTA,https://quote.eastmoney.com/us/SMTA.html
先科电子,SMTC,https://quote.eastmoney.com/us/SMTC.html
SMTPInc,SMTP,https://quote.eastmoney.com/us/SMTP.html
山脊采金,SMTS,https://quote.eastmoney.com/us/SMTS.html
SMTCCorp,SMTX,https://quote.eastmoney.com/us/SMTX.html
省呗,SMY,https://quote.eastmoney.com/us/SMY.html
SANCHEZENERGY,SN,https://quote.eastmoney.com/us/SN.html
实耐宝,SNA,https://quote.eastmoney.com/us/SNA.html
InventureFoodsInc,SNAK,https://quote.eastmoney.com/us/SNAK.html
SnapInc-A,SNAP,https://quote.eastmoney.com/us/SNAP.html
SunBancorpInc,SNBC,https://quote.eastmoney.com/us/SNBC.html
SleepNumberCorp,SNBR,https://quote.eastmoney.com/us/SNBR.html
StateNationalCompaniesInc,SNC,https://quote.eastmoney.com/us/SNC.html
SynchronossTechnologiesInc,SNCR,https://quote.eastmoney.com/us/SNCR.html
SmartSandInc,SND,https://quote.eastmoney.com/us/SND.html
SundanceEnergyAustraliaLtdADR,SNDE,https://quote.eastmoney.com/us/SNDE.html
晟碟,SNDK,https://quote.eastmoney.com/us/SNDK.html
SundialGrowersInc,SNDL,https://quote.eastmoney.com/us/SNDL.html
SchneiderNationalInc-B,SNDR,https://quote.eastmoney.com/us/SNDR.html
SyndaxPharmaceuticalsInc,SNDX,https://quote.eastmoney.com/us/SNDX.html
索尼,SNE,https://quote.eastmoney.com/us/SNE.html
SenesTechInc,SNES,https://quote.eastmoney.com/us/SNES.html
SecurityNationalFinancialCorp-A,SNFCA,https://quote.eastmoney.com/us/SNFCA.html
SoligenixInc,SNGX,https://quote.eastmoney.com/us/SNGX.html
"Soligenix,Inc.",SNGXD,https://quote.eastmoney.com/us/SNGXD.html
SoligenixIncWt,SNGXW,https://quote.eastmoney.com/us/SNGXW.html
老年公寓房地产信托,SNH,https://quote.eastmoney.com/us/SNH.html
SeniorHousingPropertiesTrust,SNHN,https://quote.eastmoney.com/us/SNHN.html
SeniorHousingPropertiesTrust,SNHNI,https://quote.eastmoney.com/us/SNHNI.html
SeniorHousingPropertiesTrust,SNHNL,https://quote.eastmoney.com/us/SNHNL.html
SeniorHousingPropertiesTrust,SNHO,https://quote.eastmoney.com/us/SNHO.html
SunHydraulicsCorp,SNHY,https://quote.eastmoney.com/us/SNHY.html
斯克里普斯网络互动,SNI,https://quote.eastmoney.com/us/SNI.html
Highland/IboxxSeniorLoanETF,SNLN,https://quote.eastmoney.com/us/SNLN.html
HIGHLAND/IBOXXSENIORLOANETF,SNLN_NASDAQ,https://quote.eastmoney.com/us/SNLN_NASDAQ.html
SanchezMidstreamPartnersLP,SNMP,https://quote.eastmoney.com/us/SNMP.html
塞诺米克斯,SNMX,https://quote.eastmoney.com/us/SNMX.html
SMITH&NEPHEWPLC-SPONADR,SNN,https://quote.eastmoney.com/us/SNN.html
西恩纳生物医药,SNNA,https://quote.eastmoney.com/us/SNNA.html
SonomaPharmaceuticalsInc,SNOA,https://quote.eastmoney.com/us/SNOA.html
SonomaPharmaceuticalsIncWt,SNOAW,https://quote.eastmoney.com/us/SNOAW.html
IntrawestResortsHoldingsInc,SNOW,https://quote.eastmoney.com/us/SNOW.html
中石化,SNP,https://quote.eastmoney.com/us/SNP.html
XtrackersS&P500ESGETF,SNPE,https://quote.eastmoney.com/us/SNPE.html
新思科技,SNPS,https://quote.eastmoney.com/us/SNPS.html
NewSeniorInvestmentGroupInc,SNR,https://quote.eastmoney.com/us/SNR.html
GlobalXInternetofThingsThe,SNSR,https://quote.eastmoney.com/us/SNSR.html
SunesisPharmaceuticalsInc,SNSS,https://quote.eastmoney.com/us/SNSS.html
SYNTAPHARMACEUTICALSCORP,SNTA,https://quote.eastmoney.com/us/SNTA.html
SANTARUSINC,SNTS,https://quote.eastmoney.com/us/SNTS.html
SYNOVUS,SNV,https://quote.eastmoney.com/us/SNV.html
SynovusFinancialCorp,SNV_C,https://quote.eastmoney.com/us/SNV_C.html
SynovusFinancialCorpSeriesD,SNV_D,https://quote.eastmoney.com/us/SNV_D.html
SynovusFinancialCorpSeriesE,SNV_E,https://quote.eastmoney.com/us/SNV_E.html
SYNOVUSFINANCIALCORPORATION,SNVPT,https://quote.eastmoney.com/us/SNVPT.html
"SANUWAVEHealth,Inc.",SNWV,https://quote.eastmoney.com/us/SNWV.html
SYNNEXCORP,SNX,https://quote.eastmoney.com/us/SNX.html
赛诺菲,SNY,https://quote.eastmoney.com/us/SNY.html
赛诺菲,SNY_NYSE,https://quote.eastmoney.com/us/SNY_NYSE.html
南方电力,SO,https://quote.eastmoney.com/us/SO.html
SOUTHCOASTFINANCIALCORP,SOCB,https://quote.eastmoney.com/us/SOCB.html
GlobalXSocialMediaIndexETF,SOCL,https://quote.eastmoney.com/us/SOCL.html
SodaStreamInternationalLtd,SODA,https://quote.eastmoney.com/us/SODA.html
SonicFoundryInc,SOFO,https://quote.eastmoney.com/us/SOFO.html
搜狗,SOGO,https://quote.eastmoney.com/us/SOGO.html
SotherlyHotelsInc,SOHO,https://quote.eastmoney.com/us/SOHO.html
SotherlyHotelsInc,SOHOB,https://quote.eastmoney.com/us/SOHOB.html
SotherlyHotelsLPNotes,SOHOK,https://quote.eastmoney.com/us/SOHOK.html
SotherlyHotelsLP8.00%Senior,SOHOL,https://quote.eastmoney.com/us/SOHOL.html
SotherlyHotelsLp7.00%Senior,SOHOM,https://quote.eastmoney.com/us/SOHOM.html
SotherlyHotelsIncSeriesDPf,SOHON,https://quote.eastmoney.com/us/SOHON.html
SotherlyHotelsIncSeriesCPf,SOHOO,https://quote.eastmoney.com/us/SOHOO.html
搜狐,SOHU,https://quote.eastmoney.com/us/SOHU.html
SolarisOilfieldInfrastructureInc-A,SOI,https://quote.eastmoney.com/us/SOI.html
GlobalXFertilizers/PotashETF,SOIL,https://quote.eastmoney.com/us/SOIL.html
SouthernCompany(The),SOJA,https://quote.eastmoney.com/us/SOJA.html
SouthernCompany(The),SOJB,https://quote.eastmoney.com/us/SOJB.html
TheSouthernCoSeries2017BNo,SOJC,https://quote.eastmoney.com/us/SOJC.html
昱辉阳光,SOL,https://quote.eastmoney.com/us/SOL.html
SoleEliteGroupLtd,SOLE,https://quote.eastmoney.com/us/SOLE.html
TheSouthernCo2019SeriesAC,SOLN,https://quote.eastmoney.com/us/SOLN.html
ElectrameccanicaVehiclesCorp,SOLO,https://quote.eastmoney.com/us/SOLO.html
ElectrameccanicaVehiclesCorpWt,SOLOW,https://quote.eastmoney.com/us/SOLOW.html
SolitonInc,SOLY,https://quote.eastmoney.com/us/SOLY.html
SOMERSETHILLSBANCORP,SOMH,https://quote.eastmoney.com/us/SOMH.html
SOMAXONPHARMACEUTICALSINC,SOMX,https://quote.eastmoney.com/us/SOMX.html
SONOCO,SON,https://quote.eastmoney.com/us/SON.html
SOUTHERNNATLBANCORPOFVA,SONA,https://quote.eastmoney.com/us/SONA.html
SONICCORP,SONC,https://quote.eastmoney.com/us/SONC.html
SonimTechnologiesInc,SONM,https://quote.eastmoney.com/us/SONM.html
搜诺思,SONO,https://quote.eastmoney.com/us/SONO.html
圣思网络,SONS,https://quote.eastmoney.com/us/SONS.html
ProSharesUltraShortOil&Gas,SOP,https://quote.eastmoney.com/us/SOP.html
SONDERESOURCESCORP,SOQ,https://quote.eastmoney.com/us/SOQ.html
SourceCapitalInc,SOR,https://quote.eastmoney.com/us/SOR.html
瑞立集团,SORL,https://quote.eastmoney.com/us/SORL.html
SantanderHoldingsUsaInc,SOV_C,https://quote.eastmoney.com/us/SOV_C.html
CambriaSovereignHighYieldBo,SOVB,https://quote.eastmoney.com/us/SOVB.html
DirexionDailySemiconductorBu,SOXL,https://quote.eastmoney.com/us/SOXL.html
DirexionDailySemiconductorBe,SOXS,https://quote.eastmoney.com/us/SOXS.html
iSharesPhlxSemiconductorETF,SOXX,https://quote.eastmoney.com/us/SOXX.html
TeucriumSoybeanFund,SOYB,https://quote.eastmoney.com/us/SOYB.html
STANDARDPARKINGCORP,SP,https://quote.eastmoney.com/us/SP.html
SPARTONCORP,SPA,https://quote.eastmoney.com/us/SPA.html
SPDRPortfolioAggregateBondETF,SPAB,https://quote.eastmoney.com/us/SPAB.html
Span-AmericaMedicalSystemsInc,SPAN,https://quote.eastmoney.com/us/SPAN.html
SpartanEnergyAcquisitionCorp-A,SPAQ,https://quote.eastmoney.com/us/SPAQ.html
SpartanEnergyAcquisitionCorpUnitConsof1CL,SPAQ_U,https://quote.eastmoney.com/us/SPAQ_U.html
SpartanEnergyAcquisitionCorpWt,SPAQ_WS,https://quote.eastmoney.com/us/SPAQ_WS.html
SpartanMotorsInc,SPAR,https://quote.eastmoney.com/us/SPAR.html
SPECTRUMBRANDS,SPB,https://quote.eastmoney.com/us/SPB.html
SPBANCORPINC,SPBC,https://quote.eastmoney.com/us/SPBC.html
SuperComLtd,SPCB,https://quote.eastmoney.com/us/SPCB.html
SPORTCHALETINC-CLASSA,SPCHA,https://quote.eastmoney.com/us/SPCHA.html
SPORTCHALETINC-CLASSB,SPCHB,https://quote.eastmoney.com/us/SPCHB.html
NAVARRECORP,SPDC,https://quote.eastmoney.com/us/SPDC.html
DirexionDailyS&P500Bear1X,SPDN,https://quote.eastmoney.com/us/SPDN.html
AAMS&P500HighDividendValue,SPDV,https://quote.eastmoney.com/us/SPDV.html
SPDRIndexSharesFundSPDRPortfolioWorldex-US,SPDW,https://quote.eastmoney.com/us/SPDW.html
SpecialOpportunitiesFundInc,SPE,https://quote.eastmoney.com/us/SPE.html
SpecialOpportunitiesFundInc,SPE_B,https://quote.eastmoney.com/us/SPE_B.html
SPDRIndexSharesFundSPDRPortfolioEmergingMar,SPEM,https://quote.eastmoney.com/us/SPEM.html
SpherixInc,SPEX,https://quote.eastmoney.com/us/SPEX.html
STANDARDPACIFICCORP,SPF,https://quote.eastmoney.com/us/SPF.html
GlobalXSuperincomePreferred,SPFF,https://quote.eastmoney.com/us/SPFF.html
SouthPlainsFinancialInc,SPFI,https://quote.eastmoney.com/us/SPFI.html
西蒙地产,SPG,https://quote.eastmoney.com/us/SPG.html
SimonPropertyGroupInc,SPG_J,https://quote.eastmoney.com/us/SPG_J.html
UBSE-TracsS&P500GoldHedged,SPGH,https://quote.eastmoney.com/us/SPGH.html
S&PGlobalInc,SPGI,https://quote.eastmoney.com/us/SPGI.html
InvescoS&P500GARPETF,SPGP,https://quote.eastmoney.com/us/SPGP.html
SUBURBANPROPANEPARTNERSLP,SPH,https://quote.eastmoney.com/us/SPH.html
PowerSharesS&P500rHighBeta,SPHB,https://quote.eastmoney.com/us/SPHB.html
PowerSharesS&P500HighDivide,SPHD,https://quote.eastmoney.com/us/SPHD.html
S&P500HighQualityPortfolio,SPHQ,https://quote.eastmoney.com/us/SPHQ.html
SophirisBioInc,SPHS,https://quote.eastmoney.com/us/SPHS.html
绿能宝,SPI,https://quote.eastmoney.com/us/SPI.html
SPDRPortfolioIntermediateTermCorporateBondET,SPIB,https://quote.eastmoney.com/us/SPIB.html
硅品,SPIL,https://quote.eastmoney.com/us/SPIL.html
SPIRECORP,SPIR,https://quote.eastmoney.com/us/SPIR.html
SparkEnergyInc-A,SPKE,https://quote.eastmoney.com/us/SPKE.html
SparkEnergy,SPKEP,https://quote.eastmoney.com/us/SPKEP.html
SPDRPortfolioLongTermCorporateBondETF,SPLB,https://quote.eastmoney.com/us/SPLB.html
SPDRSeriesTrustSPDRPortfolioLargeCapETF,SPLG,https://quote.eastmoney.com/us/SPLG.html
SplunkInc,SPLK,https://quote.eastmoney.com/us/SPLK.html
SteelPartnersHoldingsLP,SPLP,https://quote.eastmoney.com/us/SPLP.html
SteelPartnersHoldingsLP,SPLP_A,https://quote.eastmoney.com/us/SPLP_A.html
史泰博,SPLS,https://quote.eastmoney.com/us/SPLS.html
PowerSharesS&P500rLowVolati,SPLV,https://quote.eastmoney.com/us/SPLV.html
EtracsMonthlyReset2xleverage,SPLX,https://quote.eastmoney.com/us/SPLX.html
DirexionShsETFTRDailyConsu,SPLZ,https://quote.eastmoney.com/us/SPLZ.html
SPDRPortfolioMidCapETF,SPMD,https://quote.eastmoney.com/us/SPMD.html
PowerSharesS&P500MomentumPo,SPMO,https://quote.eastmoney.com/us/SPMO.html
PowerSharesS&P500MinimumVar,SPMV,https://quote.eastmoney.com/us/SPMV.html
SUPERIORENERGY,SPN,https://quote.eastmoney.com/us/SPN.html
TheSpectraneticsCorp,SPNC,https://quote.eastmoney.com/us/SPNC.html
海脊控股,SPNE,https://quote.eastmoney.com/us/SPNE.html
SeaSpineHoldingsCorporation,SPNEV,https://quote.eastmoney.com/us/SPNEV.html
SapiensInternationalCorpNV,SPNS,https://quote.eastmoney.com/us/SPNS.html
SpokHoldingsInc,SPOK,https://quote.eastmoney.com/us/SPOK.html
SpotifyTechnologySA,SPOT,https://quote.eastmoney.com/us/SPOT.html
SanchezProductionPartnersLP-B,SPP,https://quote.eastmoney.com/us/SPP.html
SpectrumPharmaceuticalsInc,SPPI,https://quote.eastmoney.com/us/SPPI.html
SappiLtdADR,SPPJY,https://quote.eastmoney.com/us/SPPJY.html
SPROTTPHYSICALPLATINUMPALLADIUMTRUST,SPPP,https://quote.eastmoney.com/us/SPPP.html
SUPERTELHOSPITALITYINC,SPPR,https://quote.eastmoney.com/us/SPPR.html
SUPERTELHOSPITALITYINC,SPPRO,https://quote.eastmoney.com/us/SPPRO.html
SUPERTELHOSPITALITYINC,SPPRP,https://quote.eastmoney.com/us/SPPRP.html
SPIRITAEROSYSTEMS,SPR,https://quote.eastmoney.com/us/SPR.html
展讯,SPRD,https://quote.eastmoney.com/us/SPRD.html
SperoTherapeuticsInc,SPRO,https://quote.eastmoney.com/us/SPRO.html
Support.comInc,SPRT,https://quote.eastmoney.com/us/SPRT.html
SPDRPortfolioShortTermCorporateBondETF,SPSB,https://quote.eastmoney.com/us/SPSB.html
SPSCommerceInc,SPSC,https://quote.eastmoney.com/us/SPSC.html
SPDRPortfolioSmallCapETF,SPSM,https://quote.eastmoney.com/us/SPSM.html
SPDRPortfolioLongTermTreasuryETF,SPTL,https://quote.eastmoney.com/us/SPTL.html
SPDRPortfolioTotalStockMarketETF,SPTM,https://quote.eastmoney.com/us/SPTM.html
SpartanNashCo,SPTN,https://quote.eastmoney.com/us/SPTN.html
SPDRPortfolioShortTermTreasuryETF,SPTS,https://quote.eastmoney.com/us/SPTS.html
天人果汁,SPU,https://quote.eastmoney.com/us/SPU.html
MarketVectorsGlobalSpin-Off,SPUN,https://quote.eastmoney.com/us/SPUN.html
DirexionDailyS&P500Bull2x,SPUU,https://quote.eastmoney.com/us/SPUU.html
PowerSharesS&P500ValueWith,SPVM,https://quote.eastmoney.com/us/SPVM.html
PowerSharesS&P500ValuePortf,SPVU,https://quote.eastmoney.com/us/SPVU.html
SPX,SPW,https://quote.eastmoney.com/us/SPW.html
Sportsman’sWarehouseHoldingsInc,SPWH,https://quote.eastmoney.com/us/SPWH.html
太阳电力,SPWR,https://quote.eastmoney.com/us/SPWR.html
ProSharesS&P500BondETF,SPXB,https://quote.eastmoney.com/us/SPXB.html
SPXCorp,SPXC,https://quote.eastmoney.com/us/SPXC.html
ProSharesS&P500Ex-EnergyETF,SPXE,https://quote.eastmoney.com/us/SPXE.html
JanusVelocityVolatilityHedge,SPXH,https://quote.eastmoney.com/us/SPXH.html
DirexionDailyS&P500Bull3x,SPXL,https://quote.eastmoney.com/us/SPXL.html
ProSharesS&P500Ex-Financials,SPXN,https://quote.eastmoney.com/us/SPXN.html
DirexionDailyS&P500Bear3x,SPXS,https://quote.eastmoney.com/us/SPXS.html
ProSharesS&P500Ex-Technology,SPXT,https://quote.eastmoney.com/us/SPXT.html
ProSharesUltraproShortS&P50,SPXU,https://quote.eastmoney.com/us/SPXU.html
ProSharesS&P500Ex-HealthCar,SPXV,https://quote.eastmoney.com/us/SPXV.html
NuveenS&P500DynamicOverwrit,SPXX,https://quote.eastmoney.com/us/SPXX.html
SPDRS&P500ETFTrust,SPY,https://quote.eastmoney.com/us/SPY.html
SPDRS&P500BuybackETF,SPYB,https://quote.eastmoney.com/us/SPYB.html
SPDRS&P500HighDividendETF,SPYD,https://quote.eastmoney.com/us/SPYD.html
XtrackersS&P500ESGETF,SPYE,https://quote.eastmoney.com/us/SPYE.html
SPDRS&P500GrowthETF(Based,SPYG,https://quote.eastmoney.com/us/SPYG.html
SPDRS&P500GrowthETF(Based,SPYV,https://quote.eastmoney.com/us/SPYV.html
SPDRS&P500GrowthETF,SPYX,https://quote.eastmoney.com/us/SPYX.html
SquareInc-A,SQ,https://quote.eastmoney.com/us/SQ.html
SequentialBrandsGroupInc,SQBG,https://quote.eastmoney.com/us/SQBG.html
SQUARE1FINANCIALINC,SQBK,https://quote.eastmoney.com/us/SQBK.html
SCIQUESTINC,SQI,https://quote.eastmoney.com/us/SQI.html
LeggMasonSmall-CapQualityVa,SQLV,https://quote.eastmoney.com/us/SQLV.html
QUIMICAYMINERACHIL-SPADR,SQM,https://quote.eastmoney.com/us/SQM.html
SEQUENOMINC,SQNM,https://quote.eastmoney.com/us/SQNM.html
SequansCommunicationsSAADR,SQNS,https://quote.eastmoney.com/us/SQNS.html
ProsharesUltraproShortQqq,SQQQ,https://quote.eastmoney.com/us/SQQQ.html
ActiveAltsContrarianETF,SQZZ,https://quote.eastmoney.com/us/SQZZ.html
STANDARDREGISTERCO,SR,https://quote.eastmoney.com/us/SR.html
SpireIncSeriesAPfd,SR_A,https://quote.eastmoney.com/us/SR_A.html
SILVERRUNACQUISITIONCORP,SRAQ,https://quote.eastmoney.com/us/SRAQ.html
SILVERRUNACQUISITIONCORP,SRAQU,https://quote.eastmoney.com/us/SRAQU.html
SILVERRUNACQUISITIONCORP,SRAQW,https://quote.eastmoney.com/us/SRAQW.html
SRAXInc-A,SRAX,https://quote.eastmoney.com/us/SRAX.html
SPIRITREALTYCAPITALINC,SRC,https://quote.eastmoney.com/us/SRC.html
SpiritRealtyCapitalIncSerie,SRC_A,https://quote.eastmoney.com/us/SRC_A.html
1stSourceCorp,SRCE,https://quote.eastmoney.com/us/SRCE.html
SRCEnergyInc,SRCI,https://quote.eastmoney.com/us/SRCI.html
消毒循环,SRCL,https://quote.eastmoney.com/us/SRCL.html
StericycleInc,SRCLP,https://quote.eastmoney.com/us/SRCLP.html
SurmodicsInc,SRDX,https://quote.eastmoney.com/us/SRDX.html
SEMPRAENERGY,SRE,https://quote.eastmoney.com/us/SRE.html
SempraEnergySeriesAPfd,SRE_A,https://quote.eastmoney.com/us/SRE_A.html
SempraEnergySeriesBPfd,SRE_B,https://quote.eastmoney.com/us/SRE_B.html
SempraEnergyNotes,SREA,https://quote.eastmoney.com/us/SREA.html
GlobalXSuperdividendReitETF,SRET,https://quote.eastmoney.com/us/SRET.html
ServiceSourceInternationalInc,SREV,https://quote.eastmoney.com/us/SREV.html
TheCushingRoyalty&IncomeFu,SRF,https://quote.eastmoney.com/us/SRF.html
SeritageGrowthProperties-A,SRG,https://quote.eastmoney.com/us/SRG.html
SeritageGrowthPropertiesSeri,SRG_A,https://quote.eastmoney.com/us/SRG_A.html
STONERIDGEINC,SRI,https://quote.eastmoney.com/us/SRI.html
ScullyRoyaltyLtd,SRL,https://quote.eastmoney.com/us/SRL.html
SPDRBlackstone/GsoSeniorLoan,SRLN,https://quote.eastmoney.com/us/SRLN.html
SpragueResourcesLP,SRLP,https://quote.eastmoney.com/us/SRLP.html
SorrentoTherapeuticsInc,SRNE,https://quote.eastmoney.com/us/SRNE.html
SareptaTherapeuticsInc,SRPT,https://quote.eastmoney.com/us/SRPT.html
SierraOncologyInc,SRRA,https://quote.eastmoney.com/us/SRRA.html
ScholarRockHoldingCorp,SRRK,https://quote.eastmoney.com/us/SRRK.html
ProSharesUltrashortRealEstat,SRS,https://quote.eastmoney.com/us/SRS.html
SearsCanadaInc,SRSC,https://quote.eastmoney.com/us/SRSC.html
STARTEKINC,SRT,https://quote.eastmoney.com/us/SRT.html
SensusHealthcareInc,SRTS,https://quote.eastmoney.com/us/SRTS.html
"SensusHealthcare,Inc.",SRTSU,https://quote.eastmoney.com/us/SRTSU.html
SensusHealthcareIncWt,SRTSW,https://quote.eastmoney.com/us/SRTSW.html
ProSharesUltraproShortRussel,SRTY,https://quote.eastmoney.com/us/SRTY.html
SilverRunAcquisitionCorpII-A,SRUN,https://quote.eastmoney.com/us/SRUN.html
SilverRunAcquisitionCorpIIUnitConsof1CLA,SRUNU,https://quote.eastmoney.com/us/SRUNU.html
SilverRunAcquisitionCorpWt,SRUNW,https://quote.eastmoney.com/us/SRUNW.html
TheCushingMlpTotalReturnFu,SRV,https://quote.eastmoney.com/us/SRV.html
SIRVAINC,SRVA,https://quote.eastmoney.com/us/SRVA.html
PacerBenchmarkData&Infrastr,SRVR,https://quote.eastmoney.com/us/SRVR.html
SouthStateCorp,SSB,https://quote.eastmoney.com/us/SSB.html
SummitStateBank,SSBI,https://quote.eastmoney.com/us/SSBI.html
优点互动,SSC,https://quote.eastmoney.com/us/SSC.html
SIMPSONMANUFACTURINGCOINC,SSD,https://quote.eastmoney.com/us/SSD.html
SOUTHERNCONNECTICUTBANCORP,SSE,https://quote.eastmoney.com/us/SSE.html
StewardshipFinancialCorp,SSFN,https://quote.eastmoney.com/us/SSFN.html
ProSharesUltrashortSemiconduc,SSG,https://quote.eastmoney.com/us/SSG.html
SunshineHeartInc,SSH,https://quote.eastmoney.com/us/SSH.html
STAGESTORESINC,SSI,https://quote.eastmoney.com/us/SSI.html
STRATASkinSciencesInc,SSKN,https://quote.eastmoney.com/us/SSKN.html
SASOLLTD-SPONSOREDADR,SSL,https://quote.eastmoney.com/us/SSL.html
盛世乐居,SSLJ,https://quote.eastmoney.com/us/SSLJ.html
SESASTERLITELTD,SSLT,https://quote.eastmoney.com/us/SSLT.html
SAMSONOIL&GASLTD-SPADR,SSN,https://quote.eastmoney.com/us/SSN.html
SS&CTechnologiesHoldingsInc,SSNC,https://quote.eastmoney.com/us/SSNC.html
银泉网络,SSNI,https://quote.eastmoney.com/us/SSNI.html
SilverSunTechnologiesInc,SSNT,https://quote.eastmoney.com/us/SSNT.html
ProSharesUltraS&P500,SSO,https://quote.eastmoney.com/us/SSO.html
EWSCRIPPSCO-CLA,SSP,https://quote.eastmoney.com/us/SSP.html
SilverSpikeAcquisitionCorp-A,SSPK,https://quote.eastmoney.com/us/SSPK.html
SilverSpikeAcquisitionCorpUnitConsof1CLA,SSPKU,https://quote.eastmoney.com/us/SSPKU.html
SilverSpikeAcquisitionCorpWt,SSPKW,https://quote.eastmoney.com/us/SSPKW.html
SyntaxStratifiedLargeCapETF,SSPY,https://quote.eastmoney.com/us/SSPY.html
SYMMETRYSURGICALInc,SSRG,https://quote.eastmoney.com/us/SSRG.html
SilverStandardResourcesInc,SSRI,https://quote.eastmoney.com/us/SSRI.html
SSRMiningInc,SSRM,https://quote.eastmoney.com/us/SSRM.html
三生制药,SSRX,https://quote.eastmoney.com/us/SSRX.html
SOVRANSELFSTORAGEINC,SSS,https://quote.eastmoney.com/us/SSS.html
SutterRockCapitalCorp,SSSS,https://quote.eastmoney.com/us/SSSS.html
SPDRBarclaysShortTermTreasu,SST,https://quote.eastmoney.com/us/SST.html
枪击探测,SSTI,https://quote.eastmoney.com/us/SSTI.html
ShutterstockInc,SSTK,https://quote.eastmoney.com/us/SSTK.html
塞斯潘,SSW,https://quote.eastmoney.com/us/SSW.html
SeaspanCorporation,SSW_C,https://quote.eastmoney.com/us/SSW_C.html
SeaspanCorporation,SSW_C_CL,https://quote.eastmoney.com/us/SSW_C_CL.html
SeaspanCorporation,SSW_D,https://quote.eastmoney.com/us/SSW_D.html
SeaspanCorporation,SSW_E,https://quote.eastmoney.com/us/SSW_E.html
SeaspanCorp,SSW_G,https://quote.eastmoney.com/us/SSW_G.html
SeaspanCorporation,SSW_H,https://quote.eastmoney.com/us/SSW_H.html
SeaspanCorpSeriesIPfd,SSW_I,https://quote.eastmoney.com/us/SSW_I.html
SeaspanCorpNotes,SSWA,https://quote.eastmoney.com/us/SSWA.html
SeaspanCorporation,SSWN,https://quote.eastmoney.com/us/SSWN.html
SUNLINKHEALTHSYSTEMSINC,SSY,https://quote.eastmoney.com/us/SSY.html
StratasysLtd,SSYS,https://quote.eastmoney.com/us/SSYS.html
SENSATATECHNOLOGIES,ST,https://quote.eastmoney.com/us/ST.html
STAARSurgicalCo,STAA,https://quote.eastmoney.com/us/STAA.html
Staffing360SolutionsInc,STAF,https://quote.eastmoney.com/us/STAF.html
STAGIndustrialInc,STAG,https://quote.eastmoney.com/us/STAG.html
StagIndustrialInc,STAG_A,https://quote.eastmoney.com/us/STAG_A.html
StagIndustrial,STAG_A_CL,https://quote.eastmoney.com/us/STAG_A_CL.html
StagIndustrialInc,STAG_B,https://quote.eastmoney.com/us/STAG_B.html
StagIndustrialInc,STAG_C,https://quote.eastmoney.com/us/STAG_C.html
iStarInc,STAR,https://quote.eastmoney.com/us/STAR.html
ISTARFINANCIALINC,STAR B,https://quote.eastmoney.com/us/STAR B.html
iStarFinancialInc,STAR_D,https://quote.eastmoney.com/us/STAR_D.html
iStarFinancialInc,STAR_E,https://quote.eastmoney.com/us/STAR_E.html
iStarFinancialInc,STAR_F,https://quote.eastmoney.com/us/STAR_F.html
iStarFinancialInc,STAR_G,https://quote.eastmoney.com/us/STAR_G.html
iStarFinancialInc,STAR_I,https://quote.eastmoney.com/us/STAR_I.html
ISTARFINANCIALINC,STARB,https://quote.eastmoney.com/us/STARB.html
ExtendedStayAmericaInc,STAY,https://quote.eastmoney.com/us/STAY.html
StudentTransportationInc,STB,https://quote.eastmoney.com/us/STB.html
S&TBancorpInc,STBA,https://quote.eastmoney.com/us/STBA.html
StateBankFinancialCorp,STBZ,https://quote.eastmoney.com/us/STBZ.html
STEWARTINFORMATIONSERVICES,STC,https://quote.eastmoney.com/us/STC.html
STOCKBUILDINGSUPPLYHOLDINGS,STCK,https://quote.eastmoney.com/us/STCK.html
SteelConnectInc,STCN,https://quote.eastmoney.com/us/STCN.html
BANCOSANTANDERS.A.,STDPF,https://quote.eastmoney.com/us/STDPF.html
SteadyMedLtd,STDY,https://quote.eastmoney.com/us/STDY.html
STERISCORP,STE,https://quote.eastmoney.com/us/STE.html
STERISLtd,STE_,https://quote.eastmoney.com/us/STE_.html
STECINC,STEC,https://quote.eastmoney.com/us/STEC.html
STEWARTENTERPRISESINC-CLA,STEI,https://quote.eastmoney.com/us/STEI.html
STELLARONECORP,STEL,https://quote.eastmoney.com/us/STEL.html
STEMCELLSINC,STEM,https://quote.eastmoney.com/us/STEM.html
StateAutoFinancialCorp,STFC,https://quote.eastmoney.com/us/STFC.html
尚德机构,STG,https://quote.eastmoney.com/us/STG.html
太阳信托,STI,https://quote.eastmoney.com/us/STI.html
SunTrustBanksInc,STI_A,https://quote.eastmoney.com/us/STI_A.html
SunTrustBanksInc,STI_E,https://quote.eastmoney.com/us/STI_E.html
SunTrustBanksIncWt-A,STI_WS_A,https://quote.eastmoney.com/us/STI_WS_A.html
SunTrustBanksIncWt-B,STI_WS_B,https://quote.eastmoney.com/us/STI_WS_B.html
NeuroneticsInc,STIM,https://quote.eastmoney.com/us/STIM.html
iShares0-5YearTipsBondETF,STIP,https://quote.eastmoney.com/us/STIP.html
圣犹达医疗,STJ,https://quote.eastmoney.com/us/STJ.html
ColumbiaSeligmanPremiumTechn,STK,https://quote.eastmoney.com/us/STK.html
SunOptaInc,STKL,https://quote.eastmoney.com/us/STKL.html
TheONEGroupHospitalityInc,STKS,https://quote.eastmoney.com/us/STKS.html
STERLINGBANCORP-NY,STL,https://quote.eastmoney.com/us/STL.html
SterlingBancorpSeriesAPfd,STL_A,https://quote.eastmoney.com/us/STL_A.html
SteelDynamicsInc,STLD,https://quote.eastmoney.com/us/STLD.html
StellarAcquisitionIIIInc,STLR,https://quote.eastmoney.com/us/STLR.html
StellarAcquisitionIIIIncUnitConsof1Sh+1,STLRU,https://quote.eastmoney.com/us/STLRU.html
StellarAcquisitionIIIIncWt,STLRW,https://quote.eastmoney.com/us/STLRW.html
StanleyFurnitureCoInc,STLY,https://quote.eastmoney.com/us/STLY.html
意法半导体,STM,https://quote.eastmoney.com/us/STM.html
StemlineTherapeuticsInc,STML,https://quote.eastmoney.com/us/STML.html
Stamps.comInc,STMP,https://quote.eastmoney.com/us/STMP.html
STANTECINC,STN,https://quote.eastmoney.com/us/STN.html
StandardAVBFinancialCorp,STND,https://quote.eastmoney.com/us/STND.html
StoneCoLtd-A,STNE,https://quote.eastmoney.com/us/STNE.html
ScorpioTankersInc,STNG,https://quote.eastmoney.com/us/STNG.html
SentinelEnergyServicesInc-A,STNL,https://quote.eastmoney.com/us/STNL.html
SentinelEnergyServicesIncUnitConsof1CLA+,STNLU,https://quote.eastmoney.com/us/STNLU.html
SentinelEnergyServicesIncWt,STNLW,https://quote.eastmoney.com/us/STNLW.html
STEINERLEISURELTD,STNR,https://quote.eastmoney.com/us/STNR.html
STATOILHYDROASA-SPONADR,STO,https://quote.eastmoney.com/us/STO.html
StokeTherapeuticsInc,STOK,https://quote.eastmoney.com/us/STOK.html
StoneMorPartnersLP,STON,https://quote.eastmoney.com/us/STON.html
STORECapitalCorp,STOR,https://quote.eastmoney.com/us/STOR.html
SPDRDoubleLineShortDuration,STOT,https://quote.eastmoney.com/us/STOT.html
尚德电力,STPFQ,https://quote.eastmoney.com/us/STPFQ.html
IpathrUsTreasurySteepenerEt,STPP,https://quote.eastmoney.com/us/STPP.html
iPathUSTreasurySteepenerETN,STPP_NASDAQ,https://quote.eastmoney.com/us/STPP_NASDAQ.html
Pimco1-5YearU.S.TipsIndex,STPZ,https://quote.eastmoney.com/us/STPZ.html
QUESTAR,STR,https://quote.eastmoney.com/us/STR.html
STRAYEREDUCATIONINC,STRA,https://quote.eastmoney.com/us/STRA.html
SRI/SURGICALEXPRESSINC,STRC,https://quote.eastmoney.com/us/STRC.html
STRHOLDINGS,STRI,https://quote.eastmoney.com/us/STRI.html
STERLINGCONSTRUCTIONCO,STRL,https://quote.eastmoney.com/us/STRL.html
STREAMLINEHEALTHSOLUTIONS,STRM,https://quote.eastmoney.com/us/STRM.html
SUTRONCORP,STRN,https://quote.eastmoney.com/us/STRN.html
SutroBiopharmaInc,STRO,https://quote.eastmoney.com/us/STRO.html
StraightPathCommunicationsInc-B,STRP,https://quote.eastmoney.com/us/STRP.html
StratusPropertiesInc,STRS,https://quote.eastmoney.com/us/STRS.html
STRATTECSECURITYCORP,STRT,https://quote.eastmoney.com/us/STRT.html
STARZ-A,STRZA,https://quote.eastmoney.com/us/STRZA.html
STARZ-B,STRZB,https://quote.eastmoney.com/us/STRZB.html
SUPREMEINDSINC-CLASSA,STS,https://quote.eastmoney.com/us/STS.html
SatsumaPharmaceuticalsInc,STSA,https://quote.eastmoney.com/us/STSA.html
STARSCIENTIFICINC,STSI,https://quote.eastmoney.com/us/STSI.html
STALWARTTANKERSINC.,STST,https://quote.eastmoney.com/us/STST.html
道富,STT,https://quote.eastmoney.com/us/STT.html
StateStreetCorporation,STT_C,https://quote.eastmoney.com/us/STT_C.html
StateStreetCorporation,STT_D,https://quote.eastmoney.com/us/STT_D.html
StateStreetCorporation,STT_E,https://quote.eastmoney.com/us/STT_E.html
StateStreetCorporation,STT_G,https://quote.eastmoney.com/us/STT_G.html
永新视博,STV,https://quote.eastmoney.com/us/STV.html
"SnapInteractive,Inc",STVI,https://quote.eastmoney.com/us/STVI.html
StarwoodPropertyTrustInc,STWD,https://quote.eastmoney.com/us/STWD.html
希捷科技,STX,https://quote.eastmoney.com/us/STX.html
SpiritofTexasBancsharesInc,STXB,https://quote.eastmoney.com/us/STXB.html
趋实医疗设备,STXS,https://quote.eastmoney.com/us/STXS.html
STEREOTAXISINC,STXSW,https://quote.eastmoney.com/us/STXSW.html
AlpsStoxxEurope600ETF,STXX,https://quote.eastmoney.com/us/STXX.html
星座公司,STZ,https://quote.eastmoney.com/us/STZ.html
CONSTELLATIONBRANDSIncCLASSB,B,https://quote.eastmoney.com/us/STZ/B.html
星座酒业-B,STZ_B,https://quote.eastmoney.com/us/STZ_B.html
SUNCORENERGYINC,SU,https://quote.eastmoney.com/us/SU.html
iSharesShort-TermNationalAMT,SUB,https://quote.eastmoney.com/us/SUB.html
DeutscheX-TrackersSolactiveI,SUBD,https://quote.eastmoney.com/us/SUBD.html
SUFFOLKBANCORP,SUBK,https://quote.eastmoney.com/us/SUBK.html
SUNCOMMUNITIESINC,SUI,https://quote.eastmoney.com/us/SUI.html
SunCommunitiesInc,SUI_A,https://quote.eastmoney.com/us/SUI_A.html
SummitMaterialsInc-A,SUM,https://quote.eastmoney.com/us/SUM.html
SummerInfantInc,SUMR,https://quote.eastmoney.com/us/SUMR.html
SunocoLP,SUN,https://quote.eastmoney.com/us/SUN.html
"SUNEDISON,INC.",SUNE,https://quote.eastmoney.com/us/SUNE.html
SolarSeniorCapitalLtd,SUNS,https://quote.eastmoney.com/us/SUNS.html
SunworksInc,SUNW,https://quote.eastmoney.com/us/SUNW.html
SUPERIORINDUSTRIESINTL,SUP,https://quote.eastmoney.com/us/SUP.html
SupernusPharmaceuticalsInc,SUPN,https://quote.eastmoney.com/us/SUPN.html
GrupoSupervielleSAADR,SUPV,https://quote.eastmoney.com/us/SUPV.html
SUPERTEXINC,SUPX,https://quote.eastmoney.com/us/SUPX.html
SurfaceOncologyInc,SURF,https://quote.eastmoney.com/us/SURF.html
SYNERGETICSUSAINC,SURG,https://quote.eastmoney.com/us/SURG.html
iSharesMSCIUSAESGSelectETF,SUSA,https://quote.eastmoney.com/us/SUSA.html
iSharesESG1-5YearUSDCorpor,SUSB,https://quote.eastmoney.com/us/SUSB.html
iSharesESGUSDCorporateBond,SUSC,https://quote.eastmoney.com/us/SUSC.html
iSharesESGMSCIUSALeadersET,SUSL,https://quote.eastmoney.com/us/SUSL.html
SUSSERPETROLEUMPARTNERSLP,SUSP,https://quote.eastmoney.com/us/SUSP.html
SUSQUEHANNABANCSHARESINC,SUSQ,https://quote.eastmoney.com/us/SUSQ.html
SUSSERHOLDINGSCORP,SUSS,https://quote.eastmoney.com/us/SUSS.html
森特集团,SUTR,https://quote.eastmoney.com/us/SUTR.html
SuzanoSAADR,SUZ,https://quote.eastmoney.com/us/SUZ.html
SuzanoPapeleCeluloseSAADRWI,SUZ_V,https://quote.eastmoney.com/us/SUZ_V.html
SuzanoPapeleCeluloseSAADR,SUZW,https://quote.eastmoney.com/us/SUZW.html
科兴生物,SVA,https://quote.eastmoney.com/us/SVA.html
SevernBancorpInc,SVBI,https://quote.eastmoney.com/us/SVBI.html
SILVERBULLRESOURCESINC,SVBL,https://quote.eastmoney.com/us/SVBL.html
SILVERCRESTMINESInc,SVLC,https://quote.eastmoney.com/us/SVLC.html
希尔威金属矿业,SVM,https://quote.eastmoney.com/us/SVM.html
SVMKInc,SVMK,https://quote.eastmoney.com/us/SVMK.html
7天连锁,SVN,https://quote.eastmoney.com/us/SVN.html
SAVIENTPHARMACEUTICALSINC,SVNTQ,https://quote.eastmoney.com/us/SVNTQ.html
"SevionTherapeutics,Inc.",SVON,https://quote.eastmoney.com/us/SVON.html
SavaraInc,SVRA,https://quote.eastmoney.com/us/SVRA.html
SERVOTRONICSINC,SVT,https://quote.eastmoney.com/us/SVT.html
超价商店,SVU,https://quote.eastmoney.com/us/SVU.html
FirsthandTechnologyValueFundInc,SVVC,https://quote.eastmoney.com/us/SVVC.html
ProSharesShortVIXShort-Term,SVXY,https://quote.eastmoney.com/us/SVXY.html
AmplifyBlackSwanGrowth&Trea,SWAN,https://quote.eastmoney.com/us/SWAN.html
ShockWaveMedicalInc,SWAV,https://quote.eastmoney.com/us/SWAV.html
STARWOODWAYPOINTRESIDENTIALTRUST,SWAY,https://quote.eastmoney.com/us/SWAY.html
STILLWATERMININGCOMPANY,SWC,https://quote.eastmoney.com/us/SWC.html
SwitchInc-A,SWCH,https://quote.eastmoney.com/us/SWCH.html
美国转运交通公司,SWFT,https://quote.eastmoney.com/us/SWFT.html
STANLEYBLACK&DECKERIncCORPORATEUNITS,SWH,https://quote.eastmoney.com/us/SWH.html
史密斯威森,SWHC,https://quote.eastmoney.com/us/SWHC.html
SOLARWINDS,SWI,https://quote.eastmoney.com/us/SWI.html
ALPS/DorseyWrightSectorMomen,SWIN,https://quote.eastmoney.com/us/SWIN.html
SierraWirelessInc,SWIR,https://quote.eastmoney.com/us/SWIR.html
StanleyBlack&DeckerInc,SWJ,https://quote.eastmoney.com/us/SWJ.html
史丹利,SWK,https://quote.eastmoney.com/us/SWK.html
思佳讯,SWKS,https://quote.eastmoney.com/us/SWKS.html
SCHWEITZER-MAUDUITINTLINC,SWM,https://quote.eastmoney.com/us/SWM.html
西南能源,SWN,https://quote.eastmoney.com/us/SWN.html
SouthwesternEnergyCompany,SWNC,https://quote.eastmoney.com/us/SWNC.html
StanleyBlack&DeckerInc,SWP,https://quote.eastmoney.com/us/SWP.html
SWSGROUPINC,SWS,https://quote.eastmoney.com/us/SWS.html
SWISHERHYGIENE,SWSH,https://quote.eastmoney.com/us/SWSH.html
SpringWorksTherapeuticsInc,SWTX,https://quote.eastmoney.com/us/SWTX.html
STANLEYBLACK&DECKERCONVERTIBLEPREFERREDUNITS,SWU,https://quote.eastmoney.com/us/SWU.html
SOUTHWESTGASCORP,SWX,https://quote.eastmoney.com/us/SWX.html
西夫韦,SWY,https://quote.eastmoney.com/us/SWY.html
SwissHelvetiaFundInc,SWZ,https://quote.eastmoney.com/us/SWZ.html
S1BiopharmaInc,SXB,https://quote.eastmoney.com/us/SXB.html
S1BiopharmaIncUnitConsof1Sh+1Wt-A+1Wt,SXBUU,https://quote.eastmoney.com/us/SXBUU.html
SUNCOKEENERGY,SXC,https://quote.eastmoney.com/us/SXC.html
SteelExcelInc.,SXCL,https://quote.eastmoney.com/us/SXCL.html
SunCokeEnergyPartnersLP,SXCP,https://quote.eastmoney.com/us/SXCP.html
SOUTHCROSSENERGYPARTNERSLP,SXE,https://quote.eastmoney.com/us/SXE.html
南十字能源,SXEE,https://quote.eastmoney.com/us/SXEE.html
STANDEXINTERNATIONALCORP,SXI,https://quote.eastmoney.com/us/SXI.html
SUNOCOLOGISTICSPARTNERSLPCOMMONU,SXL,https://quote.eastmoney.com/us/SXL.html
SENSIENTTECHNOLOGIESCORP,SXT,https://quote.eastmoney.com/us/SXT.html
苏轩堂,SXTC,https://quote.eastmoney.com/us/SXTC.html
新氧,SY,https://quote.eastmoney.com/us/SY.html
SYMETRAFINANCIAL,SYA,https://quote.eastmoney.com/us/SYA.html
StockYardsBancorpInc,SYBT,https://quote.eastmoney.com/us/SYBT.html
SYBANCORPINC,SYBTP,https://quote.eastmoney.com/us/SYBTP.html
合成生物,SYBX,https://quote.eastmoney.com/us/SYBX.html
SPDRMFSSystematicCoreEquity,SYE,https://quote.eastmoney.com/us/SYE.html
SynchronyFinancial,SYF,https://quote.eastmoney.com/us/SYF.html
SPDRMFSSystematicGrowthEqui,SYG,https://quote.eastmoney.com/us/SYG.html
史赛克,SYK,https://quote.eastmoney.com/us/SYK.html
赛科斯,SYKE,https://quote.eastmoney.com/us/SYKE.html
CambriaShareholderYieldETF,SYLD,https://quote.eastmoney.com/us/SYLD.html
赛门铁克,SYMC,https://quote.eastmoney.com/us/SYMC.html
SYMMETRICOMINC,SYMM,https://quote.eastmoney.com/us/SYMM.html
综合能源系统,SYMX,https://quote.eastmoney.com/us/SYMX.html
SYNTHETICBIOLOGICSINC,SYN,https://quote.eastmoney.com/us/SYN.html
SynapticsInc,SYNA,https://quote.eastmoney.com/us/SYNA.html
SynacorInc,SYNC,https://quote.eastmoney.com/us/SYNC.html
SyneosHealthInc-A,SYNH,https://quote.eastmoney.com/us/SYNH.html
SynalloyCorp,SYNL,https://quote.eastmoney.com/us/SYNL.html
SYNTROLEUMCORP,SYNM,https://quote.eastmoney.com/us/SYNM.html
SyntelInc,SYNT,https://quote.eastmoney.com/us/SYNT.html
SyprisSolutionsInc,SYPR,https://quote.eastmoney.com/us/SYPR.html
SynergyResourcesCorporation,SYRG,https://quote.eastmoney.com/us/SYRG.html
SyrosPharmaceuticalsInc,SYRS,https://quote.eastmoney.com/us/SYRS.html
SYSOREXGLOBALHOLDINGSCORP,SYRX,https://quote.eastmoney.com/us/SYRX.html
思源,SYSW,https://quote.eastmoney.com/us/SYSW.html
SYNGENTAAG-ADR,SYT,https://quote.eastmoney.com/us/SYT.html
DirexionDaily7-10YearTreasu,SYTL,https://quote.eastmoney.com/us/SYTL.html
圣元国际,SYUT,https://quote.eastmoney.com/us/SYUT.html
SPDRMFSSystematicValueEquit,SYV,https://quote.eastmoney.com/us/SYV.html
SYSTEMAXINC,SYX,https://quote.eastmoney.com/us/SYX.html
西斯科,SYY,https://quote.eastmoney.com/us/SYY.html
THECUSHINGRENAISSANCEFUND,SZC,https://quote.eastmoney.com/us/SZC.html
TheCushingRenaissanceFundRt,SZCR,https://quote.eastmoney.com/us/SZCR.html
TheCushingRenaissanceFundRt,SZCRW,https://quote.eastmoney.com/us/SZCRW.html
ProSharesUltrashortConsumerG,SZK,https://quote.eastmoney.com/us/SZK.html
SIZMEKInc,SZMK,https://quote.eastmoney.com/us/SZMK.html
PacerCFRA-StovallEqualWeight,SZNE,https://quote.eastmoney.com/us/SZNE.html
PacerCFRA-StovallGlobalSeaso,SZNG,https://quote.eastmoney.com/us/SZNG.html
PacerCFRA-StovallLargeCapSe,SZNL,https://quote.eastmoney.com/us/SZNL.html
PacerCFRA-StovallSmallCapSe,SZNZ,https://quote.eastmoney.com/us/SZNZ.html
DBCrudeOilShortExchangeTra,SZO,https://quote.eastmoney.com/us/SZO.html
SOLAZYME,SZYM,https://quote.eastmoney.com/us/SZYM.html
美国电话电报,T,https://quote.eastmoney.com/us/T.html
TRAVELCENTERSOFAMERICALLC,TA,https://quote.eastmoney.com/us/TA.html
TRANSALTACORP,TAC,https://quote.eastmoney.com/us/TAC.html
DelTacoRestaurantsInc-A,TACO,https://quote.eastmoney.com/us/TACO.html
LEVYACQUISITIONCORP,TACOU,https://quote.eastmoney.com/us/TACOU.html
DelTacoRestaurantsIncWt,TACOW,https://quote.eastmoney.com/us/TACOW.html
