name_cn,name_en,url
DeutscheX-TrackersHarvestCSI,ASHS,https://quote.eastmoney.com/us/ASHS.html
AshlandGlobalHoldingsInc,ASHW,https://quote.eastmoney.com/us/ASHW.html
DeutscheX-trackersCSI300Chi,ASHX,https://quote.eastmoney.com/us/ASHX.html
AMERICANSAFETYINSHOLDINGS,ASI,https://quote.eastmoney.com/us/ASI.html
亚信联创,ASIA,https://quote.eastmoney.com/us/ASIA.html
AdvanSixInc,ASIX,https://quote.eastmoney.com/us/ASIX.html
亚狮康药业,ASLN,https://quote.eastmoney.com/us/ASLN.html
AvinoSilver&GoldMinesLtd,ASM,https://quote.eastmoney.com/us/ASM.html
AssemblyBiosciencesInc,ASMB,https://quote.eastmoney.com/us/ASMB.html
ASMINTERNATIONALNV,ASMI,https://quote.eastmoney.com/us/ASMI.html
阿斯麦,ASML,https://quote.eastmoney.com/us/ASML.html
AscenaRetailGroupInc,ASNA,https://quote.eastmoney.com/us/ASNA.html
AscendisPharmaASADR,ASND,https://quote.eastmoney.com/us/ASND.html
ArsanisInc,ASNS,https://quote.eastmoney.com/us/ASNS.html
AspenAerogelsInc,ASPN,https://quote.eastmoney.com/us/ASPN.html
AltisourcePortfolioSolutions,ASPS,https://quote.eastmoney.com/us/ASPS.html
艾斯潘集团,ASPU,https://quote.eastmoney.com/us/ASPU.html
"AuspexPharmaceuticals,Inc.",ASPX,https://quote.eastmoney.com/us/ASPX.html
GRUPOAEROPORTUARIOSUR-ADR,ASR,https://quote.eastmoney.com/us/ASR.html
AssertioTherapeuticsInc,ASRT,https://quote.eastmoney.com/us/ASRT.html
AmeriServFinancialInc,ASRV,https://quote.eastmoney.com/us/ASRV.html
AMERISERVFINANCIALINC,ASRVP,https://quote.eastmoney.com/us/ASRVP.html
AsteriasBiotherapeuticsInc-A,AST,https://quote.eastmoney.com/us/AST.html
AsteriasBiotherapeuticsIncWt,AST_WS,https://quote.eastmoney.com/us/AST_WS.html
AstrotechCorp,ASTC,https://quote.eastmoney.com/us/ASTC.html
AstecIndustriesInc,ASTE,https://quote.eastmoney.com/us/ASTE.html
ASCENTSOLARTECHNOLOGIES,ASTI,https://quote.eastmoney.com/us/ASTI.html
AASTROMBIOSCIENCESINC,ASTM,https://quote.eastmoney.com/us/ASTM.html
ASTEXPHARMACEUTICALS,ASTX,https://quote.eastmoney.com/us/ASTX.html
AsureSoftwareInc,ASUR,https://quote.eastmoney.com/us/ASUR.html
ASVHoldingsInc,ASV,https://quote.eastmoney.com/us/ASV.html
"ASETechnologyHoldingCo.,Ltd.",ASX,https://quote.eastmoney.com/us/ASX.html
AmtechSystemsInc,ASYS,https://quote.eastmoney.com/us/ASYS.html
ATLANTICPOWER,AT,https://quote.eastmoney.com/us/AT.html
AtlanticAcquisitionCorp,ATAC,https://quote.eastmoney.com/us/ATAC.html
AtlanticAcquisitionCorpRt,ATACR,https://quote.eastmoney.com/us/ATACR.html
AtlanticAcquisitionCorpUnitConsof1Sh+1Rt,ATACU,https://quote.eastmoney.com/us/ATACU.html
ATAIncADR,ATAI,https://quote.eastmoney.com/us/ATAI.html
AmericaFirstMultifamilyInvestorsLP,ATAX,https://quote.eastmoney.com/us/ATAX.html
ADVANTESTCORP-ADR,ATE,https://quote.eastmoney.com/us/ATE.html
ASTEAINTLINC,ATEA,https://quote.eastmoney.com/us/ATEA.html
AlphatecHoldingsInc,ATEC,https://quote.eastmoney.com/us/ATEC.html
A10NetworksInc,ATEN,https://quote.eastmoney.com/us/ATEN.html
AnterixInc,ATEX,https://quote.eastmoney.com/us/ATEX.html
AdtalemGlobalEducationInc,ATGE,https://quote.eastmoney.com/us/ATGE.html
AtheneHoldingLtd-A,ATH,https://quote.eastmoney.com/us/ATH.html
AtheneHoldingLtdSeriesAPfd,ATH_A,https://quote.eastmoney.com/us/ATH_A.html
AlterityTherapeuticsLtdADR,ATHE,https://quote.eastmoney.com/us/ATHE.html
ATHLONENERGY,ATHL,https://quote.eastmoney.com/us/ATHL.html
汽车之家,ATHM,https://quote.eastmoney.com/us/ATHM.html
雅典娜保健,ATHN,https://quote.eastmoney.com/us/ATHN.html
AthersysInc,ATHX,https://quote.eastmoney.com/us/ATHX.html
冶联科技,ATI,https://quote.eastmoney.com/us/ATI.html
亚洲时代国际金融,ATIF,https://quote.eastmoney.com/us/ATIF.html
AttisIndustriesInc,ATIS,https://quote.eastmoney.com/us/ATIS.html
AttisIndustriesIncWt,ATISW,https://quote.eastmoney.com/us/ATISW.html
ATK,ATK,https://quote.eastmoney.com/us/ATK.html
AtkoreInternationalGroupInc,ATKR,https://quote.eastmoney.com/us/ATKR.html
ATLATSARESOURCES,ATL,https://quote.eastmoney.com/us/ATL.html
AtlanticusHoldingsCorp,ATLC,https://quote.eastmoney.com/us/ATLC.html
艾姆斯银行控股,ATLO,https://quote.eastmoney.com/us/ATLO.html
阿特拉斯能源,ATLS,https://quote.eastmoney.com/us/ATLS.html
ATMIINC,ATMI,https://quote.eastmoney.com/us/ATMI.html
爱特梅尔公司,ATML,https://quote.eastmoney.com/us/ATML.html
BarclaysETN+SelectMLPETN,ATMP,https://quote.eastmoney.com/us/ATMP.html
AtomeraInc,ATMR,https://quote.eastmoney.com/us/ATMR.html
大西洋电讯网络国际,ATNI,https://quote.eastmoney.com/us/ATNI.html
ActiniumPharmaceuticalsInc,ATNM,https://quote.eastmoney.com/us/ATNM.html
雅典娜制药,ATNX,https://quote.eastmoney.com/us/ATNX.html
API技术公司,ATNY,https://quote.eastmoney.com/us/ATNY.html
ATMOSENERGY,ATO,https://quote.eastmoney.com/us/ATO.html
AtomeraInc,ATOM,https://quote.eastmoney.com/us/ATOM.html
AtossaGeneticsInc,ATOS,https://quote.eastmoney.com/us/ATOS.html
APTARGROUP,ATR,https://quote.eastmoney.com/us/ATR.html
AtaraBiotherapeuticsInc,ATRA,https://quote.eastmoney.com/us/ATRA.html
AtriCureInc,ATRC,https://quote.eastmoney.com/us/ATRC.html
AtrionCorp,ATRI,https://quote.eastmoney.com/us/ATRI.html
AETRIUMINC,ATRM,https://quote.eastmoney.com/us/ATRM.html
AstronicsCorp,ATRO,https://quote.eastmoney.com/us/ATRO.html
安塔尔制药,ATRS,https://quote.eastmoney.com/us/ATRS.html
美国航空运输服务,ATSG,https://quote.eastmoney.com/us/ATSG.html
AtentoSA,ATTO,https://quote.eastmoney.com/us/ATTO.html
AttunityLtd,ATTU,https://quote.eastmoney.com/us/ATTU.html
ACTUANTCORP-CLA,ATU,https://quote.eastmoney.com/us/ATU.html
阿尔蒂斯美国,ATUS,https://quote.eastmoney.com/us/ATUS.html
橡果国际,ATV,https://quote.eastmoney.com/us/ATV.html
动视暴雪,ATVI,https://quote.eastmoney.com/us/ATVI.html
ATWOODOCEANICS,ATW,https://quote.eastmoney.com/us/ATW.html
ATCROSSCO-CLA,ATX,https://quote.eastmoney.com/us/ATX.html
大道制药,ATXI,https://quote.eastmoney.com/us/ATXI.html
ANGLOGOLDASHANTI-SPONADR,AU,https://quote.eastmoney.com/us/AU.html
AtlanticUnionBanksharesCorp,AUB,https://quote.eastmoney.com/us/AUB.html
AuburnNationalBancorporationInc,AUBN,https://quote.eastmoney.com/us/AUBN.html
奥科,AUDC,https://quote.eastmoney.com/us/AUDC.html
奥云资源,AUG,https://quote.eastmoney.com/us/AUG.html
DefianceFutureTechETF,AUGR,https://quote.eastmoney.com/us/AUGR.html
ARCAPITALACQUISITIONCorp,AUMA,https://quote.eastmoney.com/us/AUMA.html
ARCAPITALACQUISITION,AUMAU,https://quote.eastmoney.com/us/AUMAU.html
ARCAPITALACQUISITIONCorp,AUMAW,https://quote.eastmoney.com/us/AUMAW.html
黄金矿业,AUMN,https://quote.eastmoney.com/us/AUMN.html
WisdomTreeDreyfusAustralia&,AUNZ,https://quote.eastmoney.com/us/AUNZ.html
友达光电,AUO,https://quote.eastmoney.com/us/AUO.html
AuriniaPharmaceuticalsInc,AUPH,https://quote.eastmoney.com/us/AUPH.html
AURICOGOLD,AUQ,https://quote.eastmoney.com/us/AUQ.html
WisdomTreeAustraliaDividendF,AUSE,https://quote.eastmoney.com/us/AUSE.html
GlobalXAdaptiveU.S.FactorE,AUSF,https://quote.eastmoney.com/us/AUSF.html
AutolusTherapeuticsLtdADR,AUTL,https://quote.eastmoney.com/us/AUTL.html
AutoWebInc,AUTO,https://quote.eastmoney.com/us/AUTO.html
AUXILIUMPHARMACEUTICALSINC,AUXL,https://quote.eastmoney.com/us/AUXL.html
AuxilioInc,AUXO,https://quote.eastmoney.com/us/AUXO.html
YAMANAGOLDINC,AUY,https://quote.eastmoney.com/us/AUY.html
AVIVAPLC,AV,https://quote.eastmoney.com/us/AV.html
AVISTACORP,AVA,https://quote.eastmoney.com/us/AVA.html
GrupoAvalAccionesyValoresSAADRPfd,AVAL,https://quote.eastmoney.com/us/AVAL.html
AeroVironmentInc,AVAV,https://quote.eastmoney.com/us/AVAV.html
AVALONBAY,AVB,https://quote.eastmoney.com/us/AVB.html
ADVOCATINC,AVCA,https://quote.eastmoney.com/us/AVCA.html
AvalonGloboCareCorp,AVCO,https://quote.eastmoney.com/us/AVCO.html
AMERICANVANGUARDCORP,AVD,https://quote.eastmoney.com/us/AVD.html
AvadelPharmaceuticalsplcADR,AVDL,https://quote.eastmoney.com/us/AVDL.html
AvedroInc,AVDR,https://quote.eastmoney.com/us/AVDR.html
AVEOPharmaceuticalsInc,AVEO,https://quote.eastmoney.com/us/AVEO.html
AMERICANINTERNATIONALGROUPINC,AVF,https://quote.eastmoney.com/us/AVF.html
AVGTECHNOLOGIES,AVG,https://quote.eastmoney.com/us/AVG.html
博通,AVGO,https://quote.eastmoney.com/us/AVGO.html
AvingerInc,AVGR,https://quote.eastmoney.com/us/AVGR.html
AVIANCAHOLDINGSS.A.,AVH,https://quote.eastmoney.com/us/AVH.html
艾威地产,AVHI,https://quote.eastmoney.com/us/AVHI.html
AdvantageInsuranceInc,AVI,https://quote.eastmoney.com/us/AVI.html
AvidTechnologyInc,AVID,https://quote.eastmoney.com/us/AVID.html
AviragenTherapeuticsInc,AVIR,https://quote.eastmoney.com/us/AVIR.html
AVIVREITINC,AVIV,https://quote.eastmoney.com/us/AVIV.html
AdventClaymoreConvertibleSec,AVK,https://quote.eastmoney.com/us/AVK.html
AVALONRAREMETALS,AVL,https://quote.eastmoney.com/us/AVL.html
AvalaraInc,AVLR,https://quote.eastmoney.com/us/AVLR.html
AVANIRPHARMACEUTICALSINC-A,AVNR,https://quote.eastmoney.com/us/AVNR.html
AvanosMedicalInc,AVNS,https://quote.eastmoney.com/us/AVNS.html
"AVENUEFINANCIALHOLDINGS,INC.",AVNU,https://quote.eastmoney.com/us/AVNU.html
阿维亚网络,AVNW,https://quote.eastmoney.com/us/AVNW.html
AVOLONHOLDINGSLTD,AVOL,https://quote.eastmoney.com/us/AVOL.html
雅芳,AVP,https://quote.eastmoney.com/us/AVP.html
AVROBIOInc,AVRO,https://quote.eastmoney.com/us/AVRO.html
安富利,AVT,https://quote.eastmoney.com/us/AVT.html
AvantorInc,AVTR,https://quote.eastmoney.com/us/AVTR.html
AvantorIncPfd-A,AVTR_A,https://quote.eastmoney.com/us/AVTR_A.html
AvivaPlc8.25%CapitalSecurit,AVV,https://quote.eastmoney.com/us/AVV.html
AVX,AVX,https://quote.eastmoney.com/us/AVX.html
AnavexLifeSciencesCorp,AVXL,https://quote.eastmoney.com/us/AVXL.html
AnavexLifeSciencesCorp,AVXLD,https://quote.eastmoney.com/us/AVXLD.html
AveXisInc,AVXS,https://quote.eastmoney.com/us/AVXS.html
艾利丹尼森,AVY,https://quote.eastmoney.com/us/AVY.html
AvayaHoldingsCorp,AVYA,https://quote.eastmoney.com/us/AVYA.html
HOMEAWAY,AWAY,https://quote.eastmoney.com/us/AWAY.html
AluminaLtdADR,AWCMY,https://quote.eastmoney.com/us/AWCMY.html
AlliancebersteinGlobalHighIn,AWF,https://quote.eastmoney.com/us/AWF.html
ALLIEDWORLD,AWH,https://quote.eastmoney.com/us/AWH.html
ARMSTRONGWORLDINDUSTRIES,AWI,https://quote.eastmoney.com/us/AWI.html
AMERICANWATERWORKS,AWK,https://quote.eastmoney.com/us/AWK.html
AlpineGlobalPremierPropertie,AWP,https://quote.eastmoney.com/us/AWP.html
AMERICANSTATESWATERCO,AWR,https://quote.eastmoney.com/us/AWR.html
艾卫,AWRE,https://quote.eastmoney.com/us/AWRE.html
CoolHoldingsInc,AWSM,https://quote.eastmoney.com/us/AWSM.html
AwareUltra-ShortDurationEnha,AWTM,https://quote.eastmoney.com/us/AWTM.html
AVALONHOLDINGSCORP-A,AWX,https://quote.eastmoney.com/us/AWX.html
AxosFinancialInc,AX,https://quote.eastmoney.com/us/AX.html
AxarAcquisitionCorp,AXAR,https://quote.eastmoney.com/us/AXAR.html
AxarAcquisitionCorpUnitConsof1Sh+0.5Wts,AXARU,https://quote.eastmoney.com/us/AXARU.html
AxarAcquisitionCorpWt,AXARW,https://quote.eastmoney.com/us/AXARW.html
阿布拉克萨斯石油,AXAS,https://quote.eastmoney.com/us/AXAS.html
AccelerateDiagnosticsInc,AXDX,https://quote.eastmoney.com/us/AXDX.html
ANIXTERINTERNATIONALINC,AXE,https://quote.eastmoney.com/us/AXE.html
AxoGenInc,AXGN,https://quote.eastmoney.com/us/AXGN.html
AxovantGeneTherapiesLtd,AXGT,https://quote.eastmoney.com/us/AXGT.html
WisdomTreeAsia-Pacificex-Japa,AXJL,https://quote.eastmoney.com/us/AXJL.html
iSharesMSCIAllCountryAsiaE,AXJS,https://quote.eastmoney.com/us/AXJS.html
iSharesMSCIAsiaExJapanMini,AXJV,https://quote.eastmoney.com/us/AXJV.html
AMERICANAXLE&MFGHOLDINGS,AXL,https://quote.eastmoney.com/us/AXL.html
AxcellaHealthInc,AXLA,https://quote.eastmoney.com/us/AXLA.html
AXIALLCORPORATION,AXLL,https://quote.eastmoney.com/us/AXLL.html
奥星药业,AXN,https://quote.eastmoney.com/us/AXN.html
AxonicsModulationTechnologiesInc,AXNX,https://quote.eastmoney.com/us/AXNX.html
AxosFinancialIncNotes,AXO,https://quote.eastmoney.com/us/AXO.html
AXOVANTSCIENCESLTD.,AXON,https://quote.eastmoney.com/us/AXON.html
AxovantSciencesLtd,AXON_NYSE,https://quote.eastmoney.com/us/AXON_NYSE.html
美国运通,AXP,https://quote.eastmoney.com/us/AXP.html
AXIONPOWERINTERNATIONALINC,AXPW,https://quote.eastmoney.com/us/AXPW.html
AXIONPOWERINTERNATIONALIncSERA,AXPWW,https://quote.eastmoney.com/us/AXPWW.html
AMREPCORP,AXR,https://quote.eastmoney.com/us/AXR.html
AXISCAPITAL,AXS,https://quote.eastmoney.com/us/AXS.html
AxisCapitalHoldingsLimited6,AXS_C,https://quote.eastmoney.com/us/AXS_C.html
AxisCapitalHoldingsLimited5,AXS_D,https://quote.eastmoney.com/us/AXS_D.html
AxisCapitalHoldingsLimited,AXS_E,https://quote.eastmoney.com/us/AXS_E.html
AxsomeTherapeuticsInc,AXSM,https://quote.eastmoney.com/us/AXSM.html
AxaltaCoatingSystemsLtd,AXTA,https://quote.eastmoney.com/us/AXTA.html
AXTInc,AXTI,https://quote.eastmoney.com/us/AXTI.html
ALEXCORESOURCECORP,AXU,https://quote.eastmoney.com/us/AXU.html
ALDERONIRONORECORP,AXX,https://quote.eastmoney.com/us/AXX.html
AtlanticaYieldplc,AY,https://quote.eastmoney.com/us/AY.html
AmayaInc,AYA,https://quote.eastmoney.com/us/AYA.html
ACUITYBRANDSINC,AYI,https://quote.eastmoney.com/us/AYI.html
AllianceNewYorkMunicipalInc,AYN,https://quote.eastmoney.com/us/AYN.html
AIRCASTLELTD,AYR,https://quote.eastmoney.com/us/AYR.html
iPathGEMSAsia8ETN,AYT,https://quote.eastmoney.com/us/AYT.html
AytuBioScienceInc,AYTU,https://quote.eastmoney.com/us/AYTU.html
AlteryxInc-A,AYX,https://quote.eastmoney.com/us/AYX.html
AUGUSTARESOURCECORP,AZC,https://quote.eastmoney.com/us/AZC.html
GlobalXCentralAsia&Mongoli,AZIA,https://quote.eastmoney.com/us/AZIA.html
AURIZONMINESLTD,AZK,https://quote.eastmoney.com/us/AZK.html
阿斯利康(US),AZN,https://quote.eastmoney.com/us/AZN.html
AUTOZONE,AZO,https://quote.eastmoney.com/us/AZO.html
艾斯本技术,AZPN,https://quote.eastmoney.com/us/AZPN.html
AzurePowerGlobalLtd,AZRE,https://quote.eastmoney.com/us/AZRE.html
AzurRxBioPharmaInc,AZRX,https://quote.eastmoney.com/us/AZRX.html
AzulSAADR,AZUL,https://quote.eastmoney.com/us/AZUL.html
"AZUREMIDSTREAMPARTNERS,LP",AZUR,https://quote.eastmoney.com/us/AZUR.html
AZZINC,AZZ,https://quote.eastmoney.com/us/AZZ.html
BARNESGROUPINC,B,https://quote.eastmoney.com/us/B.html
波音,BA,https://quote.eastmoney.com/us/BA.html
BANROCORPORATION,BAA,https://quote.eastmoney.com/us/BAA.html
PowerSharesBuildAmericaBond,BAB,https://quote.eastmoney.com/us/BAB.html
阿里巴巴,BABA,https://quote.eastmoney.com/us/BABA.html
SPDRNuveenBarclaysBuildAmer,BABS,https://quote.eastmoney.com/us/BABS.html
纳图斯医疗,BABY,https://quote.eastmoney.com/us/BABY.html
美国银行,BAC,https://quote.eastmoney.com/us/BAC.html
BankofAmericaCorporation,BAC_A,https://quote.eastmoney.com/us/BAC_A.html
BankofAmericaCorpSeriesGG,BAC_B,https://quote.eastmoney.com/us/BAC_B.html
BankofAmericaCorporation,BAC_C,https://quote.eastmoney.com/us/BAC_C.html
BankOfAmericaCorporation,BAC_D,https://quote.eastmoney.com/us/BAC_D.html
BankOfAmericaCorporation,BAC_E,https://quote.eastmoney.com/us/BAC_E.html
BankOfAmericaCorporation,BAC_I,https://quote.eastmoney.com/us/BAC_I.html
BankofAmericaCorpSeriesHH,BAC_K,https://quote.eastmoney.com/us/BAC_K.html
BankOfAmericaCorporation,BAC_L,https://quote.eastmoney.com/us/BAC_L.html
BankofAmericaCorpSeriesKK,BAC_M,https://quote.eastmoney.com/us/BAC_M.html
BankOfAmericaCorporation,BAC_W,https://quote.eastmoney.com/us/BAC_W.html
BankofAmericaCorpSeriesWP,BAC_W_CL,https://quote.eastmoney.com/us/BAC_W_CL.html
BankofAmericaCorpWt-A,BAC_WS_A,https://quote.eastmoney.com/us/BAC_WS_A.html
BankofAmericaCorpWt-B,BAC_WS_B,https://quote.eastmoney.com/us/BAC_WS_B.html
BankOfAmericaCorporation,BAC_Y,https://quote.eastmoney.com/us/BAC_Y.html
BacCapitalTrustViii6%Capit,BAC_Z,https://quote.eastmoney.com/us/BAC_Z.html
BankofAmericaCorporation,BAC_Z_CL,https://quote.eastmoney.com/us/BAC_Z_CL.html
BlackrockMunicipalIncomeInve,BAF,https://quote.eastmoney.com/us/BAF.html
EINSTEINNOAHRESTAURANTGRO,BAGL,https://quote.eastmoney.com/us/BAGL.html
DIVERSIFIEDRESTAURANTHOLDINGSIncCOMMONSTOCK,BAGR,https://quote.eastmoney.com/us/BAGR.html
BOOZALLEN,BAH,https://quote.eastmoney.com/us/BAH.html
BRASKEMSA-SPONADR,BAK,https://quote.eastmoney.com/us/BAK.html
iPathBloombergCottonSubindex,BAL,https://quote.eastmoney.com/us/BAL.html
iPathSeriesBBloombergCotton,BALB,https://quote.eastmoney.com/us/BALB.html
BALTICTRADING,BALT,https://quote.eastmoney.com/us/BALT.html
BROOKFIELDASSETMANAGE-CLA,BAM,https://quote.eastmoney.com/us/BAM.html
BOOKS-A-MILLIONINC,BAMM,https://quote.eastmoney.com/us/BAMM.html
BancofCaliforniaInc,BANC,https://quote.eastmoney.com/us/BANC.html
BancOfCaliforniaInc,BANC_C,https://quote.eastmoney.com/us/BANC_C.html
BANCOFCALIFORNIAInc,BANC_D,https://quote.eastmoney.com/us/BANC_D.html
BancofCaliforniaInc,BANC_E,https://quote.eastmoney.com/us/BANC_E.html
BANCOFCALIFORNIAInc,BANCPD,https://quote.eastmoney.com/us/BANCPD.html
BandwidthInc-A,BAND,https://quote.eastmoney.com/us/BAND.html
BancFirstCorp,BANF,https://quote.eastmoney.com/us/BANF.html
BANCFIRSTCORPORATION,BANFP,https://quote.eastmoney.com/us/BANFP.html
邦纳,BANR,https://quote.eastmoney.com/us/BANR.html
StoneCastleFinancialCorp,BANX,https://quote.eastmoney.com/us/BANX.html
CREDICORPLTD,BAP,https://quote.eastmoney.com/us/BAP.html
InnovatorS&P500BufferETF–,BAPR,https://quote.eastmoney.com/us/BAPR.html
DirexionDailyGoldBull3xSha,BAR,https://quote.eastmoney.com/us/BAR.html
MorganStanleyS&P500CrudeOi,BARL,https://quote.eastmoney.com/us/BARL.html
BASISENERGYSERVICES,BAS,https://quote.eastmoney.com/us/BAS.html
BioanalyticalSystemsInc,BASI,https://quote.eastmoney.com/us/BASI.html
LibertyMediaCorpLibertyBraves-A,BATRA,https://quote.eastmoney.com/us/BATRA.html
LibertyMediaCorporation,BATRB,https://quote.eastmoney.com/us/BATRB.html
LibertyMediaCorpLibertyBraves-C,BATRK,https://quote.eastmoney.com/us/BATRK.html
LibertyMediaCorporation,BATRR,https://quote.eastmoney.com/us/BATRR.html
"BatsGlobalMarkets,Inc.",BATS,https://quote.eastmoney.com/us/BATS.html
AmplifyAdvancedBatteryMetals,BATT,https://quote.eastmoney.com/us/BATT.html
InnovatorS&P500BufferETF-,BAUG,https://quote.eastmoney.com/us/BAUG.html
百特国际,BAX,https://quote.eastmoney.com/us/BAX.html
黑莓,BB,https://quote.eastmoney.com/us/BB.html
BBVABancoFrancesSAADR,BBAR,https://quote.eastmoney.com/us/BBAR.html
JPMorganBetaBuildersDeveloped,BBAX,https://quote.eastmoney.com/us/BBAX.html
3B家居,BBBY,https://quote.eastmoney.com/us/BBBY.html
BiosharesBiotechnologyClinica,BBC,https://quote.eastmoney.com/us/BBC.html
BioSharesBiotechnologyClinica,BBC_NASDAQ,https://quote.eastmoney.com/us/BBC_NASDAQ.html
JPMorganBetaBuildersCanadaET,BBCA,https://quote.eastmoney.com/us/BBCA.html
BBCNBANCORPINC,BBCN,https://quote.eastmoney.com/us/BBCN.html
ConcretePumpingHoldingsInc,BBCP,https://quote.eastmoney.com/us/BBCP.html
ConcretePumpingHoldingsIncWt,BBCPW,https://quote.eastmoney.com/us/BBCPW.html
布拉德斯科银行-ADR,BBD,https://quote.eastmoney.com/us/BBD.html
BaringsBDCInc,BBDC,https://quote.eastmoney.com/us/BBDC.html
布拉德斯科银行,BBDO,https://quote.eastmoney.com/us/BBDO.html
BreitBurn能源,BBEP,https://quote.eastmoney.com/us/BBEP.html
BreitburnEnergyPartnersL.P.,BBEPP,https://quote.eastmoney.com/us/BBEPP.html
JPMorganBetaBuildersEuropeET,BBEU,https://quote.eastmoney.com/us/BBEU.html
BlackrockMunicipalIncomeInve,BBF,https://quote.eastmoney.com/us/BBF.html
BILLBARRETTCORP,BBG,https://quote.eastmoney.com/us/BBG.html
比斯利广播,BBGI,https://quote.eastmoney.com/us/BBGI.html
MarketVectorsBiotechETF,BBH,https://quote.eastmoney.com/us/BBH.html
BrickellBiotechInc,BBI,https://quote.eastmoney.com/us/BBI.html
BridgeBioPharmaInc,BBIO,https://quote.eastmoney.com/us/BBIO.html
JPMorganBetaBuildersJapanETF,BBJP,https://quote.eastmoney.com/us/BBJP.html
BlackrockMunicipalBondTrust,BBK,https://quote.eastmoney.com/us/BBK.html
必和必拓PLC-ADR,BBL,https://quote.eastmoney.com/us/BBL.html
"BlueEarth,Inc.",BBLU,https://quote.eastmoney.com/us/BBLU.html
BlackrockBuildAmericaBondTr,BBN,https://quote.eastmoney.com/us/BBN.html
BRIDGECAPITALHOLDINGS,BBNK,https://quote.eastmoney.com/us/BBNK.html
黑盒,BBOX,https://quote.eastmoney.com/us/BBOX.html
BiosharesBiotechnologyProduct,BBP,https://quote.eastmoney.com/us/BBP.html
BioSharesBiotechnologyProduct,BBP_NASDAQ,https://quote.eastmoney.com/us/BBP_NASDAQ.html
EGSharesBeyondBricsETF,BBRC,https://quote.eastmoney.com/us/BBRC.html
JPMorganBetaBuildersMSCIUSR,BBRE,https://quote.eastmoney.com/us/BBRE.html
布拉沃布里奥餐饮,BBRG,https://quote.eastmoney.com/us/BBRG.html
BraeburnPharmaceuticalsInc,BBRX,https://quote.eastmoney.com/us/BBRX.html
黑莓,BBRY,https://quote.eastmoney.com/us/BBRY.html
JPMorganBetaBuilders1-5Year,BBSA,https://quote.eastmoney.com/us/BBSA.html
巴瑞特商业服务,BBSI,https://quote.eastmoney.com/us/BBSI.html
BB&T,BBT,https://quote.eastmoney.com/us/BBT.html
BB&TCorporation,BBT_D,https://quote.eastmoney.com/us/BBT_D.html
BB&TCorpSeriesDPfd,BBT_D_CL,https://quote.eastmoney.com/us/BBT_D_CL.html
BB&TCorporation,BBT_E,https://quote.eastmoney.com/us/BBT_E.html
BB&TCorpSeriesEPfd,BBT_E_CL,https://quote.eastmoney.com/us/BBT_E_CL.html
BB&TCorporation,BBT_F,https://quote.eastmoney.com/us/BBT_F.html
BB&TCorporation,BBT_G,https://quote.eastmoney.com/us/BBT_G.html
BB&TCorporation,BBT_H,https://quote.eastmoney.com/us/BBT_H.html
BrookfieldBusinessPartnersLP,BBU,https://quote.eastmoney.com/us/BBU.html
JPMorganBetaBuildersU.S.Equi,BBUS,https://quote.eastmoney.com/us/BBUS.html
西班牙毕尔巴鄂比斯开银行,BBVA,https://quote.eastmoney.com/us/BBVA.html
BUILD-A-BEARWORKSHOPINC,BBW,https://quote.eastmoney.com/us/BBW.html
BBXCAPITALCORP,BBX,https://quote.eastmoney.com/us/BBX.html
百思买,BBY,https://quote.eastmoney.com/us/BBY.html
BRUNSWICKCORP,BC,https://quote.eastmoney.com/us/BC.html
BrunswickCorpNotes,BC_A,https://quote.eastmoney.com/us/BC_A.html
BrunswickCorpNotes,BC_B,https://quote.eastmoney.com/us/BC_B.html
BrunswickCorpNotes,BC_C,https://quote.eastmoney.com/us/BC_C.html
ITAUCORP,BCA,https://quote.eastmoney.com/us/BCA.html
野牛资本收购公司,BCAC,https://quote.eastmoney.com/us/BCAC.html
BisonCapitalAcquisitionCorp,BCACR,https://quote.eastmoney.com/us/BCACR.html
野牛资本收购,BCACU,https://quote.eastmoney.com/us/BCACU.html
BisonCapitalAcquisitionCorpWt,BCACW,https://quote.eastmoney.com/us/BCACW.html
BCBBancorpInc,BCBP,https://quote.eastmoney.com/us/BCBP.html
BOISECASCADECO,BCC,https://quote.eastmoney.com/us/BCC.html
ETFSBloombergAllCommodityLo,BCD,https://quote.eastmoney.com/us/BCD.html
BioCardiaInc,BCDA,https://quote.eastmoney.com/us/BCDA.html
BioCardiaIncWt,BCDAW,https://quote.eastmoney.com/us/BCDAW.html
BCD半导体,BCDS,https://quote.eastmoney.com/us/BCDS.html
BCEINC,BCE,https://quote.eastmoney.com/us/BCE.html
富矿溪能源,BCEI,https://quote.eastmoney.com/us/BCEI.html
AtrecaInc-A,BCEL,https://quote.eastmoney.com/us/BCEL.html
BANCODECHILE-ADR,BCH,https://quote.eastmoney.com/us/BCH.html
EGSharesBlueChipETF,BCHP,https://quote.eastmoney.com/us/BCHP.html
奔财科技,BCHT,https://quote.eastmoney.com/us/BCHT.html
ETFSBloombergAllCommodityET,BCI,https://quote.eastmoney.com/us/BCI.html
BrainstormCellTherapeuticsInc,BCLI,https://quote.eastmoney.com/us/BCLI.html
iPathPureBetaBroadCommodity,BCM,https://quote.eastmoney.com/us/BCM.html
BayComCorp,BCML,https://quote.eastmoney.com/us/BCML.html
RealitySharesNasdaqNexGenEc,BCNA,https://quote.eastmoney.com/us/BCNA.html
THEBRINK'SCO,BCO,https://quote.eastmoney.com/us/BCO.html
BCommunicationsLtd,BCOM,https://quote.eastmoney.com/us/BCOM.html
BlucoraInc,BCOR,https://quote.eastmoney.com/us/BCOR.html
布莱克维,BCOV,https://quote.eastmoney.com/us/BCOV.html
1895BancorpofWisconsinInc,BCOW,https://quote.eastmoney.com/us/BCOW.html
拜切,BCPC,https://quote.eastmoney.com/us/BCPC.html
CRBARD,BCR,https://quote.eastmoney.com/us/BCR.html
蓝色资本再保险,BCRH,https://quote.eastmoney.com/us/BCRH.html
BioCrystPharmaceuticalsInc,BCRX,https://quote.eastmoney.com/us/BCRX.html
巴克莱-ADR,BCS,https://quote.eastmoney.com/us/BCS.html
BarclaysBankPLCPrefShareSeries2,BCS_,https://quote.eastmoney.com/us/BCS_.html
BarclaysPLC,BCS__CL,https://quote.eastmoney.com/us/BCS__CL.html
BarclaysBankPLCPrefShareSeries3,BCS_A,https://quote.eastmoney.com/us/BCS_A.html
BARCLAYSBANKPLCAMERICANDEPOSITARYSHARESSERIE,BCS_C,https://quote.eastmoney.com/us/BCS_C.html
BarclaysPLC,BCS_C_CL,https://quote.eastmoney.com/us/BCS_C_CL.html
BarclaysBankPLCADRSeries5Pfd,BCS_D,https://quote.eastmoney.com/us/BCS_D.html
BarclaysBankPLCADRSeries5,BCS_D_CL,https://quote.eastmoney.com/us/BCS_D_CL.html
BCSBBANCORPINC,BCSB,https://quote.eastmoney.com/us/BCSB.html
BainCapitalSpecialtyFinanceInc,BCSF,https://quote.eastmoney.com/us/BCSF.html
Bancorp34Inc,BCTF,https://quote.eastmoney.com/us/BCTF.html
BancroftFundLtd,BCV,https://quote.eastmoney.com/us/BCV.html
BancroftFundLimited,BCV_A,https://quote.eastmoney.com/us/BCV_A.html
BlackrockResources&Commoditi,BCX,https://quote.eastmoney.com/us/BCX.html
BicycleTherapeuticsLtdADR,BCYC,https://quote.eastmoney.com/us/BCYC.html
"BlueCalypso,Inc.",BCYP,https://quote.eastmoney.com/us/BCYP.html
PureFundsISEBigDataETF,BDAT,https://quote.eastmoney.com/us/BDAT.html
BOULDERBRANDSINC,BDBD,https://quote.eastmoney.com/us/BDBD.html
BELDENINC,BDC,https://quote.eastmoney.com/us/BDC.html
BeldenInc,BDC_B,https://quote.eastmoney.com/us/BDC_B.html
2xLeveragedLongExchangeTrad,BDCL,https://quote.eastmoney.com/us/BDCL.html
UBSAGExchangeTradedAccessS,BDCS,https://quote.eastmoney.com/us/BDCS.html
BDCAVENTUREInc,BDCV,https://quote.eastmoney.com/us/BDCV.html
UBSAG,BDCZ,https://quote.eastmoney.com/us/BDCZ.html
DBBaseMetalsDoubleLongExch,BDD,https://quote.eastmoney.com/us/BDD.html
BLACKDIAMOND,BDE,https://quote.eastmoney.com/us/BDE.html
LibertyOilfieldServicesInc-A,BDFC,https://quote.eastmoney.com/us/BDFC.html
DBBaseMetalsLongExchangeTr,BDG,https://quote.eastmoney.com/us/BDG.html
BridgeBancorpInc,BDGE,https://quote.eastmoney.com/us/BDGE.html
BlackrockEnhancedEquityDivid,BDJ,https://quote.eastmoney.com/us/BDJ.html
FLANIGAN'SENTERPRISESI,BDL,https://quote.eastmoney.com/us/BDL.html
博乐牙科,BDMS,https://quote.eastmoney.com/us/BDMS.html
BRANDYWINEREALTYTRUST,BDN,https://quote.eastmoney.com/us/BDN.html
BrandywineRealtyTrust,BDN_E,https://quote.eastmoney.com/us/BDN_E.html
BrandywineRealtyTr,BDN_E_CL,https://quote.eastmoney.com/us/BDN_E_CL.html
BLONDERTONGUELABORATOR,BDR,https://quote.eastmoney.com/us/BDR.html
BreakwaveDryBulkShippingETF,BDRY,https://quote.eastmoney.com/us/BDRY.html
BioDeliverySciencesInternationalInc,BDSI,https://quote.eastmoney.com/us/BDSI.html
碧迪,BDX,https://quote.eastmoney.com/us/BDX.html
Becton,BDXA,https://quote.eastmoney.com/us/BDXA.html
BloomEnergyCorp-A,BE,https://quote.eastmoney.com/us/BE.html
BEAM,BEAM,https://quote.eastmoney.com/us/BEAM.html
BioTelemetryInc,BEAT,https://quote.eastmoney.com/us/BEAT.html
BE航天航空公司,BEAV,https://quote.eastmoney.com/us/BEAV.html
碧碧,BEBE,https://quote.eastmoney.com/us/BEBE.html
BeaconRoofingSupplyInc,BECN,https://quote.eastmoney.com/us/BECN.html
博实乐,BEDU,https://quote.eastmoney.com/us/BEDU.html
STRATEGICHOTELS&RESORTSINC,BEE,https://quote.eastmoney.com/us/BEE.html
BricktownRestaurantGroupInc,BEER,https://quote.eastmoney.com/us/BEER.html
ETFSBloombergEnergyLongerDa,BEF,https://quote.eastmoney.com/us/BEF.html
AberdeenStandardBloombergEne,BEI,https://quote.eastmoney.com/us/BEI.html
BelmondLtd-A,BEL,https://quote.eastmoney.com/us/BEL.html
BelFuseInc-A,BELFA,https://quote.eastmoney.com/us/BELFA.html
BelFuseInc-B,BELFB,https://quote.eastmoney.com/us/BELFB.html
ETFSERIESSOLUTIONSAPTUSBEHA,BEMO,https://quote.eastmoney.com/us/BEMO.html
富兰克林资源,BEN,https://quote.eastmoney.com/us/BEN.html
BROOKFIELDRENEWABLEENERGYPARTNERS,BEP,https://quote.eastmoney.com/us/BEP.html
BERKSHIREBANCORPINC,BERK,https://quote.eastmoney.com/us/BERK.html
BernsteinU.S.ResearchFund,BERN,https://quote.eastmoney.com/us/BERN.html
BerryGlobalGroupInc,BERY,https://quote.eastmoney.com/us/BERY.html
百世,BEST,https://quote.eastmoney.com/us/BEST.html
AmplifySnackBrandsInc,BETR,https://quote.eastmoney.com/us/BETR.html
BROWN-FORMANCORPORATIONCLASSA,A,https://quote.eastmoney.com/us/BF/A.html
BROWN-FORMANCORPORATIONCLASSB,B,https://quote.eastmoney.com/us/BF/B.html
百富门-A,BF_A,https://quote.eastmoney.com/us/BF_A.html
百富门-B,BF_B,https://quote.eastmoney.com/us/BF_B.html
BrightHorizonsFamilySolutionsInc,BFAM,https://quote.eastmoney.com/us/BFAM.html
BankFirstCorp,BFC,https://quote.eastmoney.com/us/BFC.html
班克金融,BFIN,https://quote.eastmoney.com/us/BFIN.html
GlobalXHealth&WellnessThem,BFIT,https://quote.eastmoney.com/us/BFIT.html
BlackrockMunicipalIncomeTrus,BFK,https://quote.eastmoney.com/us/BFK.html
BankFlorida,BFL,https://quote.eastmoney.com/us/BFL.html
BLUEFLYINC,BFLY,https://quote.eastmoney.com/us/BFLY.html
BlackrockFloridaMunicipal202,BFO,https://quote.eastmoney.com/us/BFO.html
Barron's400ETF,BFOR,https://quote.eastmoney.com/us/BFOR.html
BBVABANCOFRANCESSA-ADR,BFR,https://quote.eastmoney.com/us/BFR.html
BiofronteraAGADR,BFRA,https://quote.eastmoney.com/us/BFRA.html
SAULCENTERS,BFS,https://quote.eastmoney.com/us/BFS.html
SaulCentersInc,BFS_C,https://quote.eastmoney.com/us/BFS_C.html
SaulCentersIncSeriesDPfd,BFS_D,https://quote.eastmoney.com/us/BFS_D.html
BusinessFirstBancsharesInc,BFST,https://quote.eastmoney.com/us/BFST.html
BlackRockNewYorkMunicipalI,BFY,https://quote.eastmoney.com/us/BFY.html
BlackrockCaMunicipalIncTr,BFZ,https://quote.eastmoney.com/us/BFZ.html
邦吉,BG,https://quote.eastmoney.com/us/BG.html
BlackstoneGSOStrategicCredit,BGB,https://quote.eastmoney.com/us/BGB.html
通用电缆,BGC,https://quote.eastmoney.com/us/BGC.html
BgcPartnersInc,BGCA,https://quote.eastmoney.com/us/BGCA.html
BGCPartnersInc-A,BGCP,https://quote.eastmoney.com/us/BGCP.html
BGCPartnersInc-AWI,BGCPV,https://quote.eastmoney.com/us/BGCPV.html
BgeCapitalTrustII6.20%Trus,BGE_B,https://quote.eastmoney.com/us/BGE_B.html
BGECapitalTrustIIPfd,BGE_B_CL,https://quote.eastmoney.com/us/BGE_B_CL.html
Big5体育用品,BGFV,https://quote.eastmoney.com/us/BGFV.html
BRIGGS&STRATTON,BGG,https://quote.eastmoney.com/us/BGG.html
BabsonCapitalGlobalShortDur,BGH,https://quote.eastmoney.com/us/BGH.html
BirksGroupInc-A,BGI,https://quote.eastmoney.com/us/BGI.html
BlackRock2022GlobalIncomeOp,BGIO,https://quote.eastmoney.com/us/BGIO.html
BGMEDICINEINC,BGMD,https://quote.eastmoney.com/us/BGMD.html
百济神州,BGNE,https://quote.eastmoney.com/us/BGNE.html
BlackrockEnergyAndResources,BGR,https://quote.eastmoney.com/us/BGR.html
iSharesGlobalGreenBondETF,BGRN,https://quote.eastmoney.com/us/BGRN.html
B&GFOODSINC-CLASSA,BGS,https://quote.eastmoney.com/us/BGS.html
BGSACQUISITIONCORP,BGSCU,https://quote.eastmoney.com/us/BGSCU.html
BGStaffingInc,BGSF,https://quote.eastmoney.com/us/BGSF.html
BlackrockFloatingRateIncome,BGT,https://quote.eastmoney.com/us/BGT.html
BlackstoneGSOLong-ShortCredi,BGX,https://quote.eastmoney.com/us/BGX.html
BlackrockInternationalRealEs,BGY,https://quote.eastmoney.com/us/BGY.html
BiglariHoldingsInc-B,BH,https://quote.eastmoney.com/us/BH.html
BiglariHoldingsInc-A,BH_A,https://quote.eastmoney.com/us/BH_A.html
BiglariHoldingsInc.ClassACommonStock,BHA,https://quote.eastmoney.com/us/BHA.html
Barington/HilcoAcquisitionCorp,BHAC,https://quote.eastmoney.com/us/BHAC.html
Barington/HilcoAcquisitionCor,BHACR,https://quote.eastmoney.com/us/BHACR.html
Barington/HilcoAcquisitionCorpUnitConsof1Sh,BHACU,https://quote.eastmoney.com/us/BHACU.html
Barington/HilcoAcquisitionCorpWt,BHACW,https://quote.eastmoney.com/us/BHACW.html
蓝帽子,BHAT,https://quote.eastmoney.com/us/BHAT.html
BARHARBORBANKSHARES,BHB,https://quote.eastmoney.com/us/BHB.html
BlueHillsBancorpInc,BHBK,https://quote.eastmoney.com/us/BHBK.html
BauschHealthCompaniesInc,BHC,https://quote.eastmoney.com/us/BHC.html
BENCHMARKELECTRONICSINC,BHE,https://quote.eastmoney.com/us/BHE.html
BrighthouseFinancialInc,BHF,https://quote.eastmoney.com/us/BHF.html
BrighthouseFinancialIncDeben,BHFAL,https://quote.eastmoney.com/us/BHFAL.html
BrighthouseFinancialIncSerie,BHFAP,https://quote.eastmoney.com/us/BHFAP.html
"BakerHughes,aGEco-A",BHGE,https://quote.eastmoney.com/us/BHGE.html
贝克休斯,BHI,https://quote.eastmoney.com/us/BHI.html
BlackrockCoreBdTr,BHK,https://quote.eastmoney.com/us/BHK.html
BlackrockDefinedOpporunityCr,BHL,https://quote.eastmoney.com/us/BHL.html
BerkshireHillsBancorpInc,BHLB,https://quote.eastmoney.com/us/BHLB.html
必和必拓LTD-ADR,BHP,https://quote.eastmoney.com/us/BHP.html
BraemarHotels&ResortsInc,BHR,https://quote.eastmoney.com/us/BHR.html
BraemarHotels&ResortsInc,BHR_B,https://quote.eastmoney.com/us/BHR_B.html
BraemarHotels&ResortsIncSe,BHR_D,https://quote.eastmoney.com/us/BHR_D.html
BioHiTechGlobalInc,BHTG,https://quote.eastmoney.com/us/BHTG.html
BlackrockVirginiaMuniBondTr,BHV,https://quote.eastmoney.com/us/BHV.html
BiohavenPharmaceuticalHoldingCoLtd,BHVN,https://quote.eastmoney.com/us/BHVN.html
ProsharesUltraNasdaqBiotechn,BIB,https://quote.eastmoney.com/us/BIB.html
Inspire100ETF,BIBL,https://quote.eastmoney.com/us/BIBL.html
FirstTrustBickIndexFund,BICK,https://quote.eastmoney.com/us/BICK.html
SOTHEBY'S,BID,https://quote.eastmoney.com/us/BID.html
百度,BIDU,https://quote.eastmoney.com/us/BIDU.html
BlackrockMunicipalBondInvest,BIE,https://quote.eastmoney.com/us/BIE.html
USLIFEIncomeFundInc,BIF,https://quote.eastmoney.com/us/BIF.html
BIGLOTS,BIG,https://quote.eastmoney.com/us/BIG.html
PureFundsISEBigDataETF,BIGD,https://quote.eastmoney.com/us/BIGD.html
生化基因,BIIB,https://quote.eastmoney.com/us/BIIB.html
SPDRS&PBric40ETF,BIK,https://quote.eastmoney.com/us/BIK.html
RogersAIGlobalMacroETF,BIKR,https://quote.eastmoney.com/us/BIKR.html
SPDRBarclays1-3MonthT-Bill,BIL,https://quote.eastmoney.com/us/BIL.html
哔哩哔哩,BILI,https://quote.eastmoney.com/us/BILI.html
能发伟业,BIMI,https://quote.eastmoney.com/us/BIMI.html
IESI-BFCLTD,BIN,https://quote.eastmoney.com/us/BIN.html
BINDTHERAPEUTICS,BIND,https://quote.eastmoney.com/us/BIND.html
BIO-RAD,BIO,https://quote.eastmoney.com/us/BIO.html
BIO-RADLABORATORIESIncCLASSB,B,https://quote.eastmoney.com/us/BIO/B.html
BioRad实验室-B,BIO_B,https://quote.eastmoney.com/us/BIO_B.html
BioAmberInc,BIOA,https://quote.eastmoney.com/us/BIOA.html
BioAmberIncWt,BIOA_WS,https://quote.eastmoney.com/us/BIOA_WS.html
BioceptInc,BIOC,https://quote.eastmoney.com/us/BIOC.html
百代,BIOD,https://quote.eastmoney.com/us/BIOD.html
BIOFUELENERGYCORP,BIOF,https://quote.eastmoney.com/us/BIOF.html
BIOLASEInc,BIOL,https://quote.eastmoney.com/us/BIOL.html
BioptixInc,BIOP,https://quote.eastmoney.com/us/BIOP.html
OptionCareHealthInc,BIOS,https://quote.eastmoney.com/us/BIOS.html
BioventusInc.,BIOV,https://quote.eastmoney.com/us/BIOV.html
BioceresSAADR,BIOX,https://quote.eastmoney.com/us/BIOX.html
BioceresSAADR,BIOX_NYSE,https://quote.eastmoney.com/us/BIOX_NYSE.html
BioceresCropSolutionsCorpWt,BIOX_WS,https://quote.eastmoney.com/us/BIOX_WS.html
BROOKFIELDINFRASTRUCTUREPARTNERSLP,BIP,https://quote.eastmoney.com/us/BIP.html
博琪控股,BIQI,https://quote.eastmoney.com/us/BIQI.html
BerkshireIncomeRea,BIR_A,https://quote.eastmoney.com/us/BIR_A.html
BerkshireIncomeRea,BIR_A_CL,https://quote.eastmoney.com/us/BIR_A_CL.html
BERKSHIREINCOMEREA,BIRPA,https://quote.eastmoney.com/us/BIRPA.html
ACTUATECORPORATION,BIRT,https://quote.eastmoney.com/us/BIRT.html
ProsharesUltrashortNasdaqBio,BIS,https://quote.eastmoney.com/us/BIS.html
BlackrockMulti-SectorIncomeT,BIT,https://quote.eastmoney.com/us/BIT.html
易车,BITA,https://quote.eastmoney.com/us/BITA.html
TheRestaurantETF,BITE,https://quote.eastmoney.com/us/BITE.html
BIOTIETHERAPIESCORP.,BITI,https://quote.eastmoney.com/us/BITI.html
VanguardIntermediate-TermBond,BIV,https://quote.eastmoney.com/us/BIV.html
BioVieInc-A,BIVI,https://quote.eastmoney.com/us/BIVI.html
BioverativInc,BIVV,https://quote.eastmoney.com/us/BIVV.html
MarketVectorsBdcIncomeETF,BIZD,https://quote.eastmoney.com/us/BIZD.html
BJ’sWholesaleClubHoldingsInc,BJ,https://quote.eastmoney.com/us/BJ.html
InnovatorS&P500BufferETF-,BJAN,https://quote.eastmoney.com/us/BJAN.html
iPathSeriesBBloombergNickel,BJJN,https://quote.eastmoney.com/us/BJJN.html
MarketVectorsGamingETF,BJK,https://quote.eastmoney.com/us/BJK.html
iPathSeriesBBloombergCoffee,BJO,https://quote.eastmoney.com/us/BJO.html
BJ’sRestaurantsInc,BJRI,https://quote.eastmoney.com/us/BJRI.html
InnovatorS&P500BufferETF-,BJUL,https://quote.eastmoney.com/us/BJUL.html
InnovatorS&P500BufferETF-,BJUN,https://quote.eastmoney.com/us/BJUN.html
BlackrockCaliforniaMunicipal,BJZ,https://quote.eastmoney.com/us/BJZ.html
纽约梅隆银行,BK,https://quote.eastmoney.com/us/BK.html
TheBankOfNewYorkMellonCor,BK_C,https://quote.eastmoney.com/us/BK_C.html
REXBKCMETF,BKC,https://quote.eastmoney.com/us/BKC.html
黑石资本投资,BKCC,https://quote.eastmoney.com/us/BKCC.html
AdvisorSharesSabretoothETF,BKCH,https://quote.eastmoney.com/us/BKCH.html
BROOKDALESENIORLIVING,BKD,https://quote.eastmoney.com/us/BKD.html
THEBUCKLEINC,BKE,https://quote.eastmoney.com/us/BKE.html
BlueknightEnergyPartnersLP,BKEP,https://quote.eastmoney.com/us/BKEP.html
BlueknightEnergyPartnersL.P.,BKEPP,https://quote.eastmoney.com/us/BKEPP.html
iSharesMSCIBricIndexFund,BKF,https://quote.eastmoney.com/us/BKF.html
BlackKnightFinancialServicesInc-A,BKFS,https://quote.eastmoney.com/us/BKFS.html
BLACKHILLSCORP,BKH,https://quote.eastmoney.com/us/BKH.html
BlackHillsCorporation,BKHU,https://quote.eastmoney.com/us/BKHU.html
博凯技术,BKI,https://quote.eastmoney.com/us/BKI.html
BANCORPOFNEWJERSEYINC,BKJ,https://quote.eastmoney.com/us/BKJ.html
BlackrockMunicipal2020TermT,BKK,https://quote.eastmoney.com/us/BKK.html
PowerSharesSeniorLoanPortfol,BKLN,https://quote.eastmoney.com/us/BKLN.html
互助银行,BKMU,https://quote.eastmoney.com/us/BKMU.html
TheBlackrockInvestmentQualit,BKN,https://quote.eastmoney.com/us/BKN.html
普利斯林,BKNG,https://quote.eastmoney.com/us/BKNG.html
OAKRIDGEFINANCIALSERVICES,BKOR,https://quote.eastmoney.com/us/BKOR.html
BAKER(MICHAEL)CORP,BKR,https://quote.eastmoney.com/us/BKR.html
BARNES&NOBLEINC,BKS,https://quote.eastmoney.com/us/BKS.html
南卡罗来纳银行,BKSC,https://quote.eastmoney.com/us/BKSC.html
佰康生物,BKSW,https://quote.eastmoney.com/us/BKSW.html
BlackrockIncomeTrustInc,BKT,https://quote.eastmoney.com/us/BKT.html
BKTechnologiesCorp,BKTI,https://quote.eastmoney.com/us/BKTI.html
BANKUNITED,BKU,https://quote.eastmoney.com/us/BKU.html
BURGERKINGWORLDWIDE,BKW,https://quote.eastmoney.com/us/BKW.html
BANKOFKENTUCKYFINLCORP,BKYF,https://quote.eastmoney.com/us/BKYF.html
生物钥匙国际,BKYI,https://quote.eastmoney.com/us/BKYI.html
BlackLineInc,BL,https://quote.eastmoney.com/us/BL.html
BlueBirdCorp,BLBD,https://quote.eastmoney.com/us/BLBD.html
BLUEBIRDCORPORATIONWARRANTSEXPIRING2/24/2020,BLBDW,https://quote.eastmoney.com/us/BLBDW.html
BELOCORPORATION-A,BLC,https://quote.eastmoney.com/us/BLC.html
BellicumPharmaceuticalsInc,BLCM,https://quote.eastmoney.com/us/BLCM.html
RealitySharesNasdaqNexGenEc,BLCN,https://quote.eastmoney.com/us/BLCN.html
TopBuildCorp,BLD,https://quote.eastmoney.com/us/BLD.html
CambriaGlobalREITETF,BLDG,https://quote.eastmoney.com/us/BLDG.html
巴拉德动力系统,BLDP,https://quote.eastmoney.com/us/BLDP.html
BuildersFirstSourceInc,BLDR,https://quote.eastmoney.com/us/BLDR.html
BlackrockNewYorkMunicipalIn,BLE,https://quote.eastmoney.com/us/BLE.html
NorthernLtsFdTrIvInspireG,BLES,https://quote.eastmoney.com/us/BLES.html
BioLifeSolutionsInc,BLFS,https://quote.eastmoney.com/us/BLFS.html
BlackrockNewYorkMunicipal20,BLH,https://quote.eastmoney.com/us/BLH.html
VIRTUSETFTRIIVIRTUSNEWFLEE,BLHY,https://quote.eastmoney.com/us/BLHY.html
BridgelineDigitalInc,BLIN,https://quote.eastmoney.com/us/BLIN.html
BlackrockNewJerseyMunicipal,BLJ,https://quote.eastmoney.com/us/BLJ.html
贝莱德,BLK,https://quote.eastmoney.com/us/BLK.html
布莱克波特,BLKB,https://quote.eastmoney.com/us/BLKB.html
波尔,BLL,https://quote.eastmoney.com/us/BLL.html
Bloomin’BrandsInc,BLMN,https://quote.eastmoney.com/us/BLMN.html
BSBBancorpInc,BLMT,https://quote.eastmoney.com/us/BLMT.html
iPathPureBetaPreciousMetals,BLNG,https://quote.eastmoney.com/us/BLNG.html
BlinkChargingCo,BLNK,https://quote.eastmoney.com/us/BLNK.html
BlinkChargingCoWt,BLNKW,https://quote.eastmoney.com/us/BLNKW.html
AmplifyTransformationalDataS,BLOK,https://quote.eastmoney.com/us/BLOK.html
INFOBLOX,BLOX,https://quote.eastmoney.com/us/BLOX.html
BellerophonTherapeuticsInc,BLPH,https://quote.eastmoney.com/us/BLPH.html
BioLineRxLtdADR,BLRX,https://quote.eastmoney.com/us/BLRX.html
BLOUNTINTERNATIONALINC,BLT,https://quote.eastmoney.com/us/BLT.html
BELLUSHealthInc,BLU,https://quote.eastmoney.com/us/BLU.html
蓝鸟生物,BLUE,https://quote.eastmoney.com/us/BLUE.html
VanguardLong-TermBondETF,BLV,https://quote.eastmoney.com/us/BLV.html
BoulevardAcquisitionCorpII,BLVD,https://quote.eastmoney.com/us/BLVD.html
BoulevardAcquisitionCorpIIUnitConsof1CLA,BLVDU,https://quote.eastmoney.com/us/BLVDU.html
BoulevardAcquisitionCorpIIWt,BLVDW,https://quote.eastmoney.com/us/BLVDW.html
BlackrockLimitedDurationInco,BLW,https://quote.eastmoney.com/us/BLW.html
BANCOLATINOAMERICANOEXP-E,BLX,https://quote.eastmoney.com/us/BLX.html
BANCOMACROSA-ADR,BMA,https://quote.eastmoney.com/us/BMA.html
BMC软件,BMC,https://quote.eastmoney.com/us/BMC.html
BMCStockHoldingsInc,BMCH,https://quote.eastmoney.com/us/BMCH.html
BlackrockHealthSciencesTrust,BME,https://quote.eastmoney.com/us/BME.html
BADGERMETERINC,BMI,https://quote.eastmoney.com/us/BMI.html
BIRKS&MAYORSINC,BMJ,https://quote.eastmoney.com/us/BMJ.html
BankOfAmerica,BML_G,https://quote.eastmoney.com/us/BML_G.html
BankOfAmerica,BML_H,https://quote.eastmoney.com/us/BML_H.html
BankOfAmerica,BML_I,https://quote.eastmoney.com/us/BML_I.html
BankOfAmerica,BML_J,https://quote.eastmoney.com/us/BML_J.html
BankOfAmerica,BML_L,https://quote.eastmoney.com/us/BML_L.html
BullMarkLatAmSelectLeadersE,BMLA,https://quote.eastmoney.com/us/BMLA.html
BankOfMontreal,BMLP,https://quote.eastmoney.com/us/BMLP.html
BANKOFMONTREAL,BMO,https://quote.eastmoney.com/us/BMO.html
BIOMEDREALTYTRUST,BMR,https://quote.eastmoney.com/us/BMR.html
BiomericaInc,BMRA,https://quote.eastmoney.com/us/BMRA.html
马林银行,BMRC,https://quote.eastmoney.com/us/BMRC.html
拜玛林制药,BMRN,https://quote.eastmoney.com/us/BMRN.html
比米斯,BMS,https://quote.eastmoney.com/us/BMS.html
布林摩尔银行,BMTC,https://quote.eastmoney.com/us/BMTC.html
BIOMIMETICTHERAPEUTICSINC,BMTI,https://quote.eastmoney.com/us/BMTI.html
百时美施贵宝,BMY,https://quote.eastmoney.com/us/BMY.html
BeneficialBancorpInc,BNCL,https://quote.eastmoney.com/us/BNCL.html
BNCBancorp,BNCN,https://quote.eastmoney.com/us/BNCN.html
VanguardTotalBondMarket,BND,https://quote.eastmoney.com/us/BND.html
FLEXSHARESTRCORESELECTBDFD,BNDC,https://quote.eastmoney.com/us/BNDC.html
SPDRBarclaysAggregateBondETF,BNDS,https://quote.eastmoney.com/us/BNDS.html
VanguardTotalWorldBondETF,BNDW,https://quote.eastmoney.com/us/BNDW.html
VanguardTotalInternationalBo,BNDX,https://quote.eastmoney.com/us/BNDX.html
Barnes&NobleEducationInc,BNED,https://quote.eastmoney.com/us/BNED.html
BenefitfocusInc,BNFT,https://quote.eastmoney.com/us/BNFT.html
BionanoGenomicsInc,BNGO,https://quote.eastmoney.com/us/BNGO.html
BionanoGenomicsIncWt,BNGOW,https://quote.eastmoney.com/us/BNGOW.html
BlackrockNewJerseyMunicipal,BNJ,https://quote.eastmoney.com/us/BNJ.html
"C1FINANCIAL,INC.",BNK,https://quote.eastmoney.com/us/BNK.html
MicroSectorsU.S.BigBanksInd,BNKD,https://quote.eastmoney.com/us/BNKD.html
MicroSectorsU.S.BigBanksInd,BNKO,https://quote.eastmoney.com/us/BNKO.html
MicroSectorsU.S.BigBanksInd,BNKU,https://quote.eastmoney.com/us/BNKU.html
MicroSectorsU.S.BigBanksInd,BNKZ,https://quote.eastmoney.com/us/BNKZ.html
ANNIE'S,BNNY,https://quote.eastmoney.com/us/BNNY.html
UnitedStatesBrentOilFundLP,BNO,https://quote.eastmoney.com/us/BNO.html
BANKOFNOVASCOTIA,BNS,https://quote.eastmoney.com/us/BNS.html
恒异电子,BNSO,https://quote.eastmoney.com/us/BNSO.html
BenitecBiopharmaLtdADR,BNTC,https://quote.eastmoney.com/us/BNTC.html
BenitecBiopharmaLtdWt,BNTCW,https://quote.eastmoney.com/us/BNTCW.html
BlackrockNewYorkMunicipalIn,BNY,https://quote.eastmoney.com/us/BNY.html
鲍勃·埃文斯农场,BOBE,https://quote.eastmoney.com/us/BOBE.html
BancOfCaliforniaIncSeniorN,BOCA,https://quote.eastmoney.com/us/BOCA.html
BancofCaliforniaInc,BOCA_CL,https://quote.eastmoney.com/us/BOCA_CL.html
BankofCommerceHoldings,BOCH,https://quote.eastmoney.com/us/BOCH.html
InnovatorS&P500BufferETF-,BOCT,https://quote.eastmoney.com/us/BOCT.html
BODYCENTRALCORP,BODY,https://quote.eastmoney.com/us/BODY.html
BODYCENTRALCORP,BODYD,https://quote.eastmoney.com/us/BODYD.html
BLACKROCKGLOBALOPPORTUNITIESEQUITYT,BOE,https://quote.eastmoney.com/us/BOE.html
BofIHoldingInc,BOFI,https://quote.eastmoney.com/us/BOFI.html
BofI控股,BOFIL,https://quote.eastmoney.com/us/BOFIL.html
BANKOFHAWAII,BOH,https://quote.eastmoney.com/us/BOH.html
BrookfieldMortgageOpportunity,BOI,https://quote.eastmoney.com/us/BOI.html
ProSharesUltraBloombergNatur,BOIL,https://quote.eastmoney.com/us/BOIL.html
Bojangles'Inc,BOJA,https://quote.eastmoney.com/us/BOJA.html
博克金融,BOKF,https://quote.eastmoney.com/us/BOKF.html
BOKFinancialCorp,BOKFL,https://quote.eastmoney.com/us/BOKFL.html
AudentesTherapeuticsInc,BOLD,https://quote.eastmoney.com/us/BOLD.html
BioLightLifeSciencesLtd,BOLT,https://quote.eastmoney.com/us/BOLT.html
BioLightLifeSciencesLtdWt,BOLTW,https://quote.eastmoney.com/us/BOLTW.html
DBBaseMetalsDoubleShortExc,BOM,https://quote.eastmoney.com/us/BOM.html
波士顿奥马哈,BOMN,https://quote.eastmoney.com/us/BOMN.html
博纳影业,BONA,https://quote.eastmoney.com/us/BONA.html
PimcoTotalReturnActiveExcha,BOND,https://quote.eastmoney.com/us/BOND.html
BACTERININTERNATIONALHOLDINGS,BONE,https://quote.eastmoney.com/us/BONE.html
邦顿百货,BONT,https://quote.eastmoney.com/us/BONT.html
DMCGlobalInc,BOOM,https://quote.eastmoney.com/us/BOOM.html
NYSEPickensOilResponseETF,BOON,https://quote.eastmoney.com/us/BOON.html
BootBarnHoldingsInc,BOOT,https://quote.eastmoney.com/us/BOOT.html
博润,BORN,https://quote.eastmoney.com/us/BORN.html
BorrDrillingLtd,BORR,https://quote.eastmoney.com/us/BORR.html
DBBaseMetalsShortExchangeT,BOS,https://quote.eastmoney.com/us/BOS.html
BOSBetterOnlineSolutionsLtd,BOSC,https://quote.eastmoney.com/us/BOSC.html
GlobalXFounder-RunCompanies,BOSS,https://quote.eastmoney.com/us/BOSS.html
"BiotaPharmaceuticals,Inc.",BOTA,https://quote.eastmoney.com/us/BOTA.html
BankoftheJamesFinancialGroupInc,BOTJ,https://quote.eastmoney.com/us/BOTJ.html
GlobalXRobotics&Artificial,BOTZ,https://quote.eastmoney.com/us/BOTZ.html
InnovatorIBDBreakoutOpportun,BOUT,https://quote.eastmoney.com/us/BOUT.html
BANKOFVIRGINIA,BOVA,https://quote.eastmoney.com/us/BOVA.html
BOXINC,BOX,https://quote.eastmoney.com/us/BOX.html
BrookfieldCanadaOfficeProperties,BOXC,https://quote.eastmoney.com/us/BOXC.html
宝视来,BOXL,https://quote.eastmoney.com/us/BOXL.html
BoxlightCorpWt,BOXLW,https://quote.eastmoney.com/us/BOXLW.html
英国石油(US),BP,https://quote.eastmoney.com/us/BP.html
波士顿金融控股,BPFH,https://quote.eastmoney.com/us/BPFH.html
BostonPrivateFinancialHoldin,BPFHP,https://quote.eastmoney.com/us/BPFHP.html
BostonPrivateFinancialHoldingsIncWt,BPFHW,https://quote.eastmoney.com/us/BPFHW.html
BLUEPHOENIXSOLUTIONSLTD,BPHX,https://quote.eastmoney.com/us/BPHX.html
BRIDGEPOINTEDUCATIONINC,BPI,https://quote.eastmoney.com/us/BPI.html
BlackrockMunicipal2018TermT,BPK,https://quote.eastmoney.com/us/BPK.html
BUCKEYEPARTNERSLP,BPL,https://quote.eastmoney.com/us/BPL.html
BlueprintMedicinesCorp,BPMC,https://quote.eastmoney.com/us/BPMC.html
BPMidstreamPartnersLP,BPMP,https://quote.eastmoney.com/us/BPMP.html
BioPharmXCorp,BPMX,https://quote.eastmoney.com/us/BPMX.html
BROOKFIELDPROPERTIESCORP,BPO,https://quote.eastmoney.com/us/BPO.html
波多黎各大众银行,BPOP,https://quote.eastmoney.com/us/BPOP.html
POPULARINC,BPOPM,https://quote.eastmoney.com/us/BPOPM.html
POPULARINC,BPOPN,https://quote.eastmoney.com/us/BPOPN.html
布鲁克菲尔德地产-A,BPR,https://quote.eastmoney.com/us/BPR.html
BrookfieldPropertyREITIncSe,BPRAP,https://quote.eastmoney.com/us/BPRAP.html
普林斯顿银行,BPRN,https://quote.eastmoney.com/us/BPRN.html
BPPRUDHOEBAYROYALTY,BPT,https://quote.eastmoney.com/us/BPT.html
Bio-PathHoldingsInc,BPTH,https://quote.eastmoney.com/us/BPTH.html
BiophytisSAADR,BPTS,https://quote.eastmoney.com/us/BPTS.html
BrookfieldPropertyPartnersLP,BPY,https://quote.eastmoney.com/us/BPY.html
BrookfieldPropertyPartnersLP,BPYPO,https://quote.eastmoney.com/us/BPYPO.html
BrookfieldPropertyPartnersLP,BPYPP,https://quote.eastmoney.com/us/BPYPP.html
BPZRESOURCESINC,BPZ,https://quote.eastmoney.com/us/BPZ.html
BlackrockNewYorkMunicipalBo,BQH,https://quote.eastmoney.com/us/BQH.html
BROADRIDGE,BR,https://quote.eastmoney.com/us/BR.html
BlackRidgeAcquisitionCorp,BRAC,https://quote.eastmoney.com/us/BRAC.html
BlackRidgeAcquisitionCorpRt,BRACR,https://quote.eastmoney.com/us/BRACR.html
BlackRidgeAcquisitionCorpUnitConsof1Sh+1,BRACU,https://quote.eastmoney.com/us/BRACU.html
BlackRidgeAcquisitionCorpWt,BRACW,https://quote.eastmoney.com/us/BRACW.html
GlobalXBrazilFinancialsETF,BRAF,https://quote.eastmoney.com/us/BRAF.html
GlobalXBrazilConsumer,BRAQ,https://quote.eastmoney.com/us/BRAQ.html
GlobalXBrazilMidCapETF,BRAZ,https://quote.eastmoney.com/us/BRAZ.html
BRADYCORPORATION-CLA,BRC,https://quote.eastmoney.com/us/BRC.html
博科通讯,BRCD,https://quote.eastmoney.com/us/BRCD.html
博通,BRCM,https://quote.eastmoney.com/us/BRCM.html
APOLLOGOLDCORP,BRD,https://quote.eastmoney.com/us/BRD.html
"BORDERFREE,INC.",BRDR,https://quote.eastmoney.com/us/BRDR.html
BRE,BRE,https://quote.eastmoney.com/us/BRE.html
CraftBrewAllianceInc,BREW,https://quote.eastmoney.com/us/BREW.html
MarketVectorsBrazilSmall-Cap,BRF,https://quote.eastmoney.com/us/BRF.html
巴西食品,BRFS,https://quote.eastmoney.com/us/BRFS.html
"BLUEROCKRESIDENTIALGROWTHREIT,INC.",BRG,https://quote.eastmoney.com/us/BRG.html
"BLUEROCKRESIDENTIALGROWTHREIT,INC.",BRG_A,https://quote.eastmoney.com/us/BRG_A.html
BluerockResidentialGrowthREI,BRG_C,https://quote.eastmoney.com/us/BRG_C.html
BluerockResidentialGrowthREI,BRG_D,https://quote.eastmoney.com/us/BRG_D.html
BernsteinGlobalResearchFund,BRGL,https://quote.eastmoney.com/us/BRGL.html
BridgfordFoodsCorp,BRID,https://quote.eastmoney.com/us/BRID.html
BERKSHIREHATHAWAY,A,https://quote.eastmoney.com/us/BRK/A.html
BERKSHIREHATHAWAYCLASSB,B,https://quote.eastmoney.com/us/BRK/B.html
伯克希尔哈撒韦-A,BRK_A,https://quote.eastmoney.com/us/BRK_A.html
伯克希尔哈撒韦-B,BRK_B,https://quote.eastmoney.com/us/BRK_B.html
布鲁克赖恩银行,BRKL,https://quote.eastmoney.com/us/BRKL.html
布鲁克,BRKR,https://quote.eastmoney.com/us/BRKR.html
布鲁克斯自动化,BRKS,https://quote.eastmoney.com/us/BRKS.html
BIO-REFERENCELABSINC,BRLI,https://quote.eastmoney.com/us/BRLI.html
BARNWELLINDUSTRIESINC,BRN,https://quote.eastmoney.com/us/BRN.html
BROWN&BROWN,BRO,https://quote.eastmoney.com/us/BRO.html
TwelveSeasInvestmentCo,BROG,https://quote.eastmoney.com/us/BROG.html
TwelveSeasInvestmentCoRt,BROGR,https://quote.eastmoney.com/us/BROGR.html
TwelveSeasInvestmentCoUnitConsof1Sh+1Wt,BROGU,https://quote.eastmoney.com/us/BROGU.html
TwelveSeasInvestmentCoWt,BROGW,https://quote.eastmoney.com/us/BROGW.html
BROOKFIELDRESIDENTIALPROPE,BRP,https://quote.eastmoney.com/us/BRP.html
BigRockPartnersAcquisitionCorp,BRPA,https://quote.eastmoney.com/us/BRPA.html
BigRockPartnersAcquisitionC,BRPAR,https://quote.eastmoney.com/us/BRPAR.html
BigRockPartnersAcquisitionCorpUnitConsof1,BRPAU,https://quote.eastmoney.com/us/BRPAU.html
BigRockPartnersAcquisitionCorpWt,BRPAW,https://quote.eastmoney.com/us/BRPAW.html
B.RileyPrincipalMergerCorp-A,BRPM,https://quote.eastmoney.com/us/BRPM.html
B.RileyPrincipalMergerCorpUnitConsof1CLA,BRPM_U,https://quote.eastmoney.com/us/BRPM_U.html
B.RileyPrincipalMergerCorpWt,BRPM_WS,https://quote.eastmoney.com/us/BRPM_WS.html
播思科技,BRQS,https://quote.eastmoney.com/us/BRQS.html
BorqsTechnologiesIncWt,BRQSW,https://quote.eastmoney.com/us/BRQSW.html
BRISTOWGROUPINC,BRS,https://quote.eastmoney.com/us/BRS.html
GlobalBrassandCopperHoldingsInc,BRSS,https://quote.eastmoney.com/us/BRSS.html
BRTREALTYTRUST,BRT,https://quote.eastmoney.com/us/BRT.html
BRIXMORPROPERTYGROUPINC,BRX,https://quote.eastmoney.com/us/BRX.html
EGSharesBrazilInfrastructure,BRXX,https://quote.eastmoney.com/us/BRXX.html
BERRYPETROLEUMCO-CLASSA,BRY,https://quote.eastmoney.com/us/BRY.html
DirexionDailyBrazilBull3xS,BRZU,https://quote.eastmoney.com/us/BRZU.html
BrightSphereInvestmentGroupplc5.125%Notesdue,BSA,https://quote.eastmoney.com/us/BSA.html
桑坦德银行智利分行,BSAC,https://quote.eastmoney.com/us/BSAC.html
InvescoBulletShares2021USDE,BSAE,https://quote.eastmoney.com/us/BSAE.html
InvescoBulletShares2022USDE,BSBE,https://quote.eastmoney.com/us/BSBE.html
桑坦德银行巴西分行,BSBR,https://quote.eastmoney.com/us/BSBR.html
InvescoBulletShares2023USDE,BSCE,https://quote.eastmoney.com/us/BSCE.html
GuggenheimBulletShares2015Co,BSCF,https://quote.eastmoney.com/us/BSCF.html
GuggenheimBulletShares2016Co,BSCG,https://quote.eastmoney.com/us/BSCG.html
GuggenheimBulletShares2017Co,BSCH,https://quote.eastmoney.com/us/BSCH.html
GuggenheimBulletShares2018Co,BSCI,https://quote.eastmoney.com/us/BSCI.html
GuggenheimBulletShares2019Co,BSCJ,https://quote.eastmoney.com/us/BSCJ.html
GuggenheimBulletShares2020Co,BSCK,https://quote.eastmoney.com/us/BSCK.html
GuggenheimBulletShares2021Co,BSCL,https://quote.eastmoney.com/us/BSCL.html
GuggenheimBulletShares2022Co,BSCM,https://quote.eastmoney.com/us/BSCM.html
GuggenheimBulletShares2023Co,BSCN,https://quote.eastmoney.com/us/BSCN.html
GuggenheimBulletShares2024Co,BSCO,https://quote.eastmoney.com/us/BSCO.html
GuggenheimBulletShares2025Co,BSCP,https://quote.eastmoney.com/us/BSCP.html
ClaymoreExchange-TradedFundT,BSCQ,https://quote.eastmoney.com/us/BSCQ.html
InvescoBulletShares2027Corpo,BSCR,https://quote.eastmoney.com/us/BSCR.html
InvescoBulletShares2028Corpo,BSCS,https://quote.eastmoney.com/us/BSCS.html
TheBlackrockStrategicMunicip,BSD,https://quote.eastmoney.com/us/BSD.html
InvescoBulletShares2024USDE,BSDE,https://quote.eastmoney.com/us/BSDE.html
BSDMEDICALCORP,BSDM,https://quote.eastmoney.com/us/BSDM.html
BlackrockNewYorkMunicipalIn,BSE,https://quote.eastmoney.com/us/BSE.html
InnovatorS&P500BufferETF-,BSEP,https://quote.eastmoney.com/us/BSEP.html
巴赛特家具,BSET,https://quote.eastmoney.com/us/BSET.html
BearStateFinancialInc,BSF,https://quote.eastmoney.com/us/BSF.html
BroadSoftInc,BSFT,https://quote.eastmoney.com/us/BSFT.html
BioSigTechnologiesInc,BSGM,https://quote.eastmoney.com/us/BSGM.html
BLUESQUARE-ISRAELLTD-ADR,BSI,https://quote.eastmoney.com/us/BSI.html
BrightSphereInvestmentGroupInc,BSIG,https://quote.eastmoney.com/us/BSIG.html
AlonBlueSquareIsraelLtdADR,BSIRY,https://quote.eastmoney.com/us/BSIRY.html
GuggenheimBulletShares2015Hi,BSJF,https://quote.eastmoney.com/us/BSJF.html
GuggenheimBulletShares2016Hi,BSJG,https://quote.eastmoney.com/us/BSJG.html
GuggenheimBulletShares2017Hi,BSJH,https://quote.eastmoney.com/us/BSJH.html
GuggenheimBulletShares2018Hi,BSJI,https://quote.eastmoney.com/us/BSJI.html
GuggenheimBulletShares2019Hi,BSJJ,https://quote.eastmoney.com/us/BSJJ.html
GuggenheimBulletShares2020Hi,BSJK,https://quote.eastmoney.com/us/BSJK.html
GuggenheimBulletShares2021Hi,BSJL,https://quote.eastmoney.com/us/BSJL.html
GuggenheimBulletShares2022Hi,BSJM,https://quote.eastmoney.com/us/BSJM.html
GuggenheimBulletShares2023Hi,BSJN,https://quote.eastmoney.com/us/BSJN.html
ClaymoreExchange-TradedFundT,BSJO,https://quote.eastmoney.com/us/BSJO.html
InvescoBulletShares2025High,BSJP,https://quote.eastmoney.com/us/BSJP.html
InvescoBulletShares2026High,BSJQ,https://quote.eastmoney.com/us/BSJQ.html
Blackstone/GsoSeniorFloatin,BSL,https://quote.eastmoney.com/us/BSL.html
BlackStoneMineralsLP,BSM,https://quote.eastmoney.com/us/BSM.html
桑坦德银行墨西哥分行,BSMX,https://quote.eastmoney.com/us/BSMX.html
奥星制药,BSPM,https://quote.eastmoney.com/us/BSPM.html
BSQUARECorp,BSQR,https://quote.eastmoney.com/us/BSQR.html
塞拉银行,BSRR,https://quote.eastmoney.com/us/BSRR.html
BlackrockScienceAndTechnolog,BST,https://quote.eastmoney.com/us/BST.html
BioSpecificsTechnologiesCorp,BSTC,https://quote.eastmoney.com/us/BSTC.html
BiostageInc,BSTG,https://quote.eastmoney.com/us/BSTG.html
百世,BSTI,https://quote.eastmoney.com/us/BSTI.html
BlackRockScienceandTechnologyTrustII,BSTZ,https://quote.eastmoney.com/us/BSTZ.html
VanguardShort-TermBondETF,BSV,https://quote.eastmoney.com/us/BSV.html
Bank7Corp,BSVN,https://quote.eastmoney.com/us/BSVN.html
UBSAGVelocitySharesVIXTail,BSWN,https://quote.eastmoney.com/us/BSWN.html
波士顿科学,BSX,https://quote.eastmoney.com/us/BSX.html
英国电信-ADR,BT,https://quote.eastmoney.com/us/BT.html
BlackrockLong-TermMunicipalA,BTA,https://quote.eastmoney.com/us/BTA.html
BioXcelTherapeuticsInc,BTAI,https://quote.eastmoney.com/us/BTAI.html
QuantSharesU.S.MarketNeutral,BTAL,https://quote.eastmoney.com/us/BTAL.html
COMMUNITYBANKERSTRUST,BTC,https://quote.eastmoney.com/us/BTC.html
BaytexEnergyCorp,BTE,https://quote.eastmoney.com/us/BTE.html
PrincipalHealthcareInnovators,BTEC,https://quote.eastmoney.com/us/BTEC.html
B2GoldCorp,BTG,https://quote.eastmoney.com/us/BTG.html
BLYTHINC,BTH,https://quote.eastmoney.com/us/BTH.html
BRITISHAMERICANTOB-SPADR,BTI,https://quote.eastmoney.com/us/BTI.html
英美烟草,BTI_NYSE,https://quote.eastmoney.com/us/BTI_NYSE.html
BALLANTYNESTRONGINC,BTN,https://quote.eastmoney.com/us/BTN.html
JohnHancockFinancialOpportun,BTO,https://quote.eastmoney.com/us/BTO.html
BlackrockMunicipalTargetTerm,BTT,https://quote.eastmoney.com/us/BTT.html
博地能源,BTU,https://quote.eastmoney.com/us/BTU.html
PeabodyEnergyCorpSeriesAPf,BTU_,https://quote.eastmoney.com/us/BTU_.html
BTUINTERNATIONALINC,BTUI,https://quote.eastmoney.com/us/BTUI.html
BIOTIMEINC,BTX,https://quote.eastmoney.com/us/BTX.html
BioTimeIncWt,BTX_WS,https://quote.eastmoney.com/us/BTX_WS.html
BlackrockCreditAllocationInc,BTZ,https://quote.eastmoney.com/us/BTZ.html
百威英博,BUD,https://quote.eastmoney.com/us/BUD.html
BlueBuffaloPetProductsInc,BUFF,https://quote.eastmoney.com/us/BUFF.html
BlackrockUtilityAndInfrastru,BUI,https://quote.eastmoney.com/us/BUI.html
PacerUSCashCowsGrowthETF,BUL,https://quote.eastmoney.com/us/BUL.html
DBGermanBundFuturesExchange,BUNL,https://quote.eastmoney.com/us/BUNL.html
DB3xGermanBundFuturesExcha,BUNT,https://quote.eastmoney.com/us/BUNT.html
BurconNutraScienceCorp,BUR,https://quote.eastmoney.com/us/BUR.html
ChanticleerHoldingsInc,BURG,https://quote.eastmoney.com/us/BURG.html
BurlingtonStoresInc,BURL,https://quote.eastmoney.com/us/BURL.html
FirstBuseyCorp,BUSE,https://quote.eastmoney.com/us/BUSE.html
USCFSummerHavenSHPEIIndexFu,BUY,https://quote.eastmoney.com/us/BUY.html
USCFSummerHavenSHPENIndexFu,BUYN,https://quote.eastmoney.com/us/BUYN.html
SprottBuzzSocialMediaInsigh,BUZ,https://quote.eastmoney.com/us/BUZ.html
BAZAARVOICE,BV,https://quote.eastmoney.com/us/BV.html
CORDIABANCORPInc,BVA,https://quote.eastmoney.com/us/BVA.html
BrandValueETF,BVAL,https://quote.eastmoney.com/us/BVAL.html
BrandValueETF,BVAL_NASDAQ,https://quote.eastmoney.com/us/BVAL_NASDAQ.html
CIADEMINASBUENAVENTUR-ADR,BVN,https://quote.eastmoney.com/us/BVN.html
BrandesValueNextShares,BVNSC,https://quote.eastmoney.com/us/BVNSC.html
宏道资讯,BVSN,https://quote.eastmoney.com/us/BVSN.html
BOVIEMEDICALCORP,BVX,https://quote.eastmoney.com/us/BVX.html
BiondVaxPharmaceuticalsLtdADR,BVXV,https://quote.eastmoney.com/us/BVXV.html
BiondVaxPharmaceuticalsLtdWt,BVXVW,https://quote.eastmoney.com/us/BVXVW.html
Babcock&Wilcox,BW,https://quote.eastmoney.com/us/BW.html
博格华纳,BWA,https://quote.eastmoney.com/us/BWA.html
BrainswayLtdADR,BWAY,https://quote.eastmoney.com/us/BWAY.html
BridgewaterBancsharesInc,BWB,https://quote.eastmoney.com/us/BWB.html
BABCOCK&WILCOX,BWC,https://quote.eastmoney.com/us/BWC.html
BroadwindEnergyInc,BWEN,https://quote.eastmoney.com/us/BWEN.html
BankwellFinancialGroupInc,BWFG,https://quote.eastmoney.com/us/BWFG.html
LEGGMASONBWGLOBALIncomeOPPORTUNITIESFUNDInc,BWG,https://quote.eastmoney.com/us/BWG.html
鲍德温与里昂公司,BWINA,https://quote.eastmoney.com/us/BWINA.html
Baldwin&LyonsInc-B,BWINB,https://quote.eastmoney.com/us/BWINB.html
BOWLAMERICAINCORPORATED,A,https://quote.eastmoney.com/us/BWL/A.html
BowlAmericaInc-A,BWL_A,https://quote.eastmoney.com/us/BWL_A.html
BuffaloWildWingsInc,BWLD,https://quote.eastmoney.com/us/BWLD.html
BoxwoodMergerCorp-A,BWMC,https://quote.eastmoney.com/us/BWMC.html
BoxwoodMergerCorpUnitConsof1CLA+0.5Wts,BWMCU,https://quote.eastmoney.com/us/BWMCU.html
BoxwoodMergerCorpWt,BWMCW,https://quote.eastmoney.com/us/BWMCW.html
BOARDWALKPIPELINEPARTNERSLP,BWP,https://quote.eastmoney.com/us/BWP.html
BROWNSHOECOMPANYINC,BWS,https://quote.eastmoney.com/us/BWS.html
iPathETNLinkedToCboeS&P50,BWV,https://quote.eastmoney.com/us/BWV.html
SPDRBarclaysInternationalTre,BWX,https://quote.eastmoney.com/us/BWX.html
BWXTechnologiesInc,BWXT,https://quote.eastmoney.com/us/BWXT.html
SPDRBarclaysShortTermIntern,BWZ,https://quote.eastmoney.com/us/BWZ.html
黑石集团,BX,https://quote.eastmoney.com/us/BX.html
BLUELINXHOLDINGSINC,BXC,https://quote.eastmoney.com/us/BXC.html
BellatrixExplorationLtd,BXE,https://quote.eastmoney.com/us/BXE.html
BLUEGREENCORP,BXG,https://quote.eastmoney.com/us/BXG.html
BaxaltaInc,BXLT,https://quote.eastmoney.com/us/BXLT.html
