name_cn,name_en,url
OfficePropertiesIncomeTrust,OPI,https://quote.eastmoney.com/us/OPI.html
OfficePropertiesIncomeTrust,OPINI,https://quote.eastmoney.com/us/OPINI.html
OPKOHEALTHINC,OPK,https://quote.eastmoney.com/us/OPK.html
OPLINKCOMMUNICATIONSINC,OPLK,https://quote.eastmoney.com/us/OPLK.html
OpiantPharmaceuticalsInc,OPNT,https://quote.eastmoney.com/us/OPNT.html
OldPointFinancialCorp,OPOF,https://quote.eastmoney.com/us/OPOF.html
RiverNorth/DoubleLineStrategic,OPP,https://quote.eastmoney.com/us/OPP.html
欧朋,OPRA,https://quote.eastmoney.com/us/OPRA.html
OptimizeRxCorp,OPRX,https://quote.eastmoney.com/us/OPRX.html
OptiNoseInc,OPTN,https://quote.eastmoney.com/us/OPTN.html
OPTIMERPHARMACEUTICALSINC,OPTR,https://quote.eastmoney.com/us/OPTR.html
OceanPowerTechnologiesInc,OPTT,https://quote.eastmoney.com/us/OPTT.html
"OPOWER,INC.",OPWR,https://quote.eastmoney.com/us/OPWR.html
OpexaTherapeuticsInc,OPXA,https://quote.eastmoney.com/us/OPXA.html
OpexaTherapeuticsIncWt,OPXAW,https://quote.eastmoney.com/us/OPXAW.html
OPPENHEIMERHOLDINGS-CLA,OPY,https://quote.eastmoney.com/us/OPY.html
O'SharesQualityArtificialInt,OQAI,https://quote.eastmoney.com/us/OQAI.html
OppenheimerRussell1000Qualit,OQAL,https://quote.eastmoney.com/us/OQAL.html
OsiskoGoldRoyaltiesLtd,OR,https://quote.eastmoney.com/us/OR.html
ORMATTECHNOLOGIESINC,ORA,https://quote.eastmoney.com/us/ORA.html
法国电信,ORAN,https://quote.eastmoney.com/us/ORAN.html
ORBITALSCIENCESCORP,ORB,https://quote.eastmoney.com/us/ORB.html
ORBCOMMInc,ORBC,https://quote.eastmoney.com/us/ORBC.html
奥宝科技,ORBK,https://quote.eastmoney.com/us/ORBK.html
ORBITINTERNATIONALCORP,ORBT,https://quote.eastmoney.com/us/ORBT.html
ORCHIDISLANDCAPITAL,ORC,https://quote.eastmoney.com/us/ORC.html
OwlRockCapitalCorp,ORCC,https://quote.eastmoney.com/us/ORCC.html
甲骨文,ORCL,https://quote.eastmoney.com/us/ORCL.html
OrexigenTherapeuticsInc,OREX,https://quote.eastmoney.com/us/OREX.html
TheOrganicsETF,ORG,https://quote.eastmoney.com/us/ORG.html
OrganogenesisHoldingsInc-A,ORGO,https://quote.eastmoney.com/us/ORGO.html
OrganogenesisHoldingsIncWt,ORGOW,https://quote.eastmoney.com/us/ORGOW.html
OrgenesisInc,ORGS,https://quote.eastmoney.com/us/ORGS.html
OLDREPUBLIC,ORI,https://quote.eastmoney.com/us/ORI.html
OceanRigUDWInc-A,ORIG,https://quote.eastmoney.com/us/ORIG.html
OritaniFinancialCorp,ORIT,https://quote.eastmoney.com/us/ORIT.html
奥莱利汽车,ORLY,https://quote.eastmoney.com/us/ORLY.html
OwensRealtyMortgageInc,ORM,https://quote.eastmoney.com/us/ORM.html
OramedPharmaceuticalsInc,ORMP,https://quote.eastmoney.com/us/ORMP.html
ORIONMARINEGROUPINC,ORN,https://quote.eastmoney.com/us/ORN.html
BioblastPharmaLtd,ORPN,https://quote.eastmoney.com/us/ORPN.html
OrrstownFinancialServicesInc,ORRF,https://quote.eastmoney.com/us/ORRF.html
OrisunAcquisitionCorp,ORSN,https://quote.eastmoney.com/us/ORSN.html
OrisunAcquisitionCorpRt,ORSNR,https://quote.eastmoney.com/us/ORSNR.html
OrisunAcquisitionCorpUnitConsof1Sh+1Wt+,ORSNU,https://quote.eastmoney.com/us/ORSNU.html
OrisunAcquisitionCorpWt,ORSNW,https://quote.eastmoney.com/us/ORSNW.html
OrchardTherapeuticsplcADR,ORTX,https://quote.eastmoney.com/us/ORTX.html
NorbordInc,OSB,https://quote.eastmoney.com/us/OSB.html
OldSecondBancorpInc,OSBC,https://quote.eastmoney.com/us/OSBC.html
OLDSECONDBANCORPINC,OSBCP,https://quote.eastmoney.com/us/OSBCP.html
OpusSmallCapValuePlusETF,OSCV,https://quote.eastmoney.com/us/OSCV.html
OverseasShipholdingGroupInc-A,OSG,https://quote.eastmoney.com/us/OSG.html
OverseasShipholdingGroup,OSG_NYSE,https://quote.eastmoney.com/us/OSG_NYSE.html
OVERSEASSHIPHOLDINGGROUPIncCLASSB,OSGB,https://quote.eastmoney.com/us/OSGB.html
OCEANSHOREHOLDINGCO,OSHC,https://quote.eastmoney.com/us/OSHC.html
OsirisTherapeuticsInc,OSIR,https://quote.eastmoney.com/us/OSIR.html
OSISystemsInc,OSIS,https://quote.eastmoney.com/us/OSIS.html
OppenheimerRussell1000SizeF,OSIZ,https://quote.eastmoney.com/us/OSIZ.html
OSHKOSH,OSK,https://quote.eastmoney.com/us/OSK.html
OaktreeSpecialtyLendingCorporation5.875%,OSLE,https://quote.eastmoney.com/us/OSLE.html
SLMCORPORATIONCPI-LINKEDMEDIUMTERM,OSM,https://quote.eastmoney.com/us/OSM.html
BarclaysOfiSteelpathMLPETN,OSMS,https://quote.eastmoney.com/us/OSMS.html
OsmoticaPharmaceuticalsplc,OSMT,https://quote.eastmoney.com/us/OSMT.html
奥盛创新,OSN,https://quote.eastmoney.com/us/OSN.html
OneSpanInc,OSPN,https://quote.eastmoney.com/us/OSPN.html
OspreyEnergyAcquisitionCorp-A,OSPR,https://quote.eastmoney.com/us/OSPR.html
鱼鹰能源收购公司,OSPRU,https://quote.eastmoney.com/us/OSPRU.html
OspreyEnergyAcquisitionCorpWt,OSPRW,https://quote.eastmoney.com/us/OSPRW.html
OneStopSystemsInc,OSS,https://quote.eastmoney.com/us/OSS.html
Overstock.comInc,OSTK,https://quote.eastmoney.com/us/OSTK.html
奥瑞许科技,OSUR,https://quote.eastmoney.com/us/OSUR.html
OneSpaWorldHoldingsLtd,OSW,https://quote.eastmoney.com/us/OSW.html
OtelcoInc-A,OTEL,https://quote.eastmoney.com/us/OTEL.html
OpenTextCorp,OTEX,https://quote.eastmoney.com/us/OTEX.html
"OTGEXP,Inc.",OTG,https://quote.eastmoney.com/us/OTG.html
OtonomyInc,OTIC,https://quote.eastmoney.com/us/OTIC.html
OnTrackInnovationsLtd,OTIV,https://quote.eastmoney.com/us/OTIV.html
OutlookTherapeuticsInc,OTLK,https://quote.eastmoney.com/us/OTLK.html
OutlookTherapeuticsIncSeriesAWt,OTLKW,https://quote.eastmoney.com/us/OTLKW.html
OTELCOINC,OTT,https://quote.eastmoney.com/us/OTT.html
奥特泰尔,OTTR,https://quote.eastmoney.com/us/OTTR.html
OttawaBancorpInc,OTTW,https://quote.eastmoney.com/us/OTTW.html
瑞银,OUBS,https://quote.eastmoney.com/us/OUBS.html
MERKGOLDTRUST,OUNZ,https://quote.eastmoney.com/us/OUNZ.html
O'SharesFTSEU.S.QualityDivi,OUSA,https://quote.eastmoney.com/us/OUSA.html
OsharesFTSERussellSmallCap,OUSM,https://quote.eastmoney.com/us/OUSM.html
OUTFRONTMediaInc,OUT,https://quote.eastmoney.com/us/OUT.html
OUTDOORCHANNELHOLDINGSINC,OUTD,https://quote.eastmoney.com/us/OUTD.html
COINSTARINC,OUTR,https://quote.eastmoney.com/us/OUTR.html
OvaScienceInc,OVAS,https://quote.eastmoney.com/us/OVAS.html
俄亥俄河谷银行,OVBC,https://quote.eastmoney.com/us/OVBC.html
OvidTherapeuticsInc,OVID,https://quote.eastmoney.com/us/OVID.html
GuggenheimU.S.LargeCapOptim,OVLC,https://quote.eastmoney.com/us/OVLC.html
OppenheimerRussell1000Value,OVLU,https://quote.eastmoney.com/us/OVLU.html
橡木谷银行,OVLY,https://quote.eastmoney.com/us/OVLY.html
OppenheimerRussell1000LowVo,OVOL,https://quote.eastmoney.com/us/OVOL.html
OVERLANDSTORAGEINC,OVRL,https://quote.eastmoney.com/us/OVRL.html
OMNIVISIONTECHNOLOGIESINC,OVTI,https://quote.eastmoney.com/us/OVTI.html
ORBITZWORLDWIDEINC,OWW,https://quote.eastmoney.com/us/OWW.html
OxbridgeReHoldingsLtd,OXBR,https://quote.eastmoney.com/us/OXBR.html
OxbridgeReHoldingsLtdWt,OXBRW,https://quote.eastmoney.com/us/OXBRW.html
OXYGENBIOTHERAPEUTICS,OXBT,https://quote.eastmoney.com/us/OXBT.html
OXFORDRESOURCEPARTNERSLP,OXF,https://quote.eastmoney.com/us/OXF.html
OxfordImmunotecGlobalPLC,OXFD,https://quote.eastmoney.com/us/OXFD.html
OXIGENEINC,OXGN,https://quote.eastmoney.com/us/OXGN.html
OxfordLaneCapitalCorp,OXLC,https://quote.eastmoney.com/us/OXLC.html
OxfordLaneCapitalCorp,OXLCM,https://quote.eastmoney.com/us/OXLCM.html
OxfordLaneCapitalCorp8.125%,OXLCN,https://quote.eastmoney.com/us/OXLCN.html
OxfordLaneCapitalCorpTermP,OXLCO,https://quote.eastmoney.com/us/OXLCO.html
OxfordLaneCapitalCorp,OXLCP,https://quote.eastmoney.com/us/OXLCP.html
OXFORDINDUSTRIESINC,OXM,https://quote.eastmoney.com/us/OXM.html
OxfordSquareCapitalCorp,OXSQ,https://quote.eastmoney.com/us/OXSQ.html
OxfordSquareCapitalCorp,OXSQL,https://quote.eastmoney.com/us/OXSQL.html
OxfordSquareCapitalCorpNote,OXSQZ,https://quote.eastmoney.com/us/OXSQZ.html
西方石油,OXY,https://quote.eastmoney.com/us/OXY.html
OppenheimerRussell1000Yield,OYLD,https://quote.eastmoney.com/us/OYLD.html
BankOZKInc,OZK,https://quote.eastmoney.com/us/OZK.html
OCH-ZIFFCAPITALMANAGMENTGROUPLLC,OZM,https://quote.eastmoney.com/us/OZM.html
BankoftheOzarksInc,OZRK,https://quote.eastmoney.com/us/OZRK.html
潘多拉,P,https://quote.eastmoney.com/us/P.html
PLAINSALLAMERICANPIPELINELP,PAA,https://quote.eastmoney.com/us/PAA.html
PacificSpecialAcquisitionCorp,PAAC,https://quote.eastmoney.com/us/PAAC.html
PacificSpecialAcquisitionCorp.,PAACR,https://quote.eastmoney.com/us/PAACR.html
ProficientAlphaAcquisitionCorpUnitConsof1S,PAACU,https://quote.eastmoney.com/us/PAACU.html
PacificSpecialAcquisitionCorpWt,PAACW,https://quote.eastmoney.com/us/PAACW.html
泛美白银,PAAS,https://quote.eastmoney.com/us/PAAS.html
GRUPOAEROPORTUARIOPAC-ADR,PAC,https://quote.eastmoney.com/us/PAC.html
XtrackersMSCILatinAmericaPa,PACA,https://quote.eastmoney.com/us/PACA.html
PacificBiosciencesofCaliforniaInc,PACB,https://quote.eastmoney.com/us/PACB.html
PacificDrillingSA,PACD,https://quote.eastmoney.com/us/PACD.html
PACEHOLDINGSCORP.,PACE,https://quote.eastmoney.com/us/PACE.html
PACEHOLDINGSCORP.,PACEU,https://quote.eastmoney.com/us/PACEU.html
PACEHOLDINGSCORP.,PACEW,https://quote.eastmoney.com/us/PACEW.html
RanpakHoldingsCorp-A,PACK,https://quote.eastmoney.com/us/PACK.html
RanpakHoldingsCorpWt,PACK_WS,https://quote.eastmoney.com/us/PACK_WS.html
PureAcquisitionCorp-A,PACQ,https://quote.eastmoney.com/us/PACQ.html
PrimeAcquisitionCorp,PACQF,https://quote.eastmoney.com/us/PACQF.html
PureAcquisitionCorpUnitConsof1CLA+0.5Wt,PACQU,https://quote.eastmoney.com/us/PACQU.html
PureAcquisitionCorpWt,PACQW,https://quote.eastmoney.com/us/PACQW.html
PACERINTERNATIONALINC,PACR,https://quote.eastmoney.com/us/PACR.html
文思海辉,PACT,https://quote.eastmoney.com/us/PACT.html
PacWestBancorp,PACW,https://quote.eastmoney.com/us/PACW.html
PacerBenchmarkApartments&Re,PAD,https://quote.eastmoney.com/us/PAD.html
PowerSharesFTSERAFIAsiaPaci,PAF,https://quote.eastmoney.com/us/PAF.html
PENSKEAUTOGROUPINC,PAG,https://quote.eastmoney.com/us/PAG.html
PowersharesGlobalAgriculture,PAGG,https://quote.eastmoney.com/us/PAGG.html
PlainsGPHoldingsLP-A,PAGP,https://quote.eastmoney.com/us/PAGP.html
PagSeguroDigitalLtd-A,PAGS,https://quote.eastmoney.com/us/PAGS.html
PlatformSpecialtyProductsCorp,PAH,https://quote.eastmoney.com/us/PAH.html
美国辉宝,PAHC,https://quote.eastmoney.com/us/PAHC.html
WesternAssetIncomeFund,PAI,https://quote.eastmoney.com/us/PAI.html
GlobalXMSCIPakistanETF,PAK,https://quote.eastmoney.com/us/PAK.html
NORTHAMERPALLADIUMLTD,PAL,https://quote.eastmoney.com/us/PAL.html
EtfsPhysicalPalladiumShares,PALL,https://quote.eastmoney.com/us/PALL.html
PAMPAENERGIASA,PAM,https://quote.eastmoney.com/us/PAM.html
PangaeaLogisticsSolutionsLtd,PANL,https://quote.eastmoney.com/us/PANL.html
派拓网络,PANW,https://quote.eastmoney.com/us/PANW.html
STRATUSPROPERTIESINC,PAPI,https://quote.eastmoney.com/us/PAPI.html
InnovatorS&P500PowerBuffer,PAPR,https://quote.eastmoney.com/us/PAPR.html
PrimeAcquisitionCorpUnitConsof1Sh+1Wt,PAQUF,https://quote.eastmoney.com/us/PAQUF.html
PrimeAcquisitionCorpWt,PAQWF,https://quote.eastmoney.com/us/PAQWF.html
PARTECHNOLOGY,PAR,https://quote.eastmoney.com/us/PAR.html
PARNELLPHARMACEUTICALSHOLDINGSLTD,PARN,https://quote.eastmoney.com/us/PARN.html
ParPacificHoldingsInc,PARR,https://quote.eastmoney.com/us/PARR.html
DirexionDailyConsumerDiscret,PASS,https://quote.eastmoney.com/us/PASS.html
NUPATHEINC,PATH,https://quote.eastmoney.com/us/PATH.html
PatriotTransportationHoldingInc,PATI,https://quote.eastmoney.com/us/PATI.html
PatrickIndustriesInc,PATK,https://quote.eastmoney.com/us/PATK.html
PATRIOTTRANSPORTATIONHLDG,PATR,https://quote.eastmoney.com/us/PATR.html
InnovatorS&P500PowerBuffer,PAUG,https://quote.eastmoney.com/us/PAUG.html
GlobalXUSInfrastructureDeve,PAVE,https://quote.eastmoney.com/us/PAVE.html
PAVmedInc,PAVM,https://quote.eastmoney.com/us/PAVM.html
PAVmedInc.,PAVMU,https://quote.eastmoney.com/us/PAVMU.html
PAVmedIncWt,PAVMW,https://quote.eastmoney.com/us/PAVMW.html
PAVmedIncWt,PAVMZ,https://quote.eastmoney.com/us/PAVMZ.html
ProSharesPetCareETF,PAWZ,https://quote.eastmoney.com/us/PAWZ.html
VERIFONEHOLDINGS,PAY,https://quote.eastmoney.com/us/PAY.html
PaycomSoftwareInc,PAYC,https://quote.eastmoney.com/us/PAYC.html
PaysignInc,PAYS,https://quote.eastmoney.com/us/PAYS.html
沛齐,PAYX,https://quote.eastmoney.com/us/PAYX.html
PROSPERITYBANCSHARESINC,PB,https://quote.eastmoney.com/us/PB.html
PEMBINAPIPELINEINCIME,PBA,https://quote.eastmoney.com/us/PBA.html
ProspectCapitalCorporation,PBB,https://quote.eastmoney.com/us/PBB.html
PBBancorpInc,PBBI,https://quote.eastmoney.com/us/PBBI.html
ProspectCapitalCorpNotes,PBC,https://quote.eastmoney.com/us/PBC.html
POLONIABANCORPInc,PBCP,https://quote.eastmoney.com/us/PBCP.html
人民联合金融,PBCT,https://quote.eastmoney.com/us/PBCT.html
PeoplesUnitedFinlInc,PBCTP,https://quote.eastmoney.com/us/PBCTP.html
PowerSharesGlobalCleanEnergy,PBD,https://quote.eastmoney.com/us/PBD.html
InvescoPureBetaFTSEDeveloped,PBDM,https://quote.eastmoney.com/us/PBDM.html
PowerSharesDynamicBiotechnolo,PBE,https://quote.eastmoney.com/us/PBE.html
InvescoPureBetaFTSEEmerging,PBEE,https://quote.eastmoney.com/us/PBEE.html
PBFENERGY,PBF,https://quote.eastmoney.com/us/PBF.html
PioneerBancorpInc,PBFS,https://quote.eastmoney.com/us/PBFS.html
PBFLogisticsLP,PBFX,https://quote.eastmoney.com/us/PBFX.html
PRESTIGEBRANDSHOLDINGSINC,PBH,https://quote.eastmoney.com/us/PBH.html
PathfinderBancorpInc,PBHC,https://quote.eastmoney.com/us/PBHC.html
必能宝,PBI,https://quote.eastmoney.com/us/PBI.html
PitneyBowesInc5.25%NotesDu,PBI_A,https://quote.eastmoney.com/us/PBI_A.html
PitneyBowesInc,PBI_A_CL,https://quote.eastmoney.com/us/PBI_A_CL.html
PitneyBowesInc.6.70%NotesD,PBI_B,https://quote.eastmoney.com/us/PBI_B.html
PorterBancorpInc,PBIB,https://quote.eastmoney.com/us/PBIB.html
PressureBioSciencesInc,PBIO,https://quote.eastmoney.com/us/PBIO.html
PressureBioSciencesIncWt,PBIOW,https://quote.eastmoney.com/us/PBIOW.html
宾夕法尼亚保德信,PBIP,https://quote.eastmoney.com/us/PBIP.html
PowerSharesDynamicFood&Beve,PBJ,https://quote.eastmoney.com/us/PBJ.html
PACIFICBOOKERMINERALSINC,PBM,https://quote.eastmoney.com/us/PBM.html
PrimaBioMedLtdADR,PBMD,https://quote.eastmoney.com/us/PBMD.html
ParagonCommercialCorp,PBNC,https://quote.eastmoney.com/us/PBNC.html
InvescoPureBetaUSAggregateB,PBND,https://quote.eastmoney.com/us/PBND.html
PROVIDENTNEWYORKBANCORP,PBNY,https://quote.eastmoney.com/us/PBNY.html
PowerSharesS&P500BuywritePo,PBP,https://quote.eastmoney.com/us/PBP.html
PotbellyCorp,PBPB,https://quote.eastmoney.com/us/PBPB.html
巴西石油,PBR,https://quote.eastmoney.com/us/PBR.html
PETROLEOBRASILEIROS.A.-PETROBRAS,A,https://quote.eastmoney.com/us/PBR/A.html
巴西石油-优先股,PBR_A,https://quote.eastmoney.com/us/PBR_A.html
PowerSharesDynamicMediaPortf,PBS,https://quote.eastmoney.com/us/PBS.html
PoageBanksharesInc,PBSK,https://quote.eastmoney.com/us/PBSK.html
InvescoPureBetaMSCIUSASmall,PBSM,https://quote.eastmoney.com/us/PBSM.html
PERMIANBASINROYALTYTRUST,PBT,https://quote.eastmoney.com/us/PBT.html
PROLORBIOTECH,PBTH,https://quote.eastmoney.com/us/PBTH.html
InvescoPureBeta0-5YrUSTIPS,PBTP,https://quote.eastmoney.com/us/PBTP.html
宏桥高科,PBTS,https://quote.eastmoney.com/us/PBTS.html
InvescoPureBetaMSCIUSAETF,PBUS,https://quote.eastmoney.com/us/PBUS.html
PowerSharesWilderhillCleanEn,PBW,https://quote.eastmoney.com/us/PBW.html
PEPBOYS-MANNYMOE&JACK,PBY,https://quote.eastmoney.com/us/PBY.html
PumaBiotechnologyInc,PBYI,https://quote.eastmoney.com/us/PBYI.html
PANASONICCOR,PC,https://quote.eastmoney.com/us/PC.html
帕卡,PCAR,https://quote.eastmoney.com/us/PCAR.html
PCBBancorp,PCB,https://quote.eastmoney.com/us/PCB.html
PacificContinentalCorp,PCBK,https://quote.eastmoney.com/us/PCBK.html
PMCCOMMERCIALTRUST,PCC,https://quote.eastmoney.com/us/PCC.html
PCCONNECTIONINC,PCCC,https://quote.eastmoney.com/us/PCCC.html
PowerSharesCEFIncomeComposit,PCEF,https://quote.eastmoney.com/us/PCEF.html
PutnamHighIncomeSecuritiesF,PCF,https://quote.eastmoney.com/us/PCF.html
太平洋煤气与电力,PCG,https://quote.eastmoney.com/us/PCG.html
PacificGasAndElectricCompan,PCG_A,https://quote.eastmoney.com/us/PCG_A.html
PacificGasAndElectricCompan,PCG_B,https://quote.eastmoney.com/us/PCG_B.html
PacificGasAndElectricCompan,PCG_C,https://quote.eastmoney.com/us/PCG_C.html
PacificGasAndElectricCompan,PCG_D,https://quote.eastmoney.com/us/PCG_D.html
PacificGasAndElectricCompan,PCG_E,https://quote.eastmoney.com/us/PCG_E.html
PacificGasAndElectricCompan,PCG_G,https://quote.eastmoney.com/us/PCG_G.html
PacificGasAndElectricCompan,PCG_H,https://quote.eastmoney.com/us/PCG_H.html
PacificGasAndElectricCompan,PCG_I,https://quote.eastmoney.com/us/PCG_I.html
PotlatchDelticCorp,PCH,https://quote.eastmoney.com/us/PCH.html
PimcoDynamicCreditIncomeFun,PCI,https://quote.eastmoney.com/us/PCI.html
PCIMediaInc,PCIM,https://quote.eastmoney.com/us/PCIM.html
PCIMediaIncUnitConsof1Sh+1Wt,PCIMU,https://quote.eastmoney.com/us/PCIMU.html
PCIMediaIncWt,PCIMW,https://quote.eastmoney.com/us/PCIMW.html
PimcoCaliforniaMunicipalInco,PCK,https://quote.eastmoney.com/us/PCK.html
梅溪木材,PCL,https://quote.eastmoney.com/us/PCL.html
普利斯林,PCLN,https://quote.eastmoney.com/us/PCLN.html
PcmFundInc,PCM,https://quote.eastmoney.com/us/PCM.html
PCMInc,PCMI,https://quote.eastmoney.com/us/PCMI.html
PimcoCorporate&IncomeStrate,PCN,https://quote.eastmoney.com/us/PCN.html
PENDRELL,PCO,https://quote.eastmoney.com/us/PCO.html
PointsInternationalLtd,PCOM,https://quote.eastmoney.com/us/PCOM.html
PoseidonContainersHoldingsCorp,PCON,https://quote.eastmoney.com/us/PCON.html
精密机件,PCP,https://quote.eastmoney.com/us/PCP.html
PimcoCaliforniaMunicipalInco,PCQ,https://quote.eastmoney.com/us/PCQ.html
PaciraBioSciencesInc,PCRX,https://quote.eastmoney.com/us/PCRX.html
METROPCSCOMMUNICATIONS,PCS,https://quote.eastmoney.com/us/PCS.html
PCSBFinancialCorp,PCSB,https://quote.eastmoney.com/us/PCSB.html
PCTELInc,PCTI,https://quote.eastmoney.com/us/PCTI.html
PaylocityHoldingCorp,PCTY,https://quote.eastmoney.com/us/PCTY.html
PowerSharesEmergingMarketsSo,PCY,https://quote.eastmoney.com/us/PCY.html
PHARMACYCLICSINC,PCYC,https://quote.eastmoney.com/us/PCYC.html
ParkCityGroupInc,PCYG,https://quote.eastmoney.com/us/PCYG.html
PureCycleCorp,PCYO,https://quote.eastmoney.com/us/PCYO.html
PagerDutyInc,PD,https://quote.eastmoney.com/us/PD.html
PowersharesDbOptimumYieldDi,PDBC,https://quote.eastmoney.com/us/PDBC.html
PDCEnergyInc,PDCE,https://quote.eastmoney.com/us/PDCE.html
帕特森,PDCO,https://quote.eastmoney.com/us/PDCO.html
拼多多,PDD,https://quote.eastmoney.com/us/PDD.html
PrincipalInternationalMulti-F,PDEV,https://quote.eastmoney.com/us/PDEV.html
Pro-DexInc,PDEX,https://quote.eastmoney.com/us/PDEX.html
PDFSolutionsInc,PDFS,https://quote.eastmoney.com/us/PDFS.html
PETROLOGISTICS,PDH,https://quote.eastmoney.com/us/PDH.html
PimcoDynamicIncomeFund,PDI,https://quote.eastmoney.com/us/PDI.html
PDIINC,PDII,https://quote.eastmoney.com/us/PDII.html
PDLCommunityBancorp,PDLB,https://quote.eastmoney.com/us/PDLB.html
PDLBioPharmaInc,PDLI,https://quote.eastmoney.com/us/PDLI.html
PIEDMONT,PDM,https://quote.eastmoney.com/us/PDM.html
PowerSharesFTSERAFIDeveloped,PDN,https://quote.eastmoney.com/us/PDN.html
PYRAMIDOILCO,PDO,https://quote.eastmoney.com/us/PDO.html
PowerSharesDwaMomentumPortfo,PDP,https://quote.eastmoney.com/us/PDP.html
PRECISIONDRILLINGTRUST,PDS,https://quote.eastmoney.com/us/PDS.html
PDSBiotechnologyCorp,PDSB,https://quote.eastmoney.com/us/PDSB.html
JohnHancockPremiumDividendF,PDT,https://quote.eastmoney.com/us/PDT.html
pdvWirelessInc,PDVW,https://quote.eastmoney.com/us/PDVW.html
"PARSLEYENERGY,INC.",PE,https://quote.eastmoney.com/us/PE.html
PEAKRESORTS,PEAK,https://quote.eastmoney.com/us/PEAK.html
PEBBLEBROOKHOTEL,PEB,https://quote.eastmoney.com/us/PEB.html
PebblebrookHotelTrust7.875%,PEB_A,https://quote.eastmoney.com/us/PEB_A.html
PebblebrookHotelTrust,PEB_A_CL,https://quote.eastmoney.com/us/PEB_A_CL.html
PebblebrookHotelTrust8.00%S,PEB_B,https://quote.eastmoney.com/us/PEB_B.html
PebblebrookHotelTrust,PEB_B_CL,https://quote.eastmoney.com/us/PEB_B_CL.html
PebblebrookHotelTrust6.50%S,PEB_C,https://quote.eastmoney.com/us/PEB_C.html
PebblebrookHotelTrust,PEB_D,https://quote.eastmoney.com/us/PEB_D.html
PebblebrookHotelTrustSeries,PEB_E,https://quote.eastmoney.com/us/PEB_E.html
PebblebrookHotelTrustSeries,PEB_F,https://quote.eastmoney.com/us/PEB_F.html
北卡罗莱纳国民银行,PEBK,https://quote.eastmoney.com/us/PEBK.html
PeoplesBancorpInc,PEBO,https://quote.eastmoney.com/us/PEBO.html
ThePeckCoHoldingsInc,PECK,https://quote.eastmoney.com/us/PECK.html
ThePeckCoIncWt,PECKW,https://quote.eastmoney.com/us/PECKW.html
PEDEVCOCorp,PED,https://quote.eastmoney.com/us/PED.html
PeerStreamInc,PEER,https://quote.eastmoney.com/us/PEER.html
PeerStreamIncWt,PEERW,https://quote.eastmoney.com/us/PEERW.html
公共服务,PEG,https://quote.eastmoney.com/us/PEG.html
PegasystemsInc,PEGA,https://quote.eastmoney.com/us/PEGA.html
PatternEnergyGroupInc-A,PEGI,https://quote.eastmoney.com/us/PEGI.html
PENNSYLVANIAREALESTATEINVESTMENTTRU,PEI,https://quote.eastmoney.com/us/PEI.html
PennsylvaniaRealEstateInvest,PEI_A,https://quote.eastmoney.com/us/PEI_A.html
PennsylvaniaRealEstateInvest,PEI_B,https://quote.eastmoney.com/us/PEI_B.html
PennsylvaniaRealEstateInvest,PEI_C,https://quote.eastmoney.com/us/PEI_C.html
PennsylvaniaRealEstateInvest,PEI_D,https://quote.eastmoney.com/us/PEI_D.html
PacificEthanolInc,PEIX,https://quote.eastmoney.com/us/PEIX.html
PowerSharesDynamicLeisure&E,PEJ,https://quote.eastmoney.com/us/PEJ.html
MarketVectorsChinaamcA-Share,PEK,https://quote.eastmoney.com/us/PEK.html
PenumbraInc,PEN,https://quote.eastmoney.com/us/PEN.html
佩恩国民博彩,PENN,https://quote.eastmoney.com/us/PENN.html
PENFORDCORP,PENX,https://quote.eastmoney.com/us/PENX.html
AdamsNaturalResourcesFundIn,PEO,https://quote.eastmoney.com/us/PEO.html
PEOPLESFEDERALBANCSHARES,PEOP,https://quote.eastmoney.com/us/PEOP.html
百事可乐,PEP,https://quote.eastmoney.com/us/PEP.html
SANDRIDGEENERGY,PER,https://quote.eastmoney.com/us/PER.html
PerfumaniaHoldingsInc,PERF,https://quote.eastmoney.com/us/PERF.html
PerionNetworkLtd,PERI,https://quote.eastmoney.com/us/PERI.html
GlobalXPermanentETF,PERM,https://quote.eastmoney.com/us/PERM.html
派瑞艾力斯,PERY,https://quote.eastmoney.com/us/PERY.html
PIONEERENERGYSERVICES,PES,https://quote.eastmoney.com/us/PES.html
PhiladelphiaEnergySolutionsInc.,PESC,https://quote.eastmoney.com/us/PESC.html
佩尔马福克斯环境服务,PESI,https://quote.eastmoney.com/us/PESI.html
PioneerEnergyServicesCorp,PESX,https://quote.eastmoney.com/us/PESX.html
PETSMART,PETM,https://quote.eastmoney.com/us/PETM.html
宠物IQ,PETQ,https://quote.eastmoney.com/us/PETQ.html
PetMedExpressInc,PETS,https://quote.eastmoney.com/us/PETS.html
AratanaTherapeuticsInc,PETX,https://quote.eastmoney.com/us/PETX.html
天地荟,PETZ,https://quote.eastmoney.com/us/PETZ.html
GabelliPetParents'TMNextSha,PETZC,https://quote.eastmoney.com/us/PETZC.html
ProSharesGlobalListedPrivate,PEX,https://quote.eastmoney.com/us/PEX.html
PacerUSExportLeadersETF,PEXL,https://quote.eastmoney.com/us/PEXL.html
PowerSharesHighYieldEquityD,PEY,https://quote.eastmoney.com/us/PEY.html
PowerSharesDwaConsumerCyclic,PEZ,https://quote.eastmoney.com/us/PEZ.html
PINNACLEFOODSINC,PF,https://quote.eastmoney.com/us/PF.html
保富银行,PFBC,https://quote.eastmoney.com/us/PFBC.html
PremierFinancialBancorpInc,PFBI,https://quote.eastmoney.com/us/PFBI.html
PeoplesFinancialCorp,PFBX,https://quote.eastmoney.com/us/PFBX.html
Flaherty&CrumrinePreferredI,PFD,https://quote.eastmoney.com/us/PFD.html
辉瑞制药,PFE,https://quote.eastmoney.com/us/PFE.html
PowerSharesFundamentalEmergin,PFEM,https://quote.eastmoney.com/us/PFEM.html
iSharesU.S.PreferredStockET,PFF,https://quote.eastmoney.com/us/PFF.html
美国优先股ETF-iShares,PFF_NASDAQ,https://quote.eastmoney.com/us/PFF_NASDAQ.html
VirtusInfraCapU.S.Preferred,PFFA,https://quote.eastmoney.com/us/PFFA.html
GlobalXU.S.PreferredETF,PFFD,https://quote.eastmoney.com/us/PFFD.html
ETRACS2xMonthlyPayLeveraged,PFFL,https://quote.eastmoney.com/us/PFFL.html
ETFISSeriesTrustIETF,PFFR,https://quote.eastmoney.com/us/PFFR.html
信安金融,PFG,https://quote.eastmoney.com/us/PFG.html
PrincipalFinancialGroupInc,PFG_B_CL,https://quote.eastmoney.com/us/PFG_B_CL.html
PerformanceFoodGroupCo,PFGC,https://quote.eastmoney.com/us/PFGC.html
CABCOTRUSTFORJCPENNY,PFH,https://quote.eastmoney.com/us/PFH.html
PowerSharesDwaFinancialMomen,PFI,https://quote.eastmoney.com/us/PFI.html
ProfireEnergyInc,PFIE,https://quote.eastmoney.com/us/PFIE.html
PowerSharesFundamentalInvestm,PFIG,https://quote.eastmoney.com/us/PFIG.html
P&FIndustriesInc-A,PFIN,https://quote.eastmoney.com/us/PFIN.html
PeoplesFinancialServicesCorp,PFIS,https://quote.eastmoney.com/us/PFIS.html
PRUDENTIALFINANCIALINC,PFK,https://quote.eastmoney.com/us/PFK.html
PimcoIncomeStrategyFund,PFL,https://quote.eastmoney.com/us/PFL.html
PennantParkFloatingRateCapitalLtd,PFLT,https://quote.eastmoney.com/us/PFLT.html
PowerSharesDividendAchievers,PFM,https://quote.eastmoney.com/us/PFM.html
PerformantFinancialCorp,PFMT,https://quote.eastmoney.com/us/PFMT.html
PimcoIncomeStrategyFundII,PFN,https://quote.eastmoney.com/us/PFN.html
PfenexInc,PFNX,https://quote.eastmoney.com/us/PFNX.html
Flaherty&CrumrinePreferredI,PFO,https://quote.eastmoney.com/us/PFO.html
ProofpointInc,PFPT,https://quote.eastmoney.com/us/PFPT.html
PROVIDENTFINANCIALSERVICES,PFS,https://quote.eastmoney.com/us/PFS.html
PennyMacFinancialServicesInc,PFSI,https://quote.eastmoney.com/us/PFSI.html
PFSwebInc,PFSW,https://quote.eastmoney.com/us/PFSW.html
AMPLIFYETFTR,PFV,https://quote.eastmoney.com/us/PFV.html
THEPHOENIXCOMPANIESINC,PFX,https://quote.eastmoney.com/us/PFX.html
MarketVectorsPreferredSecuri,PFXF,https://quote.eastmoney.com/us/PFXF.html
宝洁,PG,https://quote.eastmoney.com/us/PG.html
GlobalXFTSEPortugal20ETF,PGAL,https://quote.eastmoney.com/us/PGAL.html
PEAPACKGLADSTONEFINLCORP,PGC,https://quote.eastmoney.com/us/PGC.html
iPathAsian&GulfCurrencyRev,PGD,https://quote.eastmoney.com/us/PGD.html
PlyGemHoldingsInc,PGEM,https://quote.eastmoney.com/us/PGEM.html
PowerSharesFinancialPreferred,PGF,https://quote.eastmoney.com/us/PGF.html
PENGROWTHENERGYTRUST,PGH,https://quote.eastmoney.com/us/PGH.html
PengrowthEnergyCorp,PGHEF,https://quote.eastmoney.com/us/PGHEF.html
PowerSharesGlobalShortTermH,PGHY,https://quote.eastmoney.com/us/PGHY.html
PREMIEREGLOBALSERVICESINC,PGI,https://quote.eastmoney.com/us/PGI.html
PowerSharesGoldenDragonChina,PGJ,https://quote.eastmoney.com/us/PGJ.html
PershingGoldCorp,PGLC,https://quote.eastmoney.com/us/PGLC.html
iPathBloombergPlatinumSubind,PGM,https://quote.eastmoney.com/us/PGM.html
iPathSeriesBBloombergPlatin,PGMB,https://quote.eastmoney.com/us/PGMB.html
PARAGONOFFSHOREPLC,PGN,https://quote.eastmoney.com/us/PGN.html
"PGAHOLDINGS,INC.",PGND,https://quote.eastmoney.com/us/PGND.html
普罗基尼克斯制药,PGNX,https://quote.eastmoney.com/us/PGNX.html
PimcoGlobalStockplus&Income,PGP,https://quote.eastmoney.com/us/PGP.html
前进保险,PGR,https://quote.eastmoney.com/us/PGR.html
ParamountGroupInc,PGRE,https://quote.eastmoney.com/us/PGRE.html
PROSPECTGLOBALRESOURCES,PGRX,https://quote.eastmoney.com/us/PGRX.html
PGTInnovationsInc,PGTI,https://quote.eastmoney.com/us/PGTI.html
PowerSharesPreferredPortfolio,PGX,https://quote.eastmoney.com/us/PGX.html
PrincipalRealEstateIncomeFu,PGZ,https://quote.eastmoney.com/us/PGZ.html
派克汉尼汾,PH,https://quote.eastmoney.com/us/PH.html
PULTEHOMESINC,PHA,https://quote.eastmoney.com/us/PHA.html
PhaseBioPharmaceuticalsInc,PHAS,https://quote.eastmoney.com/us/PHAS.html
PowerSharesFundamentalHighYi,PHB,https://quote.eastmoney.com/us/PHB.html
普惠财富,PHCF,https://quote.eastmoney.com/us/PHCF.html
PioneerFloatingRateTrust,PHD,https://quote.eastmoney.com/us/PHD.html
PowerSharesS&P500DownsideHe,PHDG,https://quote.eastmoney.com/us/PHDG.html
PacholderHighYieldFundInc,PHF,https://quote.eastmoney.com/us/PHF.html
KONINKLPHILENYSH,PHG,https://quote.eastmoney.com/us/PHG.html
PHHCORP,PHH,https://quote.eastmoney.com/us/PHH.html
PHILIPPINELONGDIST-SPADR,PHI,https://quote.eastmoney.com/us/PHI.html
PHIInc,PHII,https://quote.eastmoney.com/us/PHII.html
PHIInc,PHIIDQ,https://quote.eastmoney.com/us/PHIIDQ.html
PHIInc,PHIIK,https://quote.eastmoney.com/us/PHIIK.html
PHIInc,PHIIKDQ,https://quote.eastmoney.com/us/PHIIKDQ.html
PhioPharmaceuticalsCorp,PHIO,https://quote.eastmoney.com/us/PHIO.html
PhioPharmaceuticalsCorpWt,PHIOW,https://quote.eastmoney.com/us/PHIOW.html
PimcoHighIncomeFund,PHK,https://quote.eastmoney.com/us/PHK.html
普尔特房屋,PHM,https://quote.eastmoney.com/us/PHM.html
PhotoMedexInc,PHMD,https://quote.eastmoney.com/us/PHMD.html
PowerSharesWaterResourcePort,PHO,https://quote.eastmoney.com/us/PHO.html
PRUDENTIALFINANCIALINC,PHR,https://quote.eastmoney.com/us/PHR.html
PioneerHighIncomeTrust,PHT,https://quote.eastmoney.com/us/PHT.html
PhunwareInc,PHUN,https://quote.eastmoney.com/us/PHUN.html
PhunwareIncWt,PHUNW,https://quote.eastmoney.com/us/PHUNW.html
PANHANDLEOILANDGASINC-A,PHX,https://quote.eastmoney.com/us/PHX.html
PGIMActiveHighYieldBondETF,PHYL,https://quote.eastmoney.com/us/PHYL.html
SprottPhysicalGoldTrustETV,PHYS,https://quote.eastmoney.com/us/PHYS.html
英频杰,PI,https://quote.eastmoney.com/us/PI.html
PivotalInvestmentCorpII-A,PIC,https://quote.eastmoney.com/us/PIC.html
PivotalInvestmentCorpIIUnitConsof1CLA+1,PIC_U,https://quote.eastmoney.com/us/PIC_U.html
PivotalInvestmentCorpIIWt,PIC_WS,https://quote.eastmoney.com/us/PIC_WS.html
PowerSharesInternationalCorpo,PICB,https://quote.eastmoney.com/us/PICB.html
iSharesMSCIGlobalMetals&Mi,PICK,https://quote.eastmoney.com/us/PICK.html
PICOHoldingsInc,PICO,https://quote.eastmoney.com/us/PICO.html
PowerSharesInternationalDivid,PID,https://quote.eastmoney.com/us/PID.html
PowerSharesDwaEmergingMarket,PIE,https://quote.eastmoney.com/us/PIE.html
PacerInternationalExportLead,PIEL,https://quote.eastmoney.com/us/PIEL.html
"1347PROPERTYINSURANCEHOLDINGS,INC.",PIH,https://quote.eastmoney.com/us/PIH.html
1347PropertyInsuranceHolding,PIHPP,https://quote.eastmoney.com/us/PIHPP.html
北极星工业,PII,https://quote.eastmoney.com/us/PII.html
PIKEELECTRICCORP,PIKE,https://quote.eastmoney.com/us/PIKE.html
DirexionDailyPharmaceutical&,PILL,https://quote.eastmoney.com/us/PILL.html
DirexionDailyPharmaceutical&,PILS,https://quote.eastmoney.com/us/PILS.html
PutnamMasterIntermediateInco,PIM,https://quote.eastmoney.com/us/PIM.html
PowerSharesIndiaPortfolio,PIN,https://quote.eastmoney.com/us/PIN.html
PremierInc-A,PINC,https://quote.eastmoney.com/us/PINC.html
PinterestInc-A,PINS,https://quote.eastmoney.com/us/PINS.html
PowerSharesGlobalWaterPortfo,PIO,https://quote.eastmoney.com/us/PIO.html
"P10Industries,Inc.",PIOI,https://quote.eastmoney.com/us/PIOI.html
PHARMATHENEINC,PIP,https://quote.eastmoney.com/us/PIP.html
PIER1IMPORTSINC,PIR,https://quote.eastmoney.com/us/PIR.html
PierisPharmaceuticalsInc,PIRS,https://quote.eastmoney.com/us/PIRS.html
MLDEPOSITORPREFERREDPLUS,PIS,https://quote.eastmoney.com/us/PIS.html
兼职精灵,PIXY,https://quote.eastmoney.com/us/PIXY.html
MLDEPOSITORPREFERREDPLUS,PIY,https://quote.eastmoney.com/us/PIY.html
PowerSharesDwaDevelopedMarke,PIZ,https://quote.eastmoney.com/us/PIZ.html
MLDEPOSITORPREFERREDPLUS,PJA,https://quote.eastmoney.com/us/PJA.html
InnovatorS&P500UltraBuffer,PJAN,https://quote.eastmoney.com/us/PJAN.html
PIPERJAFFRAYCOS,PJC,https://quote.eastmoney.com/us/PJC.html
PrudentialFinancialInc,PJH,https://quote.eastmoney.com/us/PJH.html
MERRILLLYNCHDEPOSITORINCPPLUSCL,PJI,https://quote.eastmoney.com/us/PJI.html
MLDEPOSITORPREFERREDPLUS,PJL,https://quote.eastmoney.com/us/PJL.html
PowerSharesDynamicPharmaceuti,PJP,https://quote.eastmoney.com/us/PJP.html
MERRILLLYNCHDEPOSITORINC7.55%/TR,PJS,https://quote.eastmoney.com/us/PJS.html
PreferredPlusTrust,PJS_CL,https://quote.eastmoney.com/us/PJS_CL.html
PJTPartnersInc-A,PJT,https://quote.eastmoney.com/us/PJT.html
InnovatorS&P500PowerBuffer,PJUL,https://quote.eastmoney.com/us/PJUL.html
InnovatorS&P500PowerBuffer,PJUN,https://quote.eastmoney.com/us/PJUN.html
ParkHotels&ResortsInc,PK,https://quote.eastmoney.com/us/PK.html
PowerSharesDynamicBuilding&,PKB,https://quote.eastmoney.com/us/PKB.html
帕克银行,PKBK,https://quote.eastmoney.com/us/PKBK.html
PARKERDRILLINGCO,PKD,https://quote.eastmoney.com/us/PKD.html
PARKELECTROCHEMICALCORP,PKE,https://quote.eastmoney.com/us/PKE.html
PCA,PKG,https://quote.eastmoney.com/us/PKG.html
MLDEPOSITORPREFERREDPLUS,PKH,https://quote.eastmoney.com/us/PKH.html
珀金埃尔默,PKI,https://quote.eastmoney.com/us/PKI.html
MLDEPOSITORPREFERREDPLUS,PKK,https://quote.eastmoney.com/us/PKK.html
PimcoIncomeOpportunityFund,PKO,https://quote.eastmoney.com/us/PKO.html
Park-OhioHoldingsCorp,PKOH,https://quote.eastmoney.com/us/PKOH.html
PROCERANETWORKSINC,PKT,https://quote.eastmoney.com/us/PKT.html
PowerSharesBuybackAchieversP,PKW,https://quote.eastmoney.com/us/PKW.html
POSCO-ADR,PKX,https://quote.eastmoney.com/us/PKX.html
PARKWAYPROPERTIESINC,PKY,https://quote.eastmoney.com/us/PKY.html
PROTECTIVE,PL,https://quote.eastmoney.com/us/PL.html
ProtectiveLifeCorporation,PL_C,https://quote.eastmoney.com/us/PL_C.html
ProtectiveLifeCorpDebentures,PL_C_CL,https://quote.eastmoney.com/us/PL_C_CL.html
ProtectiveLifeCorporation,PL_E,https://quote.eastmoney.com/us/PL_E.html
ProtectiveLifeCorpDebentures,PL_E_CL,https://quote.eastmoney.com/us/PL_E_CL.html
福尼克斯,PLAB,https://quote.eastmoney.com/us/PLAB.html
美国绿星球,PLAG,https://quote.eastmoney.com/us/PLAG.html
AnaplanInc,PLAN,https://quote.eastmoney.com/us/PLAN.html
WisdomTreeModernTechPlatform,PLAT,https://quote.eastmoney.com/us/PLAT.html
Dave&Buster'sEntertainmentInc,PLAY,https://quote.eastmoney.com/us/PLAY.html
PlumasBancorp,PLBC,https://quote.eastmoney.com/us/PLBC.html
PrincipalU.S.Large-CapMulti-,PLC,https://quote.eastmoney.com/us/PLC.html
PAULSONCAPITALCORP,PLCC,https://quote.eastmoney.com/us/PLCC.html
TheChildren'sPlaceInc,PLCE,https://quote.eastmoney.com/us/PLCE.html
宝利通公司,PLCM,https://quote.eastmoney.com/us/PLCM.html
EventSharesU.S.PolicyAlphaETF,PLCY,https://quote.eastmoney.com/us/PLCY.html
普洛斯,PLD,https://quote.eastmoney.com/us/PLD.html
PLATINUMGROUPMETALSLTD,PLG,https://quote.eastmoney.com/us/PLG.html
ChinaXiangtaiFoodCoLtd,PLIN,https://quote.eastmoney.com/us/PLIN.html
"PopeyesLouisianaKitchen,Inc.",PLKI,https://quote.eastmoney.com/us/PLKI.html
颇尔,PLL,https://quote.eastmoney.com/us/PLL.html
PiedmontLithiumLtdADR,PLLL,https://quote.eastmoney.com/us/PLLL.html
POLYMETMININGCORP,PLM,https://quote.eastmoney.com/us/PLM.html
PalomarHoldingsInc,PLMR,https://quote.eastmoney.com/us/PLMR.html
PalomarHoldingsInc,PLMR_NASDAQ,https://quote.eastmoney.com/us/PLMR_NASDAQ.html
PolyMetMiningCorpRt,PLMRW,https://quote.eastmoney.com/us/PLMRW.html
PALMETTOBANCSHARESInc,PLMT,https://quote.eastmoney.com/us/PLMT.html
PolyMetMiningCorpRt,PLMW,https://quote.eastmoney.com/us/PLMW.html
MarketVectorsPolandETF,PLND,https://quote.eastmoney.com/us/PLND.html
PLANARSYSTEMSINC,PLNR,https://quote.eastmoney.com/us/PLNR.html
PlanetFitnessInc-A,PLNT,https://quote.eastmoney.com/us/PLNT.html
DouglasDynamicsInc,PLOW,https://quote.eastmoney.com/us/PLOW.html
PROTECTIVELIFECORPORATION,PLP,https://quote.eastmoney.com/us/PLP.html
PreformedLineProductsCo,PLPC,https://quote.eastmoney.com/us/PLPC.html
POLYPIDLTD.,PLPD,https://quote.eastmoney.com/us/PLPD.html
PlanetPaymentInc,PLPM,https://quote.eastmoney.com/us/PLPM.html
PulseBiosciencesInc,PLSE,https://quote.eastmoney.com/us/PLSE.html
PLANTRONICSINC,PLT,https://quote.eastmoney.com/us/PLT.html
PulteAcquisitionCorpUnitConsof1Sh+0.5Wts,PLTEU,https://quote.eastmoney.com/us/PLTEU.html
FirstTrustIseGlobalPlatinum,PLTM,https://quote.eastmoney.com/us/PLTM.html
PelotonTherapeuticsInc,PLTX,https://quote.eastmoney.com/us/PLTX.html
普拉格能源,PLUG,https://quote.eastmoney.com/us/PLUG.html
正羽科技,PLUS,https://quote.eastmoney.com/us/PLUS.html
PowerShares1-30LadderedTreas,PLW,https://quote.eastmoney.com/us/PLW.html
PROTALIXBIOTHERAPEUTICSINC,PLX,https://quote.eastmoney.com/us/PLX.html
PLxPharmaIncOld,PLXP,https://quote.eastmoney.com/us/PLXP.html
普雷克萨斯,PLXS,https://quote.eastmoney.com/us/PLXS.html
PLXTECHNOLOGYINC,PLXT,https://quote.eastmoney.com/us/PLXT.html
海滩酒店度假,PLYA,https://quote.eastmoney.com/us/PLYA.html
PlayaHotels&ResortsNVWt,PLYAW,https://quote.eastmoney.com/us/PLYAW.html
普利茅斯工业房地产信托,PLYM,https://quote.eastmoney.com/us/PLYM.html
PlymouthIndustrialREITIncSe,PLYM_A,https://quote.eastmoney.com/us/PLYM_A.html
PlymouthIndustrialREITInc,PLYM_NYSE,https://quote.eastmoney.com/us/PLYM_NYSE.html
菲利普莫里斯国际,PM,https://quote.eastmoney.com/us/PM.html
太平洋商业银行,PMBC,https://quote.eastmoney.com/us/PMBC.html
PHARMERICACORP,PMC,https://quote.eastmoney.com/us/PMC.html
PROVIDENTMORTGAGECAPITALASSOCIATES,PMCA,https://quote.eastmoney.com/us/PMCA.html
PMC-SIERRA,PMCS,https://quote.eastmoney.com/us/PMCS.html
PSYCHEMEDICSCORP,PMD,https://quote.eastmoney.com/us/PMD.html
平潭海洋实业,PME,https://quote.eastmoney.com/us/PME.html
PimcoMunicipalIncomeFund,PMF,https://quote.eastmoney.com/us/PMF.html
PMFGINC,PMFG,https://quote.eastmoney.com/us/PMFG.html
PimcoMunicipalIncomeFund,PML,https://quote.eastmoney.com/us/PML.html
PutnamManagedMunicipalIncome,PMM,https://quote.eastmoney.com/us/PMM.html
PutnamMunicipalOpportunities,PMO,https://quote.eastmoney.com/us/PMO.html
PrincipalSustainableMomentum,PMOM,https://quote.eastmoney.com/us/PMOM.html
iSectorsPost-MPTGrowthETF,PMPT,https://quote.eastmoney.com/us/PMPT.html
PowerSharesDynamicRetailPort,PMR,https://quote.eastmoney.com/us/PMR.html
PENNYMACMORTGAGETRUST,PMT,https://quote.eastmoney.com/us/PMT.html
PennyMacMortgageInvestmentTr,PMT_A,https://quote.eastmoney.com/us/PMT_A.html
PennyMacMortgageInvestmentTr,PMT_B,https://quote.eastmoney.com/us/PMT_B.html
PIMCOMortgageIncomeTrustInc,PMTG,https://quote.eastmoney.com/us/PMTG.html
PALOMARMEDICALTECHNOLOGIES,PMTI,https://quote.eastmoney.com/us/PMTI.html
CPICardGroupInc,PMTS,https://quote.eastmoney.com/us/PMTS.html
PimcoMunicipalIncomeFundIII,PMX,https://quote.eastmoney.com/us/PMX.html
PatriotNationalInc,PN,https://quote.eastmoney.com/us/PN.html
爱国者国家银行,PNBK,https://quote.eastmoney.com/us/PNBK.html
PNCFINANCIALSERVICES,PNC,https://quote.eastmoney.com/us/PNC.html
ThePncFinancialServicesGrou,PNC_P,https://quote.eastmoney.com/us/PNC_P.html
ThePncFinancialServicesGrou,PNC_Q,https://quote.eastmoney.com/us/PNC_Q.html
ThePNCFinancialServicesGroupIncWt,PNC_WS,https://quote.eastmoney.com/us/PNC_WS.html
PimcoNewYorkMunicipalIncome,PNF,https://quote.eastmoney.com/us/PNF.html
PinnacleFinancialPartnersInc,PNFP,https://quote.eastmoney.com/us/PNFP.html
PimcoNewYorkMunicipalIncome,PNI,https://quote.eastmoney.com/us/PNI.html
PINNACLEENTERTAINMENTINC,PNK,https://quote.eastmoney.com/us/PNK.html
PinnacleEntertainmentInc,PNKZV,https://quote.eastmoney.com/us/PNKZV.html
PNMRESOURCESINC,PNM,https://quote.eastmoney.com/us/PNM.html
PennantParkInvestmentCorp,PNNT,https://quote.eastmoney.com/us/PNNT.html
PowersharesNasdaqInternationa,PNQI,https://quote.eastmoney.com/us/PNQI.html
滨特尔,PNR,https://quote.eastmoney.com/us/PNR.html
PaneraBreadCo-A,PNRA,https://quote.eastmoney.com/us/PNRA.html
PrimeEnergyCorp,PNRG,https://quote.eastmoney.com/us/PNRG.html
ParingaResourcesLtdADR,PNRL,https://quote.eastmoney.com/us/PNRL.html
彭盛国际,PNSNQ,https://quote.eastmoney.com/us/PNSNQ.html
PennantParkInvestmentCorpora,PNTA,https://quote.eastmoney.com/us/PNTA.html
PennantParkInvestmentCorporat,PNTA_CL,https://quote.eastmoney.com/us/PNTA_CL.html
ThePennantGroupInc,PNTG,https://quote.eastmoney.com/us/PNTG.html
PointerTelocationLtd,PNTR,https://quote.eastmoney.com/us/PNTR.html
PINNACLEWESTCAPITAL,PNW,https://quote.eastmoney.com/us/PNW.html
PHOENIXCOMPANIESINC,PNX,https://quote.eastmoney.com/us/PNX.html
PIEDMONTNATURALGASCO,PNY,https://quote.eastmoney.com/us/PNY.html
PredictiveOncologyInc,POAI,https://quote.eastmoney.com/us/POAI.html
InnovatorS&P500PowerBuffer,POCT,https://quote.eastmoney.com/us/POCT.html
InsuletCorp,PODD,https://quote.eastmoney.com/us/PODD.html
普立万,POL,https://quote.eastmoney.com/us/POL.html
PolarPowerInc,POLA,https://quote.eastmoney.com/us/POLA.html
PolyPidLtd,POLY,https://quote.eastmoney.com/us/POLY.html
PEPCO,POM,https://quote.eastmoney.com/us/POM.html
PoolCorp,POOL,https://quote.eastmoney.com/us/POOL.html
PopeResourcesLP,POPE,https://quote.eastmoney.com/us/POPE.html
PORTLANDGENERALELECTRICCO,POR,https://quote.eastmoney.com/us/POR.html
PostHoldingsInc,POST,https://quote.eastmoney.com/us/POST.html
POTASHCORPOFSASKATCHEWAN,POT,https://quote.eastmoney.com/us/POT.html
帕沃英蒂格盛,POWI,https://quote.eastmoney.com/us/POWI.html
PowellIndustriesInc,POWL,https://quote.eastmoney.com/us/POWL.html
安能国际,POWR,https://quote.eastmoney.com/us/POWR.html
POZENINC,POZN,https://quote.eastmoney.com/us/POZN.html
PowerSharesAerospace&Defense,PPA,https://quote.eastmoney.com/us/PPA.html
太平洋第一银行,PPBI,https://quote.eastmoney.com/us/PPBI.html
PILGRIM'SPRIDECORPORATION,PPC,https://quote.eastmoney.com/us/PPC.html
拍拍贷,PPDF,https://quote.eastmoney.com/us/PPDF.html
PortfolioPlusDevelopedMarkets,PPDM,https://quote.eastmoney.com/us/PPDM.html
PortfolioPlusEmergingMarkets,PPEM,https://quote.eastmoney.com/us/PPEM.html
PPGINDUSTRIESINC,PPG,https://quote.eastmoney.com/us/PPG.html
MarketVectorsPharmaceuticalE,PPH,https://quote.eastmoney.com/us/PPH.html
PositivePhysiciansHoldingsInc,PPHI,https://quote.eastmoney.com/us/PPHI.html
PeregrinePharmaceuticalsInc,PPHM,https://quote.eastmoney.com/us/PPHM.html
PeregrinePharmaceuticalsIncPfd,PPHMP,https://quote.eastmoney.com/us/PPHMP.html
Perma-PipeInternationalHoldingsInc,PPIH,https://quote.eastmoney.com/us/PPIH.html
PPL,PPL,https://quote.eastmoney.com/us/PPL.html
Portfolio+S&P500ETF,PPLC,https://quote.eastmoney.com/us/PPLC.html
JPMorganCushing30MLPIndexE,PPLN,https://quote.eastmoney.com/us/PPLN.html
EtfsPhysicalPlatinumShares,PPLT,https://quote.eastmoney.com/us/PPLT.html
PPLCorporation,PPLW,https://quote.eastmoney.com/us/PPLW.html
PortfolioPlusS&PMidCapETF,PPMC,https://quote.eastmoney.com/us/PPMC.html
POLYPOREINTERNATIONAL,PPO,https://quote.eastmoney.com/us/PPO.html
PrimeroMiningCorp,PPP,https://quote.eastmoney.com/us/PPP.html
VoyaPrimeRateTrust,PPR,https://quote.eastmoney.com/us/PPR.html
POSTPROPERTIES,PPS,https://quote.eastmoney.com/us/PPS.html
PostPropertiesIncPreferred8,PPS_A,https://quote.eastmoney.com/us/PPS_A.html
Portfolio+S&PSmallCapETF,PPSC,https://quote.eastmoney.com/us/PPSC.html
PioneerPowerSolutionsInc,PPSI,https://quote.eastmoney.com/us/PPSI.html
PutnamPremierIncomeTrust,PPT,https://quote.eastmoney.com/us/PPT.html
PPTY–U.S.DiversifiedRealEst,PPTY,https://quote.eastmoney.com/us/PPTY.html
PplCapitalFundingInc,PPX,https://quote.eastmoney.com/us/PPX.html
PETROQUESTENERGYINC,PQ,https://quote.eastmoney.com/us/PQ.html
PQGroupHoldingsInc,PQG,https://quote.eastmoney.com/us/PQG.html
PGIMQMAStrategicAlphaIntern,PQIN,https://quote.eastmoney.com/us/PQIN.html
PGIMQMAStrategicAlphaLarge-,PQLC,https://quote.eastmoney.com/us/PQLC.html
PGIMQMAStrategicAlphaSmall-,PQSG,https://quote.eastmoney.com/us/PQSG.html
PGIMQMAStrategicAlphaSmall-,PQSV,https://quote.eastmoney.com/us/PQSV.html
PROASSURANCE,PRA,https://quote.eastmoney.com/us/PRA.html
PRAGroupInc,PRAA,https://quote.eastmoney.com/us/PRAA.html
PRAHealthSciencesInc,PRAH,https://quote.eastmoney.com/us/PRAH.html
PranaBiotechnologyLtdADR,PRAN,https://quote.eastmoney.com/us/PRAN.html
MarketVectorsPre-RefundedMun,PRB,https://quote.eastmoney.com/us/PRB.html
PerceptronInc,PRCP,https://quote.eastmoney.com/us/PRCP.html
PARTNERRE,PRE,https://quote.eastmoney.com/us/PRE.html
PartnerreLtd.,PRE_D,https://quote.eastmoney.com/us/PRE_D.html
PartnerReLtd,PRE_D_CL,https://quote.eastmoney.com/us/PRE_D_CL.html
PartnerreLtd.,PRE_E,https://quote.eastmoney.com/us/PRE_E.html
PartnerReLtd,PRE_E_CL,https://quote.eastmoney.com/us/PRE_E_CL.html
PartnerreLtd.,PRE_F,https://quote.eastmoney.com/us/PRE_F.html
PartnerReLtd,PRE_G,https://quote.eastmoney.com/us/PRE_G.html
PartnerReLtd,PRE_H,https://quote.eastmoney.com/us/PRE_H.html
PartnerReLtd,PRE_I,https://quote.eastmoney.com/us/PRE_I.html
PrincipalSpectrumPreferredSe,PREF,https://quote.eastmoney.com/us/PREF.html
PowerSharesFTSERAFIUS1000P,PRF,https://quote.eastmoney.com/us/PRF.html
ThePerficientInc,PRFT,https://quote.eastmoney.com/us/PRFT.html
PowersharesFtseRafiUs1500S,PRFZ,https://quote.eastmoney.com/us/PRFZ.html
帕拉冈船务,PRGN,https://quote.eastmoney.com/us/PRGN.html
ParagonShippingInc8.375%Sen,PRGNL,https://quote.eastmoney.com/us/PRGNL.html
培瑞克,PRGO,https://quote.eastmoney.com/us/PRGO.html
ProgressSoftwareCorp,PRGS,https://quote.eastmoney.com/us/PRGS.html
PRGXGlobalInc,PRGX,https://quote.eastmoney.com/us/PRGX.html
PrudentialFinancialInc,PRH,https://quote.eastmoney.com/us/PRH.html
IQS&PU.S.PreferredStockLow,PRHD,https://quote.eastmoney.com/us/PRHD.html
PetroShareCorp.,PRHR,https://quote.eastmoney.com/us/PRHR.html
PRIMERICA,PRI,https://quote.eastmoney.com/us/PRI.html
InsightSharesLGBTEmploymentE,PRID,https://quote.eastmoney.com/us/PRID.html
PriorityIncomeFundIncSeries,PRIF_A,https://quote.eastmoney.com/us/PRIF_A.html
PriorityIncomeFundIncSeries,PRIF_B,https://quote.eastmoney.com/us/PRIF_B.html
PriorityIncomeFundIncSeries,PRIF_C,https://quote.eastmoney.com/us/PRIF_C.html
PriorityIncomeFundIncSeries,PRIF_D,https://quote.eastmoney.com/us/PRIF_D.html
PrimorisServicesCorp,PRIM,https://quote.eastmoney.com/us/PRIM.html
PARKNATIONALCORP,PRK,https://quote.eastmoney.com/us/PRK.html
ParkerVisionInc,PRKR,https://quote.eastmoney.com/us/PRKR.html
ProtoLabsInc,PRLB,https://quote.eastmoney.com/us/PRLB.html
PEERLESSSYSTEMSCORP,PRLS,https://quote.eastmoney.com/us/PRLS.html
FirstTrustHeitmanGlobalPrim,PRME,https://quote.eastmoney.com/us/PRME.html
PriamPropertiesInc,PRMI,https://quote.eastmoney.com/us/PRMI.html
PrimoWaterCorp,PRMW,https://quote.eastmoney.com/us/PRMW.html
PowerSharesDwaIndustrialsMom,PRN,https://quote.eastmoney.com/us/PRN.html
PrincipiaBiopharmaInc,PRNB,https://quote.eastmoney.com/us/PRNB.html
ARKETFTrust,PRNT,https://quote.eastmoney.com/us/PRNT.html
PROSHOLDINGSINC,PRO,https://quote.eastmoney.com/us/PRO.html
ProSightGlobalInc,PROS,https://quote.eastmoney.com/us/PROS.html
ProvidentFinancialHoldingsInc,PROV,https://quote.eastmoney.com/us/PROV.html
ProPhaseLabsInc,PRPH,https://quote.eastmoney.com/us/PRPH.html
PurpleInnovationInc,PRPL,https://quote.eastmoney.com/us/PRPL.html
"PurpleInnovation,Inc.Wt",PRPLW,https://quote.eastmoney.com/us/PRPLW.html
PrecipioInc,PRPO,https://quote.eastmoney.com/us/PRPO.html
ProQRTherapeuticsNV,PRQR,https://quote.eastmoney.com/us/PRQR.html
PrudentialFinancialIncNotes,PRS,https://quote.eastmoney.com/us/PRS.html
TheProvidenceServiceCorp,PRSC,https://quote.eastmoney.com/us/PRSC.html
PerseonCorporation,PRSN,https://quote.eastmoney.com/us/PRSN.html
PerseonCorporation,PRSNW,https://quote.eastmoney.com/us/PRSNW.html
PerspectaInc,PRSP,https://quote.eastmoney.com/us/PRSP.html
CafePressInc,PRSS,https://quote.eastmoney.com/us/PRSS.html
PermRockRoyaltyTrust,PRT,https://quote.eastmoney.com/us/PRT.html
ProthenaCorpplc,PRTA,https://quote.eastmoney.com/us/PRTA.html
PriorityTechnologyHoldingsInc,PRTH,https://quote.eastmoney.com/us/PRTH.html
PriorityTechnologyHoldingsIncUnitConsof1Sh,PRTHU,https://quote.eastmoney.com/us/PRTHU.html
PriorityTechnologyHoldingsIncWt,PRTHW,https://quote.eastmoney.com/us/PRTHW.html
ParatekPharmaceuticalsInc,PRTK,https://quote.eastmoney.com/us/PRTK.html
ProteonTherapeuticsInc,PRTO,https://quote.eastmoney.com/us/PRTO.html
美国汽车零部件网络,PRTS,https://quote.eastmoney.com/us/PRTS.html
PartyCityHoldcoInc,PRTY,https://quote.eastmoney.com/us/PRTY.html
保德信金融,PRU,https://quote.eastmoney.com/us/PRU.html
ProventionBioInc,PRVB,https://quote.eastmoney.com/us/PRVB.html
PrevailTherapeuticsInc,PRVL,https://quote.eastmoney.com/us/PRVL.html
PREMIERWESTBANCORP,PRWT,https://quote.eastmoney.com/us/PRWT.html
PREMIEREXHIBITIONSINC,PRXI,https://quote.eastmoney.com/us/PRXI.html
PAREXELInternationalCorp,PRXL,https://quote.eastmoney.com/us/PRXL.html
ProspectCapitalCorporation,PRY_CL,https://quote.eastmoney.com/us/PRY_CL.html
"PrismTechnologiesGroup,Inc.",PRZM,https://quote.eastmoney.com/us/PRZM.html
PluralsightInc-A,PS,https://quote.eastmoney.com/us/PS.html
公共存储信托,PSA,https://quote.eastmoney.com/us/PSA.html
PublicStorage,PSA_A,https://quote.eastmoney.com/us/PSA_A.html
PublicStorage,PSA_B,https://quote.eastmoney.com/us/PSA_B.html
PublicStorage,PSA_C,https://quote.eastmoney.com/us/PSA_C.html
PublicStorage,PSA_D,https://quote.eastmoney.com/us/PSA_D.html
PublicStorage,PSA_E,https://quote.eastmoney.com/us/PSA_E.html
PublicStorage,PSA_F,https://quote.eastmoney.com/us/PSA_F.html
PublicStorageSeriesGPfd,PSA_G,https://quote.eastmoney.com/us/PSA_G.html
PublicStorageSeriesHPFd,PSA_H,https://quote.eastmoney.com/us/PSA_H.html
PublicStorage,PSA_P,https://quote.eastmoney.com/us/PSA_P.html
PublicStorage,PSA_P_CL,https://quote.eastmoney.com/us/PSA_P_CL.html
PublicStorage,PSA_Q,https://quote.eastmoney.com/us/PSA_Q.html
PublicStorage,PSA_Q_CL,https://quote.eastmoney.com/us/PSA_Q_CL.html
PublicStorage,PSA_R,https://quote.eastmoney.com/us/PSA_R.html
PublicStorage,PSA_R_CL,https://quote.eastmoney.com/us/PSA_R_CL.html
PublicStorage,PSA_S,https://quote.eastmoney.com/us/PSA_S.html
PublicStorageSeriesSPfd,PSA_S_CL,https://quote.eastmoney.com/us/PSA_S_CL.html
PublicStorage,PSA_T,https://quote.eastmoney.com/us/PSA_T.html
PublicStorageSeriesTPfd,PSA_T_CL,https://quote.eastmoney.com/us/PSA_T_CL.html
PublicStorage,PSA_U,https://quote.eastmoney.com/us/PSA_U.html
PublicStorage,PSA_V,https://quote.eastmoney.com/us/PSA_V.html
PublicStorage,PSA_W,https://quote.eastmoney.com/us/PSA_W.html
PublicStorage,PSA_X,https://quote.eastmoney.com/us/PSA_X.html
PublicStorage,PSA_Y,https://quote.eastmoney.com/us/PSA_Y.html
PublicStorageSeriesYPfd,PSA_Y_CL,https://quote.eastmoney.com/us/PSA_Y_CL.html
PublicStorageSeriesYPfd,PSA_Y_CL_NYSE,https://quote.eastmoney.com/us/PSA_Y_CL_NYSE.html
PublicStorage,PSA_Z,https://quote.eastmoney.com/us/PSA_Z.html
PublicStorageSeriesZPFd,PSA_Z_CL,https://quote.eastmoney.com/us/PSA_Z_CL.html
PUBLICSTORAGE,PSAPO,https://quote.eastmoney.com/us/PSAPO.html
PowersharesGlobalGold&Preci,PSAU,https://quote.eastmoney.com/us/PSAU.html
PSAVInc,PSAV,https://quote.eastmoney.com/us/PSAV.html
PSBUSINESSPARKSINC,PSB,https://quote.eastmoney.com/us/PSB.html
PsBusinessParksInc,PSB_R,https://quote.eastmoney.com/us/PSB_R.html
PSBusinessParksInc,PSB_R_CL,https://quote.eastmoney.com/us/PSB_R_CL.html
PsBusinessParksInc,PSB_S,https://quote.eastmoney.com/us/PSB_S.html
PsBusinessParksInc,PSB_T,https://quote.eastmoney.com/us/PSB_T.html
PsBusinessParksInc,PSB_U,https://quote.eastmoney.com/us/PSB_U.html
PsBusinessParksInc,PSB_V,https://quote.eastmoney.com/us/PSB_V.html
PSBusinessParks.Inc.,PSB_W,https://quote.eastmoney.com/us/PSB_W.html
PSBusinessParksIncSeriesX,PSB_X,https://quote.eastmoney.com/us/PSB_X.html
PSBusinessParksIncSeriesY,PSB_Y,https://quote.eastmoney.com/us/PSB_Y.html
PSBHOLDINGSINC,PSBH,https://quote.eastmoney.com/us/PSBH.html
"PSBHoldings,Inc.",PSBQ,https://quote.eastmoney.com/us/PSBQ.html
PrincipalU.S.SmallCapIndex,PSC,https://quote.eastmoney.com/us/PSC.html
PowersharesS&PSmallcapConsum,PSCC,https://quote.eastmoney.com/us/PSCC.html
PowersharesS&PSmallcapConsum,PSCD,https://quote.eastmoney.com/us/PSCD.html
PowersharesS&PSmallcapEnergy,PSCE,https://quote.eastmoney.com/us/PSCE.html
PowersharesS&PSmallcapFinanc,PSCF,https://quote.eastmoney.com/us/PSCF.html
PowersharesS&PSmallcapHealth,PSCH,https://quote.eastmoney.com/us/PSCH.html
PowersharesS&PSmallcapIndust,PSCI,https://quote.eastmoney.com/us/PSCI.html
PowersharesS&PSmallcapMateri,PSCM,https://quote.eastmoney.com/us/PSCM.html
PowersharesS&PSmallcapInform,PSCT,https://quote.eastmoney.com/us/PSCT.html
PowersharesS&PSmallcapUtilit,PSCU,https://quote.eastmoney.com/us/PSCU.html
PresidioInc,PSDO,https://quote.eastmoney.com/us/PSDO.html
pSividaCorp,PSDV,https://quote.eastmoney.com/us/PSDV.html
PIONEERSOUTHWESTENERGYPARTNERSLP,PSE,https://quote.eastmoney.com/us/PSE.html
普罗斯佩克特资本,PSEC,https://quote.eastmoney.com/us/PSEC.html
PERICOMSEMICONDUCTORCORP,PSEM,https://quote.eastmoney.com/us/PSEM.html
InnovatorS&P500PowerBuffer,PSEP,https://quote.eastmoney.com/us/PSEP.html
PrincipalPriceSettersIndexE,PSET,https://quote.eastmoney.com/us/PSET.html
Cohen&SteersSelectPreferred,PSF,https://quote.eastmoney.com/us/PSF.html
PerformanceSportsGroupLtd,PSG,https://quote.eastmoney.com/us/PSG.html
PowerSharesDynamicSemiconduct,PSI,https://quote.eastmoney.com/us/PSI.html
PSIInternationalInc,PSIT,https://quote.eastmoney.com/us/PSIT.html
"PowerSolutionsInternational,Inc.",PSIX,https://quote.eastmoney.com/us/PSIX.html
PowerSharesDynamicSoftwarePo,PSJ,https://quote.eastmoney.com/us/PSJ.html
SPDRWellsFargoPreferredStoc,PSK,https://quote.eastmoney.com/us/PSK.html
PowerSharesDwaConsumerStaple,PSL,https://quote.eastmoney.com/us/PSL.html
SprottPhysicalSilverTrustET,PSLV,https://quote.eastmoney.com/us/PSLV.html
PrincipalU.S.Small-MidCapMul,PSM,https://quote.eastmoney.com/us/PSM.html
PowerSharesActivelyManagedEx,PSMB,https://quote.eastmoney.com/us/PSMB.html
PowersharesActMngEtfTrCons,PSMC,https://quote.eastmoney.com/us/PSMC.html
PowersharesActivelyManagedEt,PSMG,https://quote.eastmoney.com/us/PSMG.html
PEREGRINESEMICONDUCTOR,PSMI,https://quote.eastmoney.com/us/PSMI.html
PowersharesActMngEtfTrMode,PSMM,https://quote.eastmoney.com/us/PSMM.html
普尔斯玛特,PSMT,https://quote.eastmoney.com/us/PSMT.html
ParsonsCorp,PSN,https://quote.eastmoney.com/us/PSN.html
PersonalisInc,PSNL,https://quote.eastmoney.com/us/PSNL.html
培生-ADR,PSO,https://quote.eastmoney.com/us/PSO.html
PowerSharesGlobalListedPriva,PSP,https://quote.eastmoney.com/us/PSP.html
ProSharesShortQqq,PSQ,https://quote.eastmoney.com/us/PSQ.html
PowerSharesActiveU.S.RealEs,PSR,https://quote.eastmoney.com/us/PSR.html
PacerCFRA-StovallEqualWeight,PSRE,https://quote.eastmoney.com/us/PSRE.html
PacerCFRA-StovallGlobalSeaso,PSRG,https://quote.eastmoney.com/us/PSRG.html
PacerCFRA-StovallLargeCapSe,PSRL,https://quote.eastmoney.com/us/PSRL.html
PacerCFRA-StovallSmallCapSe,PSRS,https://quote.eastmoney.com/us/PSRS.html
POLARSTARREALTYTRUSTINC.,PSRT,https://quote.eastmoney.com/us/PSRT.html
ProSharesTrustUltrashortLehm,PST,https://quote.eastmoney.com/us/PST.html
ParkSterlingCorp,PSTB,https://quote.eastmoney.com/us/PSTB.html
PureStorageInc-A,PSTG,https://quote.eastmoney.com/us/PSTG.html
PluristemTherapeuticsInc,PSTI,https://quote.eastmoney.com/us/PSTI.html
PostalRealtyTrustInc-A,PSTL,https://quote.eastmoney.com/us/PSTL.html
POSTROCKENERGYCORPORATION,PSTR,https://quote.eastmoney.com/us/PSTR.html
PlusTherapeuticsInc,PSTV,https://quote.eastmoney.com/us/PSTV.html
PlusTherapeuticsIncRt,PSTVZ,https://quote.eastmoney.com/us/PSTVZ.html
PoseidaTherapeuticsInc,PSTX,https://quote.eastmoney.com/us/PSTX.html
PACIFICSUNWEAROFCALIF,PSUN,https://quote.eastmoney.com/us/PSUN.html
PacificSunwearofCaliforniaInc,PSUNQ,https://quote.eastmoney.com/us/PSUNQ.html
HermitageOffshoreServicesLtd,PSV,https://quote.eastmoney.com/us/PSV.html
"PRINCIPALSOLAR,INC.",PSWW,https://quote.eastmoney.com/us/PSWW.html
PHILLIPS66,PSX,https://quote.eastmoney.com/us/PSX.html
Phillips66PartnersLP,PSXP,https://quote.eastmoney.com/us/PSXP.html
TelemyndInc,PSYC,https://quote.eastmoney.com/us/PSYC.html
PORTUGALTELECOMSGPS-SPADR,PT,https://quote.eastmoney.com/us/PT.html
PLASMATECHBIOPHARMACEUTICALSInc,PTBI,https://quote.eastmoney.com/us/PTBI.html
PLASMATECHBIOPHARMACEUTICALSInc,PTBIW,https://quote.eastmoney.com/us/PTBIW.html
PARAMETRICTECHNOLOGYCORP,PTC,https://quote.eastmoney.com/us/PTC.html
PTCTherapeuticsInc,PTCT,https://quote.eastmoney.com/us/PTCT.html
PolarityTEInc,PTE,https://quote.eastmoney.com/us/PTE.html
POKERTEKINC,PTEK,https://quote.eastmoney.com/us/PTEK.html
Patterson-UTIEnergyInc,PTEN,https://quote.eastmoney.com/us/PTEN.html
PACERFDSTRTRENDPILOTEUROPEA,PTEU,https://quote.eastmoney.com/us/PTEU.html
PowerSharesDwaTechnologyMome,PTF,https://quote.eastmoney.com/us/PTF.html
ProtagonistTherapeuticsInc,PTGX,https://quote.eastmoney.com/us/PTGX.html
PowerSharesDwaHealthcareMome,PTH,https://quote.eastmoney.com/us/PTH.html
PatheonNV,PTHN,https://quote.eastmoney.com/us/PTHN.html
ProteostasisTherapeuticsInc,PTI,https://quote.eastmoney.com/us/PTI.html
疼痛治疗,PTIE,https://quote.eastmoney.com/us/PTIE.html
PacerTrendpilotInternational,PTIN,https://quote.eastmoney.com/us/PTIN.html
PERFORMANCETECHNOLOGIESINC,PTIX,https://quote.eastmoney.com/us/PTIX.html
PortolaPharmaceuticalsInc,PTLA,https://quote.eastmoney.com/us/PTLA.html
PacerTrendpilot750ETF,PTLC,https://quote.eastmoney.com/us/PTLC.html
E-TracsUBSLongPlatinumETN,PTM,https://quote.eastmoney.com/us/PTM.html
PacerTrendpilot450ETF,PTMC,https://quote.eastmoney.com/us/PTMC.html
PortmanRidgeFinanceCorp,PTMN,https://quote.eastmoney.com/us/PTMN.html
PALATINTECHNOLOGIESINC,PTN,https://quote.eastmoney.com/us/PTN.html
PacerTrendpilot100ETF,PTNQ,https://quote.eastmoney.com/us/PTNQ.html
PartnerCommunicationsCoLtdADR,PTNR,https://quote.eastmoney.com/us/PTNR.html
INTERNETPATENTSCORPORATION,PTNT,https://quote.eastmoney.com/us/PTNT.html
PelotonInteractiveInc-A,PTON,https://quote.eastmoney.com/us/PTON.html
PLATINUMUNDERWRITERSHLDGS,PTP,https://quote.eastmoney.com/us/PTP.html
中石油,PTR,https://quote.eastmoney.com/us/PTR.html
PANTRYINC,PTRY,https://quote.eastmoney.com/us/PTRY.html
P.A.M.TransportationServicesInc,PTSI,https://quote.eastmoney.com/us/PTSI.html
POINT360,PTSX,https://quote.eastmoney.com/us/PTSX.html
ProtectiveInsuranceCorp-A,PTVCA,https://quote.eastmoney.com/us/PTVCA.html
ProtectiveInsuranceCorp-B,PTVCB,https://quote.eastmoney.com/us/PTVCB.html
GOLFTRUSTOFAMERICA,PTX,https://quote.eastmoney.com/us/PTX.html
PennTexMidstreamPartnersLP,PTXP,https://quote.eastmoney.com/us/PTXP.html
PimcoCorporate&IncomeOpport,PTY,https://quote.eastmoney.com/us/PTY.html
People’sUtahBancorp,PUB,https://quote.eastmoney.com/us/PUB.html
PowerSharesDwaUtilitiesMomen,PUI,https://quote.eastmoney.com/us/PUI.html
保诚保险-ADR,PUK,https://quote.eastmoney.com/us/PUK.html
PrudentialPublic,PUK_,https://quote.eastmoney.com/us/PUK_.html
PrudentialPublic,PUK_A,https://quote.eastmoney.com/us/PUK_A.html
PULASKIFINANCIALCORP,PULB,https://quote.eastmoney.com/us/PULB.html
PulmatrixInc,PULM,https://quote.eastmoney.com/us/PULM.html
PULSEELECO,PULS,https://quote.eastmoney.com/us/PULS.html
ProPetroHoldingCorp,PUMP,https://quote.eastmoney.com/us/PUMP.html
PUREBIOSCIENCE,PURE,https://quote.eastmoney.com/us/PURE.html
WisdomTreeCBOES&P500PutWrit,PUTW,https://quote.eastmoney.com/us/PUTW.html
ALPSETFTrustALPSEnhancedPu,PUTX,https://quote.eastmoney.com/us/PUTX.html
PowerSharesWilderhillProgress,PUW,https://quote.eastmoney.com/us/PUW.html
普益财富,PUYI,https://quote.eastmoney.com/us/PUYI.html
PENNVIRGINIACORP,PVA,https://quote.eastmoney.com/us/PVA.html
PennVirginiaCorp,PVAC,https://quote.eastmoney.com/us/PVAC.html
PrincipalContrarianValueinde,PVAL,https://quote.eastmoney.com/us/PVAL.html
ProvidentBancorpInc,PVBC,https://quote.eastmoney.com/us/PVBC.html
PROVECTUSBIOPHARMACEUTICALSInc,PVCT,https://quote.eastmoney.com/us/PVCT.html
PROVECTUSBIOPHARMACEUTICALSInc,PVCT_WS,https://quote.eastmoney.com/us/PVCT_WS.html
AFPPROVIDASA-SPONSADR,PVD,https://quote.eastmoney.com/us/PVD.html
PVFCAPITALCORP,PVFC,https://quote.eastmoney.com/us/PVFC.html
PretiumResourcesInc,PVG,https://quote.eastmoney.com/us/PVG.html
PVH,PVH,https://quote.eastmoney.com/us/PVH.html
PowerSharesVrdoTaxFreeWeekl,PVI,https://quote.eastmoney.com/us/PVI.html
PermianvilleRoyaltyTrust,PVL,https://quote.eastmoney.com/us/PVL.html
PENNVIRGINIARESOURCEPARTNERSLPC,PVR,https://quote.eastmoney.com/us/PVR.html
PERVASIVESOFTWAREINC,PVSW,https://quote.eastmoney.com/us/PVSW.html
PivotalAcquisitionCorp-A,PVT,https://quote.eastmoney.com/us/PVT.html
PivotalAcquisitionCorpUnitCons1CLA+1Wt,PVT_U,https://quote.eastmoney.com/us/PVT_U.html
PivotalAcquisitionCorpWt,PVT_WS,https://quote.eastmoney.com/us/PVT_WS.html
PrivateBancorpInc,PVTB,https://quote.eastmoney.com/us/PVTB.html
PrivatebancorpIncCapitalTrus,PVTBP,https://quote.eastmoney.com/us/PVTBP.html
PrivatebancorpInc,PVTD,https://quote.eastmoney.com/us/PVTD.html
PivotalSoftwareInc-A,PVTL,https://quote.eastmoney.com/us/PVTL.html
POWERREIT,PW,https://quote.eastmoney.com/us/PW.html
PowerReit,PW_A,https://quote.eastmoney.com/us/PW_A.html
PowerSharesDynamicLargeCapG,PWB,https://quote.eastmoney.com/us/PWB.html
