name_cn,name_en,url
PacerEmergingMarketsCashCow,ECOW,https://quote.eastmoney.com/us/ECOW.html
EncoreCapitalGroupInc,ECPG,https://quote.eastmoney.com/us/ECPG.html
EclipseResourcesCorp,ECR,https://quote.eastmoney.com/us/ECR.html
ENERGYCORPOFAMERICA,ECT,https://quote.eastmoney.com/us/ECT.html
ECHOTHERAPEUTICS,ECTE,https://quote.eastmoney.com/us/ECTE.html
ECOTALITY,ECTYQ,https://quote.eastmoney.com/us/ECTYQ.html
EndocyteInc,ECYT,https://quote.eastmoney.com/us/ECYT.html
联合爱迪生,ED,https://quote.eastmoney.com/us/ED.html
EDACTECHNOLOGIESCORP,EDAC,https://quote.eastmoney.com/us/EDAC.html
EDAPTMSSAADR,EDAP,https://quote.eastmoney.com/us/EDAP.html
LeggMasonEmergingMarketsDiv,EDBI,https://quote.eastmoney.com/us/EDBI.html
DirexionDailyEmergingMarkets,EDC,https://quote.eastmoney.com/us/EDC.html
MorganStanleyEmergingMarkets,EDD,https://quote.eastmoney.com/us/EDD.html
EMPIREDISTRICTELECTRICCO,EDE,https://quote.eastmoney.com/us/EDE.html
MSCI丹麦ETF-iShares,EDEN,https://quote.eastmoney.com/us/EDEN.html
StoneHarborEmergingMarketsI,EDF,https://quote.eastmoney.com/us/EDF.html
EDGENGROUP,EDG,https://quote.eastmoney.com/us/EDG.html
EdgeTherapeuticsInc,EDGE,https://quote.eastmoney.com/us/EDGE.html
厄奇沃特科技,EDGW,https://quote.eastmoney.com/us/EDGW.html
STONEHARBOREMERGINGMARKETSTOTALIncomeFUND,EDI,https://quote.eastmoney.com/us/EDI.html
EditasMedicineInc,EDIT,https://quote.eastmoney.com/us/EDIT.html
SPDRS&PEmergingMarketsDivid,EDIV,https://quote.eastmoney.com/us/EDIV.html
EDUCATIONMANAGEMENTCORPORATION,EDMC,https://quote.eastmoney.com/us/EDMC.html
EMPDISTRIBYCOMERCNOR,EDN,https://quote.eastmoney.com/us/EDN.html
EdisonNationInc,EDNT,https://quote.eastmoney.com/us/EDNT.html
AlpsEmergingSectorDividendD,EDOG,https://quote.eastmoney.com/us/EDOG.html
WisdomTreeEuropeDomesticEcon,EDOM,https://quote.eastmoney.com/us/EDOM.html
FirstTrustDow30EqualWeight,EDOW,https://quote.eastmoney.com/us/EDOW.html
EDUCATIONREALTYTRUSTINC,EDR,https://quote.eastmoney.com/us/EDR.html
EuroDryLtd,EDRY,https://quote.eastmoney.com/us/EDRY.html
喜得龙,EDS,https://quote.eastmoney.com/us/EDS.html
EdesaBiotechInc,EDSA,https://quote.eastmoney.com/us/EDSA.html
ENTERGYTEXASINCMORTGAGEBONDS7.8,EDT,https://quote.eastmoney.com/us/EDT.html
EdtechXHoldingsAcquisitionCorp,EDTX,https://quote.eastmoney.com/us/EDTX.html
EdtechXHoldingsAcquisitionCorpUnitConsof1S,EDTXU,https://quote.eastmoney.com/us/EDTXU.html
EdtechXHoldingsAcquisitionCorpWt,EDTXW,https://quote.eastmoney.com/us/EDTXW.html
新东方,EDU,https://quote.eastmoney.com/us/EDU.html
EducationalDevelopmentCorp,EDUC,https://quote.eastmoney.com/us/EDUC.html
VanguardWorldFundsExtendedD,EDV,https://quote.eastmoney.com/us/EDV.html
DirexionDailyEmergingMarkets,EDZ,https://quote.eastmoney.com/us/EDZ.html
ELPASOELECTRICCO,EE,https://quote.eastmoney.com/us/EE.html
TheEuropeanEquityFundInc,EEA,https://quote.eastmoney.com/us/EEA.html
GuggenheimBricETF,EEB,https://quote.eastmoney.com/us/EEB.html
嘉银通,EEFT,https://quote.eastmoney.com/us/EEFT.html
ElementsLinkedToTheSpectrum,EEH,https://quote.eastmoney.com/us/EEH.html
PowerSharesS&PEmergingMarket,EEHB,https://quote.eastmoney.com/us/EEHB.html
ECOLOGYANDENVIRON-CLA,EEI,https://quote.eastmoney.com/us/EEI.html
PowerSharesS&PEmergingMarket,EELV,https://quote.eastmoney.com/us/EELV.html
iSharesMSCIEmergingMarketsE,EEM,https://quote.eastmoney.com/us/EEM.html
iSharesMSCIEmergingMarketsA,EEMA,https://quote.eastmoney.com/us/EEMA.html
AAMS&PEmergingMarketsHighD,EEMD,https://quote.eastmoney.com/us/EEMD.html
iSharesMSCIEmergingMarketsE,EEME,https://quote.eastmoney.com/us/EEME.html
iSharesMSCIEmergingMarketsL,EEML,https://quote.eastmoney.com/us/EEML.html
PowerSharesS&PEmergingMarket,EEMO,https://quote.eastmoney.com/us/EEMO.html
iSharesMSCIEmergingMarketsS,EEMS,https://quote.eastmoney.com/us/EEMS.html
iSharesMSCIEmergingMarketsM,EEMV,https://quote.eastmoney.com/us/EEMV.html
SPDRIDXSHSFDSMSCIEMERGING,EEMX,https://quote.eastmoney.com/us/EEMX.html
ENBRIDGEENERGYPARTNERS,EEP,https://quote.eastmoney.com/us/EEP.html
ENBRIDGEENERGYMANAGEMENTL,EEQ,https://quote.eastmoney.com/us/EEQ.html
WisdomTreeSmallcapEarningsFu,EES,https://quote.eastmoney.com/us/EES.html
ProSharesUltraMSCIEmergingM,EET,https://quote.eastmoney.com/us/EET.html
ProSharesTrustUltrashortMSCI,EEV,https://quote.eastmoney.com/us/EEV.html
EmeraldExpositionsEventsInc,EEX,https://quote.eastmoney.com/us/EEX.html
iSharesMSCIEafeETF,EFA,https://quote.eastmoney.com/us/EFA.html
ProSharesMSCIEafeDividendGr,EFAD,https://quote.eastmoney.com/us/EFAD.html
GlobalXMSCISuperDividendEAF,EFAS,https://quote.eastmoney.com/us/EFAS.html
iSharesMSCIEafeMinimumVolat,EFAV,https://quote.eastmoney.com/us/EFAV.html
SPDRINDEXSHSFDSMSCIEAFEFO,EFAX,https://quote.eastmoney.com/us/EFAX.html
老鹰储蓄银行,EFBI,https://quote.eastmoney.com/us/EFBI.html
ELLINGTONFINANCIAL,EFC,https://quote.eastmoney.com/us/EFC.html
EatonVanceFloating-RateIncom,EFF,https://quote.eastmoney.com/us/EFF.html
GlobalXJpmorganEfficienteIn,EFFE,https://quote.eastmoney.com/us/EFFE.html
iSharesMSCIEafeGrowthETF,EFG,https://quote.eastmoney.com/us/EFG.html
电子影像,EFII,https://quote.eastmoney.com/us/EFII.html
EatonVanceFloating-Rate2022,EFL,https://quote.eastmoney.com/us/EFL.html
EntergyMississippiInc,EFM,https://quote.eastmoney.com/us/EFM.html
EntergyMississippi,EFM_CL,https://quote.eastmoney.com/us/EFM_CL.html
芬兰ETF-iSharesMSCI,EFNL,https://quote.eastmoney.com/us/EFNL.html
ProSharesUltraMSCIEafe,EFO,https://quote.eastmoney.com/us/EFO.html
EnergyFocusInc,EFOI,https://quote.eastmoney.com/us/EFOI.html
EatonVanceSeniorFloating-Rat,EFR,https://quote.eastmoney.com/us/EFR.html
EnterpriseFinancialServicesCorp,EFSC,https://quote.eastmoney.com/us/EFSC.html
EatonVanceFloating-RateIncom,EFT,https://quote.eastmoney.com/us/EFT.html
ProSharesTrustUltrashortMSCI,EFU,https://quote.eastmoney.com/us/EFU.html
富基融通,EFUT,https://quote.eastmoney.com/us/EFUT.html
iSharesMSCIEafeValueETF,EFV,https://quote.eastmoney.com/us/EFV.html
EQUIFAX,EFX,https://quote.eastmoney.com/us/EFX.html
ProSharesTrustShortMSCIEafe,EFZ,https://quote.eastmoney.com/us/EFZ.html
eGainCorp,EGAN,https://quote.eastmoney.com/us/EGAN.html
GasNaturalInc,EGAS,https://quote.eastmoney.com/us/EGAS.html
伊格尔银行,EGBN,https://quote.eastmoney.com/us/EGBN.html
EnergyXXIGulfCoastInc,EGC,https://quote.eastmoney.com/us/EGC.html
BlackrockEnhancedGovernmentF,EGF,https://quote.eastmoney.com/us/EGF.html
8x8Inc,EGHT,https://quote.eastmoney.com/us/EGHT.html
EntreeResourcesLtd,EGI,https://quote.eastmoney.com/us/EGI.html
EagleGrowthandIncomeOpportunitiesFund,EGIF,https://quote.eastmoney.com/us/EGIF.html
EngilityHoldingsInc,EGL,https://quote.eastmoney.com/us/EGL.html
伊格尔散货航运,EGLE,https://quote.eastmoney.com/us/EGLE.html
EgaletCorp,EGLT,https://quote.eastmoney.com/us/EGLT.html
ENERGEN,EGN,https://quote.eastmoney.com/us/EGN.html
埃尔拉多黄金,EGO,https://quote.eastmoney.com/us/EGO.html
NICInc,EGOV,https://quote.eastmoney.com/us/EGOV.html
EASTGROUPPROPERTIESINC,EGP,https://quote.eastmoney.com/us/EGP.html
MarketVectorsEgyptIndexETF,EGPT,https://quote.eastmoney.com/us/EGPT.html
iSharesMSCIEmergingMarketsG,EGRW,https://quote.eastmoney.com/us/EGRW.html
EaglePharmaceuticalsInc,EGRX,https://quote.eastmoney.com/us/EGRX.html
ELIXIRGAMINGTECHNOLOGIESI,EGT,https://quote.eastmoney.com/us/EGT.html
VAALCOENERGYINC,EGY,https://quote.eastmoney.com/us/EGY.html
EncompassHealthCorp,EHC,https://quote.eastmoney.com/us/EHC.html
WesternAssetGlobalHighIncom,EHI,https://quote.eastmoney.com/us/EHI.html
一嗨租车,EHIC,https://quote.eastmoney.com/us/EHIC.html
EnergyHunterResourcesInc,EHR,https://quote.eastmoney.com/us/EHR.html
EatonVanceHighIncome2021TargetTermTrust,EHT,https://quote.eastmoney.com/us/EHT.html
易康,EHTH,https://quote.eastmoney.com/us/EHTH.html
EatonVanceCaliforniaMunicipa,EIA,https://quote.eastmoney.com/us/EIA.html
EaglePointIncomeCoInc,EIC,https://quote.eastmoney.com/us/EIC.html
iSharesMSCIIndonesiaETF,EIDO,https://quote.eastmoney.com/us/EIDO.html
EidosTherapeuticsInc,EIDX,https://quote.eastmoney.com/us/EIDX.html
EMPLOYERSHOLDINGSINC,EIG,https://quote.eastmoney.com/us/EIG.html
EnduranceInternationalGroupHoldingsInc,EIGI,https://quote.eastmoney.com/us/EIGI.html
EigerBioPharmaceuticalsInc,EIGR,https://quote.eastmoney.com/us/EIGR.html
EASTERNINSURANCEHOLDINGS,EIHI,https://quote.eastmoney.com/us/EIHI.html
EatonVanceMunicipalBondFund,EIM,https://quote.eastmoney.com/us/EIM.html
EatonVanceOhioMunicipalBond,EIO,https://quote.eastmoney.com/us/EIO.html
EatonVancePennsylvaniaMunici,EIP,https://quote.eastmoney.com/us/EIP.html
iSharesMSCIIrelandCappedETF,EIRL,https://quote.eastmoney.com/us/EIRL.html
iSharesMSCIIsraelCappedETF,EIS,https://quote.eastmoney.com/us/EIS.html
EATONVANCEINSUREDMUNICIPALBONDFUND,EIV,https://quote.eastmoney.com/us/EIV.html
爱迪生国际,EIX,https://quote.eastmoney.com/us/EIX.html
易居中国,EJ,https://quote.eastmoney.com/us/EJ.html
e家快服,EJH,https://quote.eastmoney.com/us/EJH.html
InnovatorMSCIEmergingMarkets,EJUL,https://quote.eastmoney.com/us/EJUL.html
InnovationSharesNextGenVehic,EKAR,https://quote.eastmoney.com/us/EKAR.html
EksoBionicsHoldingsInc,EKSO,https://quote.eastmoney.com/us/EKSO.html
雅诗兰黛,EL,https://quote.eastmoney.com/us/EL.html
EntergyLouisianaLlc,ELA,https://quote.eastmoney.com/us/ELA.html
EntergyLouisiana,ELA_CL,https://quote.eastmoney.com/us/ELA_CL.html
ElancoAnimalHealthInc,ELAN,https://quote.eastmoney.com/us/ELAN.html
ElancoAnimalHealthIncWI,ELAN_V,https://quote.eastmoney.com/us/ELAN_V.html
ElancoAnimalHealthIncWI,ELANW,https://quote.eastmoney.com/us/ELANW.html
EntergyLouisianaLlc,ELB,https://quote.eastmoney.com/us/ELB.html
EntergyLouisiana,ELB_CL,https://quote.eastmoney.com/us/ELB_CL.html
EntergyLouisiana,ELC,https://quote.eastmoney.com/us/ELC.html
WisdomTreeEmergingMarketsLoc,ELD,https://quote.eastmoney.com/us/ELD.html
ElectrumSpecialAcquisitionCorp,ELEC,https://quote.eastmoney.com/us/ELEC.html
ElectrumSpecialAcquisitionCorpUnitConsof1S,ELECU,https://quote.eastmoney.com/us/ELECU.html
ElectrumSpecialAcquisitionCorpWt,ELECW,https://quote.eastmoney.com/us/ELECW.html
elfBeautyInc,ELF,https://quote.eastmoney.com/us/ELF.html
恩多勒吉克斯,ELGX,https://quote.eastmoney.com/us/ELGX.html
EntergyLouisianaLlc,ELJ,https://quote.eastmoney.com/us/ELJ.html
EllieMaeInc,ELLI,https://quote.eastmoney.com/us/ELLI.html
EllomayCapitalLtd,ELLO,https://quote.eastmoney.com/us/ELLO.html
ElectromedInc,ELMD,https://quote.eastmoney.com/us/ELMD.html
ELANCORPPLC-SPONSADR,ELN,https://quote.eastmoney.com/us/ELN.html
地球连线,ELNK,https://quote.eastmoney.com/us/ELNK.html
埃施朗,ELON,https://quote.eastmoney.com/us/ELON.html
赛诺龙,ELOS,https://quote.eastmoney.com/us/ELOS.html
EloxxPharmaceuticalsInc,ELOX,https://quote.eastmoney.com/us/ELOX.html
CIAPARANAENSEENER-SPADRP,ELP,https://quote.eastmoney.com/us/ELP.html
益莱储,ELRC,https://quote.eastmoney.com/us/ELRC.html
EQUITYLIFESTYLEPROPERTIES,ELS,https://quote.eastmoney.com/us/ELS.html
EquityLifestylePropertiesInc,ELS_C,https://quote.eastmoney.com/us/ELS_C.html
EquityLifeStylePropertiesInc,ELS_C_CL,https://quote.eastmoney.com/us/ELS_C_CL.html
伊莱克森,ELSE,https://quote.eastmoney.com/us/ELSE.html
EltekLtd,ELTK,https://quote.eastmoney.com/us/ELTK.html
"ElitePharmaceuticals,Inc.",ELTP,https://quote.eastmoney.com/us/ELTP.html
EntergyLouisianaLlc,ELU,https://quote.eastmoney.com/us/ELU.html
ElevateCreditInc,ELVT,https://quote.eastmoney.com/us/ELVT.html
EMULEXCORP,ELX,https://quote.eastmoney.com/us/ELX.html
XtrackersIndxxAdvancedLifeS,ELXR,https://quote.eastmoney.com/us/ELXR.html
CALLAWAYGOLFCOMPANY,ELY,https://quote.eastmoney.com/us/ELY.html
MarketVectorsEmergingMarkets,EMAG,https://quote.eastmoney.com/us/EMAG.html
eMaginCorp,EMAN,https://quote.eastmoney.com/us/EMAN.html
iSharesJ.P.MorganUSdEmergin,EMB,https://quote.eastmoney.com/us/EMB.html
新兴市场美元债ETF-iShares,EMB_NASDAQ,https://quote.eastmoney.com/us/EMB_NASDAQ.html
SPDRMSCIEmBeyondBricETF,EMBB,https://quote.eastmoney.com/us/EMBB.html
iSharesInterestRateHedgedEm,EMBH,https://quote.eastmoney.com/us/EMBH.html
DirexionDailyEmergingMarkets,EMBU,https://quote.eastmoney.com/us/EMBU.html
EMCCORP,EMC,https://quote.eastmoney.com/us/EMC.html
WisdomtreeEmergingMarketsCor,EMCB,https://quote.eastmoney.com/us/EMCB.html
SPDRBofaMerrillLynchEmergin,EMCD,https://quote.eastmoney.com/us/EMCD.html
恩克莱尔金融,EMCF,https://quote.eastmoney.com/us/EMCF.html
WisdomtreeEmergingMarketsCon,EMCG,https://quote.eastmoney.com/us/EMCG.html
易安信保险,EMCI,https://quote.eastmoney.com/us/EMCI.html
EGSharesEmergingMarketsCore,EMCR,https://quote.eastmoney.com/us/EMCR.html
WesternAssetEmergingMarkets,EMD,https://quote.eastmoney.com/us/EMD.html
EGSharesEMStrategicOpportunitiesETF,EMDD,https://quote.eastmoney.com/us/EMDD.html
iSharesMSCIEmergingMarketsC,EMDI,https://quote.eastmoney.com/us/EMDI.html
PROSHARESTRUSTMSCIEMERGINGM,EMDV,https://quote.eastmoney.com/us/EMDV.html
EMCORGROUPINC,EME,https://quote.eastmoney.com/us/EME.html
VirtusGlovistaEmergingMarket,EMEM,https://quote.eastmoney.com/us/EMEM.html
EmergeEnergyServicesLP,EMES,https://quote.eastmoney.com/us/EMES.html
iSharesMSCIEmergingMarketsE,EMEY,https://quote.eastmoney.com/us/EMEY.html
TempletonEmergingMarketsFund,EMF,https://quote.eastmoney.com/us/EMF.html
GlobalXNextEmerging&Fronti,EMFM,https://quote.eastmoney.com/us/EMFM.html
SPDRMSCIEm50ETF,EMFT,https://quote.eastmoney.com/us/EMFT.html
"EMERGENTCAPITAL,INC.",EMG,https://quote.eastmoney.com/us/EMG.html
iSharesFactorSelectMSCIEmer,EMGF,https://quote.eastmoney.com/us/EMGF.html
iSharesEmergingMarketsHighY,EMHY,https://quote.eastmoney.com/us/EMHY.html
EatonVanceMichiganMunicipal,EMI,https://quote.eastmoney.com/us/EMI.html
iSharesEmergingMarketsInfras,EMIF,https://quote.eastmoney.com/us/EMIF.html
DeutscheX-TrackersEmergingMa,EMIH,https://quote.eastmoney.com/us/EMIH.html
"EmisphereTechnologies,Inc.",EMIS,https://quote.eastmoney.com/us/EMIS.html
ElbitImagingLtd,EMITF,https://quote.eastmoney.com/us/EMITF.html
EatonVanceNewJerseyMunicipa,EMJ,https://quote.eastmoney.com/us/EMJ.html
埃姆科,EMKR,https://quote.eastmoney.com/us/EMKR.html
THEEASTERNCO,EML,https://quote.eastmoney.com/us/EML.html
iPathLongEnhancedMSCIEmergi,EMLB,https://quote.eastmoney.com/us/EMLB.html
MarketVectorsEmergingMarkets,EMLC,https://quote.eastmoney.com/us/EMLC.html
FirstTrustNorthAmericanEner,EMLP,https://quote.eastmoney.com/us/EMLP.html
EmmausLifeSciencesInc,EMMA,https://quote.eastmoney.com/us/EMMA.html
EmmausLifeSciencesIncWt,EMMAW,https://quote.eastmoney.com/us/EMMAW.html
WisdomTreeEmergingMarketsMul,EMMF,https://quote.eastmoney.com/us/EMMF.html
艾米斯传播,EMMS,https://quote.eastmoney.com/us/EMMS.html
EMMISCOMMUNICATIONSCORPORATION,EMMSP,https://quote.eastmoney.com/us/EMMSP.html
伊士曼化工,EMN,https://quote.eastmoney.com/us/EMN.html
ClearbridgeEnergyMlpOpportun,EMO,https://quote.eastmoney.com/us/EMO.html
EntergyMississippiInc,EMP,https://quote.eastmoney.com/us/EMP.html
ENTERGYMISSISSIPPIINC,EMQ,https://quote.eastmoney.com/us/EMQ.html
EmqqTheEmergingMarketsInter,EMQQ,https://quote.eastmoney.com/us/EMQQ.html
艾默生电气,EMR,https://quote.eastmoney.com/us/EMR.html
GuggenheimEmergingMarketReal,EMRE,https://quote.eastmoney.com/us/EMRE.html
iPathShortEnhancedMSCIEmerg,EMSA,https://quote.eastmoney.com/us/EMSA.html
WISDOMTREETRSTRONGDOLLAREME,EMSD,https://quote.eastmoney.com/us/EMSD.html
XtrackersMSCIEmergingMarkets,EMSG,https://quote.eastmoney.com/us/EMSG.html
ProSharesShortTermUSDEmergi,EMSH,https://quote.eastmoney.com/us/EMSH.html
EGSharesEMStrategicOpportuni,EMSO,https://quote.eastmoney.com/us/EMSO.html
SPDRDoubleLineEmergingMarket,EMTL,https://quote.eastmoney.com/us/EMTL.html
ProSharesDeclineoftheRetail,EMTY,https://quote.eastmoney.com/us/EMTY.html
EMXRoyaltyCorp,EMX,https://quote.eastmoney.com/us/EMX.html
iSharesMSCIEmergingMarketse,EMXC,https://quote.eastmoney.com/us/EMXC.html
EURASIANMINERALSInc,EMXX,https://quote.eastmoney.com/us/EMXX.html
EntergyMississippiInc,EMZ,https://quote.eastmoney.com/us/EMZ.html
EntergyMississippi,EMZ_CL,https://quote.eastmoney.com/us/EMZ_CL.html
ENBRIDGEINC,ENB,https://quote.eastmoney.com/us/ENB.html
EnbridgeIncNotes,ENBA,https://quote.eastmoney.com/us/ENBA.html
EnableMidstreamPartnersLP,ENBL,https://quote.eastmoney.com/us/ENBL.html
ENDEAVOURINTERNATIONALCORP,END,https://quote.eastmoney.com/us/END.html
远藤制药,ENDP,https://quote.eastmoney.com/us/ENDP.html
ENDEAVOURINTERNATIONALCORP,ENDRQ,https://quote.eastmoney.com/us/ENDRQ.html
EntegraFinancialCorp,ENFC,https://quote.eastmoney.com/us/ENFC.html
AlerianEnergyInfrastructureE,ENFR,https://quote.eastmoney.com/us/ENFR.html
ENGLOBALCORP,ENG,https://quote.eastmoney.com/us/ENG.html
iSharesIndustrialsBondETF,ENGN,https://quote.eastmoney.com/us/ENGN.html
ENDURANCEHOLDINGS,ENH,https://quote.eastmoney.com/us/ENH.html
EnduranceSpecialtyHoldingsLt,ENH_A,https://quote.eastmoney.com/us/ENH_A.html
EnduranceSpecialtyHoldingsLt,ENH_A_CL,https://quote.eastmoney.com/us/ENH_A_CL.html
EnduranceSpecialtyHoldingsLt,ENH_B,https://quote.eastmoney.com/us/ENH_B.html
EnduranceSpecialtyHoldingsLt,ENH_B_CL,https://quote.eastmoney.com/us/ENH_B_CL.html
EnduranceSpecialtyHoldingsLt,ENH_C,https://quote.eastmoney.com/us/ENH_C.html
ENERSISSA-SPONSADR,ENI,https://quote.eastmoney.com/us/ENI.html
意大利国家电力(美洲),ENIA,https://quote.eastmoney.com/us/ENIA.html
EnelAmericasSARtWI,ENIAR,https://quote.eastmoney.com/us/ENIAR.html
EnelAmericasSARtWI,ENIARW,https://quote.eastmoney.com/us/ENIARW.html
EnelChileSAADR,ENIC,https://quote.eastmoney.com/us/ENIC.html
EntergyNewOrleansLLC,ENJ,https://quote.eastmoney.com/us/ENJ.html
REEDELSEVIERNV,ENL,https://quote.eastmoney.com/us/ENL.html
EnLinkMidstreamLLC,ENLC,https://quote.eastmoney.com/us/ENLC.html
EnLinkMidstreamPartnersLP,ENLK,https://quote.eastmoney.com/us/ENLK.html
EnlivexTherapeuticsLtd,ENLV,https://quote.eastmoney.com/us/ENLV.html
ENTREMEDINC,ENMD,https://quote.eastmoney.com/us/ENMD.html
EntergyNewOrleansLLC,ENO,https://quote.eastmoney.com/us/ENO.html
EnochianBiosciencesInc,ENOB,https://quote.eastmoney.com/us/ENOB.html
NOC能源,ENOC,https://quote.eastmoney.com/us/ENOC.html
iSharesMSCINorwayCappedETF,ENOR,https://quote.eastmoney.com/us/ENOR.html
EnphaseEnergyInc,ENPH,https://quote.eastmoney.com/us/ENPH.html
劲量控股,ENR,https://quote.eastmoney.com/us/ENR.html
EnergizerHoldingsIncSeriesA,ENR_A,https://quote.eastmoney.com/us/ENR_A.html
EnerJexResourcesInc,ENRJ,https://quote.eastmoney.com/us/ENRJ.html
EnerjexResourcesInc,ENRJ_,https://quote.eastmoney.com/us/ENRJ_.html
ENERSYS,ENS,https://quote.eastmoney.com/us/ENS.html
恩赛因,ENSG,https://quote.eastmoney.com/us/ENSG.html
EnservcoCorp,ENSV,https://quote.eastmoney.com/us/ENSV.html
全球鹰娱乐,ENT,https://quote.eastmoney.com/us/ENT.html
EnantaPharmaceuticalsInc,ENTA,https://quote.eastmoney.com/us/ENTA.html
英特格,ENTG,https://quote.eastmoney.com/us/ENTG.html
EntellusMedicalInc,ENTL,https://quote.eastmoney.com/us/ENTL.html
ENTROPICCOMMUNICATIONSINC,ENTR,https://quote.eastmoney.com/us/ENTR.html
EnteraBioLtd,ENTX,https://quote.eastmoney.com/us/ENTX.html
EnteraBioLtdWt,ENTXW,https://quote.eastmoney.com/us/ENTXW.html
ENVESTNETINC,ENV,https://quote.eastmoney.com/us/ENV.html
EnovaInternationalInc,ENVA,https://quote.eastmoney.com/us/ENVA.html
HICKORYTECHCORP,ENVE,https://quote.eastmoney.com/us/ENVE.html
ENVIVIOINC,ENVI,https://quote.eastmoney.com/us/ENVI.html
EatonVanceNewYorkMunicipal,ENX,https://quote.eastmoney.com/us/ENX.html
GuggenheimCanadianEnergyInco,ENY,https://quote.eastmoney.com/us/ENY.html
ENZOBIOCHEMINC,ENZ,https://quote.eastmoney.com/us/ENZ.html
iSharesMSCINewZealandCapped,ENZL,https://quote.eastmoney.com/us/ENZL.html
恩宗药业,ENZN,https://quote.eastmoney.com/us/ENZN.html
EnzymotecLtd,ENZY,https://quote.eastmoney.com/us/ENZY.html
EMPRESANACELEC-CHIL-SPADR,EOC,https://quote.eastmoney.com/us/EOC.html
EndesaAmericasSA,EOCA,https://quote.eastmoney.com/us/EOCA.html
EnelGeneraciónChileSAADR,EOCC,https://quote.eastmoney.com/us/EOCC.html
WellsFargoAdvantageGlobalDi,EOD,https://quote.eastmoney.com/us/EOD.html
EOGRESOURCES,EOG,https://quote.eastmoney.com/us/EOG.html
EatonVanceEnhancedEquityInc,EOI,https://quote.eastmoney.com/us/EOI.html
EvolusInc,EOLS,https://quote.eastmoney.com/us/EOLS.html
EONCOMMUNICATIONSCORP,EONC,https://quote.eastmoney.com/us/EONC.html
E2OPEN,EOPN,https://quote.eastmoney.com/us/EOPN.html
EatonVanceEnhancedEquityInc,EOS,https://quote.eastmoney.com/us/EOS.html
EatonVanceNationalMunicipal,EOT,https://quote.eastmoney.com/us/EOT.html
EMERALDOILINC,EOX,https://quote.eastmoney.com/us/EOX.html
ELPasoEnergyCapitalTrustI,EP_C,https://quote.eastmoney.com/us/EP_C.html
EPAMSystemsInc,EPAM,https://quote.eastmoney.com/us/EPAM.html
AMBASSADORSGROUPINC,EPAX,https://quote.eastmoney.com/us/EPAX.html
BottomlineTechnologies(de)Inc,EPAY,https://quote.eastmoney.com/us/EPAY.html
ELPASOPIPELINEPARTNERSLP,EPB,https://quote.eastmoney.com/us/EPB.html
EdgewellPersonalCareCo,EPC,https://quote.eastmoney.com/us/EPC.html
ENTERPRISEPRODUCTSPART,EPD,https://quote.eastmoney.com/us/EPD.html
EPENERGYCORP,EPE,https://quote.eastmoney.com/us/EPE.html
EPEnergyCorp-A,EPEG,https://quote.eastmoney.com/us/EPEG.html
EPOCHHOLDINGCORP,EPHC,https://quote.eastmoney.com/us/EPHC.html
iSharesMSCIPhilippinesETF,EPHE,https://quote.eastmoney.com/us/EPHE.html
WisdomTreeIndiaEarningsFund,EPI,https://quote.eastmoney.com/us/EPI.html
EPIQ系统,EPIQ,https://quote.eastmoney.com/us/EPIQ.html
ESSAPharmaInc,EPIX,https://quote.eastmoney.com/us/EPIX.html
ENERGYPARTNERSLTD,EPL,https://quote.eastmoney.com/us/EPL.html
EVOLUTIONPETROLEUMCORP,EPM,https://quote.eastmoney.com/us/EPM.html
EvolutionPetroleumCorp8.5%S,EPM_A,https://quote.eastmoney.com/us/EPM_A.html
EvolutionPetroleumCorporation,EPM_A_CL,https://quote.eastmoney.com/us/EPM_A_CL.html
EPOCRATESINC,EPOC,https://quote.eastmoney.com/us/EPOC.html
iSharesMSCIPolandCappedETF,EPOL,https://quote.eastmoney.com/us/EPOL.html
iSharesMSCIPacificExJapanE,EPP,https://quote.eastmoney.com/us/EPP.html
ENTERTAINMENTPROPERTIES,EPR,https://quote.eastmoney.com/us/EPR.html
EPRProperties,EPR_C,https://quote.eastmoney.com/us/EPR_C.html
EPRProperties,EPR_E,https://quote.eastmoney.com/us/EPR_E.html
EPRProperties,EPR_F,https://quote.eastmoney.com/us/EPR_F.html
EPRPropertiesSeriesGPfd,EPR_G,https://quote.eastmoney.com/us/EPR_G.html
ELKHORNETFTRUST,EPRF,https://quote.eastmoney.com/us/EPRF.html
AdvisorSharesEquityproETF,EPRO,https://quote.eastmoney.com/us/EPRO.html
ZALICUSINC,EPRS,https://quote.eastmoney.com/us/EPRS.html
EssentialPropertiesRealtyTrustInc,EPRT,https://quote.eastmoney.com/us/EPRT.html
WisdomTreeTotalEarningsFund,EPS,https://quote.eastmoney.com/us/EPS.html
EpsilonEnergyLtd,EPSN,https://quote.eastmoney.com/us/EPSN.html
iSharesMSCIAllPeruCappedET,EPU,https://quote.eastmoney.com/us/EPU.html
ProSharesUltrashortFTSEEurop,EPV,https://quote.eastmoney.com/us/EPV.html
EpizymeInc,EPZM,https://quote.eastmoney.com/us/EPZM.html
EquilliumInc,EQ,https://quote.eastmoney.com/us/EQ.html
PowerSharesRussell1000Equal,EQAL,https://quote.eastmoney.com/us/EQAL.html
EquityBancsharesInc-A,EQBK,https://quote.eastmoney.com/us/EQBK.html
EquityCommonwealth,EQC,https://quote.eastmoney.com/us/EQC.html
EquityCommonwealth,EQC_D,https://quote.eastmoney.com/us/EQC_D.html
EquityCommonwealth,EQC_E,https://quote.eastmoney.com/us/EQC_E.html
EquityCommonwealth,EQC_E_CL,https://quote.eastmoney.com/us/EQC_E_CL.html
EquityCommonwealth,EQCO,https://quote.eastmoney.com/us/EQCO.html
EquitableFinancialCorp,EQFN,https://quote.eastmoney.com/us/EQFN.html
EQGPHoldingsLP,EQGP,https://quote.eastmoney.com/us/EQGP.html
安盛公平控股,EQH,https://quote.eastmoney.com/us/EQH.html
易昆尼克斯,EQIX,https://quote.eastmoney.com/us/EQIX.html
AlpsEqualSectorWeightETF,EQL,https://quote.eastmoney.com/us/EQL.html
WorkplaceEqualityPortfolio,EQLT,https://quote.eastmoney.com/us/EQLT.html
EQTMIDSTREAMPARTNERS,EQM,https://quote.eastmoney.com/us/EQM.html
EquinorASAADR,EQNR,https://quote.eastmoney.com/us/EQNR.html
公寓物业权益信托,EQR,https://quote.eastmoney.com/us/EQR.html
ProSharesEquitiesforRisingR,EQRR,https://quote.eastmoney.com/us/EQRR.html
EquusTotalReturnInc,EQS,https://quote.eastmoney.com/us/EQS.html
EQTCORP,EQT,https://quote.eastmoney.com/us/EQT.html
EQTCorpWI,EQT_V,https://quote.eastmoney.com/us/EQT_V.html
EQTCorpWI,EQTW,https://quote.eastmoney.com/us/EQTW.html
EQUALENERGY,EQU,https://quote.eastmoney.com/us/EQU.html
PowerSharesRussellTop200Equ,EQWL,https://quote.eastmoney.com/us/EQWL.html
PowerSharesRussellMidcapEqua,EQWM,https://quote.eastmoney.com/us/EQWM.html
PowerSharesRussell2000Equal,EQWS,https://quote.eastmoney.com/us/EQWS.html
EQUITYONEINC,EQY,https://quote.eastmoney.com/us/EQY.html
EraGroupInc,ERA,https://quote.eastmoney.com/us/ERA.html
ERBADIAGNOSTICS,ERB,https://quote.eastmoney.com/us/ERB.html
WellsFargoAdvantageMultiSec,ERC,https://quote.eastmoney.com/us/ERC.html
ENERPLUSRESOURCESFUND,ERF,https://quote.eastmoney.com/us/ERF.html
iSharesEdgeMSCIMultifactorE,ERGF,https://quote.eastmoney.com/us/ERGF.html
WellsFargoAdvantageUtilities,ERH,https://quote.eastmoney.com/us/ERH.html
EldoradoResortsInc,ERI,https://quote.eastmoney.com/us/ERI.html
爱立信,ERIC,https://quote.eastmoney.com/us/ERIC.html
伊瑞保险,ERIE,https://quote.eastmoney.com/us/ERIE.html
EnergyRecoveryInc,ERII,https://quote.eastmoney.com/us/ERII.html
EMPRESABRASILEIRADEAE-ADR,ERJ,https://quote.eastmoney.com/us/ERJ.html
EquityCompassRiskManagerETF,ERM,https://quote.eastmoney.com/us/ERM.html
ErinEnergyCorp,ERN,https://quote.eastmoney.com/us/ERN.html
BarclaysBankPLCiPathEUR/USD,ERO,https://quote.eastmoney.com/us/ERO.html
EAGLEROCKENERGYPARTNERSLP,EROC,https://quote.eastmoney.com/us/EROC.html
ErosInternationalPlc-A,EROS,https://quote.eastmoney.com/us/EROS.html
EmpireResourcesInc,ERS,https://quote.eastmoney.com/us/ERS.html
ERSharesNon-USSmallCapETF,ERSX,https://quote.eastmoney.com/us/ERSX.html
iSharesMSCIRussiaCappedETF,ERUS,https://quote.eastmoney.com/us/ERUS.html
ExchangeTradedConceptsTrust,ERW,https://quote.eastmoney.com/us/ERW.html
DirexionDailyEnergyBull3xS,ERX,https://quote.eastmoney.com/us/ERX.html
DirexionDailyEnergyBear3xS,ERY,https://quote.eastmoney.com/us/ERY.html
ERYTECHPharmaSAADR,ERYP,https://quote.eastmoney.com/us/ERYP.html
DirexionDailyEnergyBear1XS,ERYY,https://quote.eastmoney.com/us/ERYY.html
ENERGYSOLUTIONSINC,ES,https://quote.eastmoney.com/us/ES.html
EmpireStateRealtyOpLPSeriesES,ESBA,https://quote.eastmoney.com/us/ESBA.html
ESBFINANCIALCORP,ESBF,https://quote.eastmoney.com/us/ESBF.html
埃尔迈拉储蓄银行,ESBK,https://quote.eastmoney.com/us/ESBK.html
EMERITUSCORP,ESC,https://quote.eastmoney.com/us/ESC.html
攀登者,ESCA,https://quote.eastmoney.com/us/ESCA.html
DOUBLEEAGLEPETROLEUMCO,ESCR,https://quote.eastmoney.com/us/ESCR.html
DOUBLEEAGLEPETROLEUMCOMPANY,ESCRP,https://quote.eastmoney.com/us/ESCRP.html
WesternAssetEmergingMarkets,ESD,https://quote.eastmoney.com/us/ESD.html
EastsideDistillingInc,ESDI,https://quote.eastmoney.com/us/ESDI.html
EastsideDistillingIncWt,ESDIW,https://quote.eastmoney.com/us/ESDIW.html
ESCOTECHNOLOGIESINC,ESE,https://quote.eastmoney.com/us/ESE.html
EuroseasLtd,ESEA,https://quote.eastmoney.com/us/ESEA.html
Eco-StimEnergySolutionsInc,ESES,https://quote.eastmoney.com/us/ESES.html
FlexSharesSTOXXUSESGImpact,ESG,https://quote.eastmoney.com/us/ESG.html
FlexSharesSTOXXUSESGImpact,ESG_NASDAQ,https://quote.eastmoney.com/us/ESG_NASDAQ.html
iSharesMSCIEAFEESGSelectET,ESGD,https://quote.eastmoney.com/us/ESGD.html
iSharesMSCIEMESGSelectETF,ESGE,https://quote.eastmoney.com/us/ESGE.html
OPPENHEIMERREVWEIGHTEDETFTR,ESGF,https://quote.eastmoney.com/us/ESGF.html
FlexSharesSTOXXGlobalESGImp,ESGG,https://quote.eastmoney.com/us/ESGG.html
OPPENHEIMERREVWEIGHTEDETFTR,ESGL,https://quote.eastmoney.com/us/ESGL.html
ColumbiaSustainableInternatio,ESGN,https://quote.eastmoney.com/us/ESGN.html
恩斯塔,ESGR,https://quote.eastmoney.com/us/ESGR.html
EnstarGroupLtdSeriesEPfd,ESGRO,https://quote.eastmoney.com/us/ESGRO.html
EnstarGroupLtdSeriesDPfd,ESGRP,https://quote.eastmoney.com/us/ESGRP.html
ColumbiaSustainableU.S.Equit,ESGS,https://quote.eastmoney.com/us/ESGS.html
iSharesMSCIUSAESGOptimized,ESGU,https://quote.eastmoney.com/us/ESGU.html
VanguardESGU.S.StockETF,ESGV,https://quote.eastmoney.com/us/ESGV.html
ColumbiaSustainableGlobalEqu,ESGW,https://quote.eastmoney.com/us/ESGW.html
ITT,ESI,https://quote.eastmoney.com/us/ESI.html
电子科技工业,ESIO,https://quote.eastmoney.com/us/ESIO.html
ESTERLINETECHNOLOGIESCORP,ESL,https://quote.eastmoney.com/us/ESL.html
埃尔比特系统,ESLT,https://quote.eastmoney.com/us/ESLT.html
埃斯卡龙医疗,ESMC,https://quote.eastmoney.com/us/ESMC.html
iSharesESGMSCIUSASmall-Cap,ESML,https://quote.eastmoney.com/us/ESML.html
EnSyncInc,ESNC,https://quote.eastmoney.com/us/ESNC.html
EssendantInc,ESND,https://quote.eastmoney.com/us/ESND.html
EssentGroupLtd,ESNT,https://quote.eastmoney.com/us/ESNT.html
ESPEYMFG&ELECTRONICSCORP,ESP,https://quote.eastmoney.com/us/ESP.html
VanEckVectorsVideoGamingand,ESPO,https://quote.eastmoney.com/us/ESPO.html
EsperionTherapeuticsInc,ESPR,https://quote.eastmoney.com/us/ESPR.html
艾斯奎尔金融控股,ESQ,https://quote.eastmoney.com/us/ESQ.html
iSharesMSCIEmergingMarketsE,ESR,https://quote.eastmoney.com/us/ESR.html
EmpireStateRealtyTrustInc-A,ESRT,https://quote.eastmoney.com/us/ESRT.html
快捷药方,ESRX,https://quote.eastmoney.com/us/ESRX.html
埃塞克斯房地产信托,ESS,https://quote.eastmoney.com/us/ESS.html
EssexPropertyTrustInc7.125%,ESS_H,https://quote.eastmoney.com/us/ESS_H.html
EssexPropertyTrustInc,ESS_H_CL,https://quote.eastmoney.com/us/ESS_H_CL.html
萨万通金控,ESSA,https://quote.eastmoney.com/us/ESSA.html
"ETREREIT,LLC",ESSF,https://quote.eastmoney.com/us/ESSF.html
ESSEXRENTAL,ESSX,https://quote.eastmoney.com/us/ESSX.html
EstablishmentLabs,ESTA,https://quote.eastmoney.com/us/ESTA.html
ElasticNV,ESTC,https://quote.eastmoney.com/us/ESTC.html
EarthstoneEnergyInc-A,ESTE,https://quote.eastmoney.com/us/ESTE.html
EarthstoneEnergy,ESTE_NYSE,https://quote.eastmoney.com/us/ESTE_NYSE.html
EstreAmbientalInc,ESTR,https://quote.eastmoney.com/us/ESTR.html
EstreAmbientalIncWt,ESTRW,https://quote.eastmoney.com/us/ESTRW.html
SourceEuro-Stoxx50ETF,ESTX,https://quote.eastmoney.com/us/ESTX.html
ENSCO,ESV,https://quote.eastmoney.com/us/ESV.html
CommunityBankersTrustCorp,ESXB,https://quote.eastmoney.com/us/ESXB.html
ELECSYSCORP,ESYS,https://quote.eastmoney.com/us/ESYS.html
EXACTTARGET,ET,https://quote.eastmoney.com/us/ET.html
ELEPHANTTALKCOMMUNICATIONSInc,ETAK,https://quote.eastmoney.com/us/ETAK.html
EatonVance,ETB,https://quote.eastmoney.com/us/ETB.html
ENTERGYTRANSFEREQUITYLP,ETE,https://quote.eastmoney.com/us/ETE.html
AberdeenEmergingMarketsSmall,ETF,https://quote.eastmoney.com/us/ETF.html
亿创理财,ETFC,https://quote.eastmoney.com/us/ETFC.html
EatonVance,ETG,https://quote.eastmoney.com/us/ETG.html
ETHANALLENINTERIORSINC,ETH,https://quote.eastmoney.com/us/ETH.html
EthoClimateLeadershipU.S.ET,ETHO,https://quote.eastmoney.com/us/ETHO.html
EatonVance,ETJ,https://quote.eastmoney.com/us/ETJ.html
ENTERCOMCOMMUNICATIONS-CLA,ETM,https://quote.eastmoney.com/us/ETM.html
伊顿,ETN,https://quote.eastmoney.com/us/ETN.html
EatonVance,ETO,https://quote.eastmoney.com/us/ETO.html
EtonPharmaceuticalsInc,ETON,https://quote.eastmoney.com/us/ETON.html
EnergyTransferPartnersLP,ETP,https://quote.eastmoney.com/us/ETP.html
EnergyTransferOperatingLPSe,ETP_C,https://quote.eastmoney.com/us/ETP_C.html
EnergyTransferOperatingLPSe,ETP_D,https://quote.eastmoney.com/us/ETP_D.html
EnergyTransferOperatingLPSe,ETP_E,https://quote.eastmoney.com/us/ETP_E.html
ENTERGY,ETR,https://quote.eastmoney.com/us/ETR.html
永恒医疗,ETRM,https://quote.eastmoney.com/us/ETRM.html
EquitransMidstreamCorp,ETRN,https://quote.eastmoney.com/us/ETRN.html
EquitransMidstreamCorp,ETRNW,https://quote.eastmoney.com/us/ETRNW.html
EtsyInc,ETSY,https://quote.eastmoney.com/us/ETSY.html
EntasisTherapeuticsHoldingsInc,ETTX,https://quote.eastmoney.com/us/ETTX.html
EatonVance,ETV,https://quote.eastmoney.com/us/ETV.html
EatonVance,ETW,https://quote.eastmoney.com/us/ETW.html
EatonVance,ETX,https://quote.eastmoney.com/us/ETX.html
EatonVance,ETY,https://quote.eastmoney.com/us/ETY.html
WisdomTreeEuropeDividendGrow,EUDG,https://quote.eastmoney.com/us/EUDG.html
ProSharesMSCIEuropeDividend,EUDV,https://quote.eastmoney.com/us/EUDV.html
DirexionDailyEuropeanFinanci,EUFL,https://quote.eastmoney.com/us/EUFL.html
iSharesMSCIEuropeFinancials,EUFN,https://quote.eastmoney.com/us/EUFN.html
DirexionFundsETF,EUFS,https://quote.eastmoney.com/us/EUFS.html
ProSharesShortEuro,EUFX,https://quote.eastmoney.com/us/EUFX.html
ProSharesTrustShortMSCIEmer,EUM,https://quote.eastmoney.com/us/EUM.html
WisdomTreeEuropeMultifactorF,EUMF,https://quote.eastmoney.com/us/EUMF.html
iSharesMSCIEuropeMinimumVol,EUMV,https://quote.eastmoney.com/us/EUMV.html
ProSharesUltrashortEuro,EUO,https://quote.eastmoney.com/us/EUO.html
DirexionDailyFTSEEuropeBull,EURL,https://quote.eastmoney.com/us/EURL.html
EuronavNV,EURN,https://quote.eastmoney.com/us/EURN.html
XtrackersEurozoneEquityETF,EURZ,https://quote.eastmoney.com/us/EURZ.html
iSharesMSCIUKETF,EUSA,https://quote.eastmoney.com/us/EUSA.html
WisdomTreeEuropeHedgedSmallc,EUSC,https://quote.eastmoney.com/us/EUSC.html
DirexionDailyEUROSTOXX50Bu,EUXL,https://quote.eastmoney.com/us/EUXL.html
EATONVANCE,EV,https://quote.eastmoney.com/us/EV.html
EnvivaPartnersLP,EVA,https://quote.eastmoney.com/us/EVA.html
EDWARDSGROUP,EVAC,https://quote.eastmoney.com/us/EVAC.html
iSharesMSCIEmergingMarketsV,EVAL,https://quote.eastmoney.com/us/EVAL.html
LombardMedicalInc,EVAR,https://quote.eastmoney.com/us/EVAR.html
EverbridgeInc,EVBG,https://quote.eastmoney.com/us/EVBG.html
EvansBancorpInc,EVBN,https://quote.eastmoney.com/us/EVBN.html
EasternVirginiaBanksharesInc,EVBS,https://quote.eastmoney.com/us/EVBS.html
ENTRAVISIONCOMMUNICATIONS-A,EVC,https://quote.eastmoney.com/us/EVC.html
"EVERYDAYHEALTH,INC.",EVDY,https://quote.eastmoney.com/us/EVDY.html
EVEnergyPartnersLP,EVEP,https://quote.eastmoney.com/us/EVEP.html
EverQuoteInc-A,EVER,https://quote.eastmoney.com/us/EVER.html
EverbankFinancialCorp,EVER_A,https://quote.eastmoney.com/us/EVER_A.html
EatonVanceSeniorIncomeTrust,EVF,https://quote.eastmoney.com/us/EVF.html
EvofemBiosciencesInc,EVFM,https://quote.eastmoney.com/us/EVFM.html
EatonVanceFloating-RateNextS,EVFTC,https://quote.eastmoney.com/us/EVFTC.html
EatonVanceShortDurationDive,EVG,https://quote.eastmoney.com/us/EVG.html
EatonVanceNextSharesTrust,EVGBC,https://quote.eastmoney.com/us/EVGBC.html
EvogeneLtd,EVGN,https://quote.eastmoney.com/us/EVGN.html
EvolentHealthInc-A,EVH,https://quote.eastmoney.com/us/EVH.html
EnvisionHealthcareCorp,EVHC,https://quote.eastmoney.com/us/EVHC.html
EnvisionHealthcareCorporation,EVHC_,https://quote.eastmoney.com/us/EVHC_.html
ENVIROSTARM,EVI,https://quote.eastmoney.com/us/EVI.html
VelocityShares1xLongVSTOXXF,EVIX,https://quote.eastmoney.com/us/EVIX.html
EatonVanceNewJerseyMunicipa,EVJ,https://quote.eastmoney.com/us/EVJ.html
华瑞集团,EVK,https://quote.eastmoney.com/us/EVK.html
EatonVanceNextSharesTrustII,EVLMC,https://quote.eastmoney.com/us/EVLMC.html
EveloBiosciencesInc,EVLO,https://quote.eastmoney.com/us/EVLO.html
EVINELiveInc,EVLV,https://quote.eastmoney.com/us/EVLV.html
EatonVanceCaliforniaMunicipa,EVM,https://quote.eastmoney.com/us/EVM.html
EatonVanceMunicipalIncomeTr,EVN,https://quote.eastmoney.com/us/EVN.html
EatonVanceOhioMunicipalInco,EVO,https://quote.eastmoney.com/us/EVO.html
EvokePharmaInc,EVOK,https://quote.eastmoney.com/us/EVOK.html
EvolvingSystemsInc,EVOL,https://quote.eastmoney.com/us/EVOL.html
EVOPaymentsInc-A,EVOP,https://quote.eastmoney.com/us/EVOP.html
EatonVancePennsylvaniaMunici,EVP,https://quote.eastmoney.com/us/EVP.html
EvercoreInc-A,EVR,https://quote.eastmoney.com/us/EVR.html
EvergyInc,EVRG,https://quote.eastmoney.com/us/EVRG.html
EveriHoldingsInc,EVRI,https://quote.eastmoney.com/us/EVRI.html
EveryWareGlobalInc,EVRY,https://quote.eastmoney.com/us/EVRY.html
EnvisionSolarInternationalInc,EVSI,https://quote.eastmoney.com/us/EVSI.html
EnvisionSolarInternationalIncWt,EVSIW,https://quote.eastmoney.com/us/EVSIW.html
EatonVanceStockNextShares,EVSTC,https://quote.eastmoney.com/us/EVSTC.html
EatonVanceTax-AdvantagedDivi,EVT,https://quote.eastmoney.com/us/EVT.html
EvertecInc,EVTC,https://quote.eastmoney.com/us/EVTC.html
EatonVanceLimitedDurationIn,EVV,https://quote.eastmoney.com/us/EVV.html
MarketVectorsEnvironmentalSe,EVX,https://quote.eastmoney.com/us/EVX.html
EatonVanceNewYorkMunicipal,EVY,https://quote.eastmoney.com/us/EVY.html
爱德华生命科学,EW,https://quote.eastmoney.com/us/EW.html
iSharesMSCIAustraliaETF,EWA,https://quote.eastmoney.com/us/EWA.html
华美,EWBC,https://quote.eastmoney.com/us/EWBC.html
iSharesMSCICanadaETF,EWC,https://quote.eastmoney.com/us/EWC.html
InvescoS&P500EqualWeightCo,EWCO,https://quote.eastmoney.com/us/EWCO.html
iSharesMSCISwedenETF,EWD,https://quote.eastmoney.com/us/EWD.html
GuggenheimMSCIEmergingMarket,EWEM,https://quote.eastmoney.com/us/EWEM.html
iSharesMSCIGermanyETF,EWG,https://quote.eastmoney.com/us/EWG.html
iSharesMSCIGermanySmall-Cap,EWGS,https://quote.eastmoney.com/us/EWGS.html
iSharesMSCIHongKongETF,EWH,https://quote.eastmoney.com/us/EWH.html
iSharesMSCIHongKongSmall-Ca,EWHS,https://quote.eastmoney.com/us/EWHS.html
iSharesMSCIItalyCappedETF,EWI,https://quote.eastmoney.com/us/EWI.html
iSharesMSCIJapanETF,EWJ,https://quote.eastmoney.com/us/EWJ.html
iSharesMSCIJapanEqualWeight,EWJE,https://quote.eastmoney.com/us/EWJE.html
iSharesMSCIJapanValueETF,EWJV,https://quote.eastmoney.com/us/EWJV.html
iSharesMSCIBelgiumCappedETF,EWK,https://quote.eastmoney.com/us/EWK.html
iSharesMSCISwitzerlandCapped,EWL,https://quote.eastmoney.com/us/EWL.html
iSharesMSCIMalaysiaETF,EWM,https://quote.eastmoney.com/us/EWM.html
GuggenheimS&PMidCap400Equal,EWMC,https://quote.eastmoney.com/us/EWMC.html
iSharesMSCINetherlandsETF,EWN,https://quote.eastmoney.com/us/EWN.html
iSharesMSCIAustriaCappedETF,EWO,https://quote.eastmoney.com/us/EWO.html
iSharesMSCISpainCappedETF,EWP,https://quote.eastmoney.com/us/EWP.html
iSharesMSCIFranceETF,EWQ,https://quote.eastmoney.com/us/EWQ.html
GuggenheimS&P500EqualWeight,EWRE,https://quote.eastmoney.com/us/EWRE.html
GuggenheimRussell1000EqualW,EWRI,https://quote.eastmoney.com/us/EWRI.html
GuggenheimRussellMidcapEqual,EWRM,https://quote.eastmoney.com/us/EWRM.html
GuggenheimRussell2000EqualW,EWRS,https://quote.eastmoney.com/us/EWRS.html
iSharesMSCISingaporeETF,EWS,https://quote.eastmoney.com/us/EWS.html
GuggenheimS&PSmallCap600Equ,EWSC,https://quote.eastmoney.com/us/EWSC.html
iSharesMSCISingaporeSmall-Ca,EWSS,https://quote.eastmoney.com/us/EWSS.html
iSharesMSCITaiwanETF,EWT,https://quote.eastmoney.com/us/EWT.html
iSharesMSCIUnitedKingdomETF,EWU,https://quote.eastmoney.com/us/EWU.html
iSharesMSCIUnitedKingdomSma,EWUS,https://quote.eastmoney.com/us/EWUS.html
ProSharesTrustUltrashortMSCI,EWV,https://quote.eastmoney.com/us/EWV.html
iSharesMSCIMexicoCappedETF,EWW,https://quote.eastmoney.com/us/EWW.html
SPDRS&PEmergingMarketsSmall,EWX,https://quote.eastmoney.com/us/EWX.html
iSharesMSCISouthKoreaCapped,EWY,https://quote.eastmoney.com/us/EWY.html
iSharesMSCIBrazilCappedETF,EWZ,https://quote.eastmoney.com/us/EWZ.html
iSharesMSCIBrazilSmall-CapE,EWZS,https://quote.eastmoney.com/us/EWZS.html
EXA,EXA,https://quote.eastmoney.com/us/EXA.html
精技医疗器械,EXAC,https://quote.eastmoney.com/us/EXAC.html
EXAMWORKSGROUPINC,EXAM,https://quote.eastmoney.com/us/EXAM.html
ExarCorp,EXAR,https://quote.eastmoney.com/us/EXAR.html
精密科学,EXAS,https://quote.eastmoney.com/us/EXAS.html
EXELON,EXC,https://quote.eastmoney.com/us/EXC.html
EXELONCORPORATION,EXCU,https://quote.eastmoney.com/us/EXCU.html
EatonVance,EXD,https://quote.eastmoney.com/us/EXD.html
IMERGENTINC,EXE,https://quote.eastmoney.com/us/EXE.html
伊克力西斯,EXEL,https://quote.eastmoney.com/us/EXEL.html
EXFOInc,EXFO,https://quote.eastmoney.com/us/EXFO.html
EATONVANCETAX-MANAGEDGLOBALDIVERSIF,EXG,https://quote.eastmoney.com/us/EXG.html
EXTERRANHOLDINGSINC,EXH,https://quote.eastmoney.com/us/EXH.html
iSharesGlobalIndustrialsETF,EXI,https://quote.eastmoney.com/us/EXI.html
VelocityShares1xDailyInverse,EXIV,https://quote.eastmoney.com/us/EXIV.html
ENDEAVOURSILVERCORP,EXK,https://quote.eastmoney.com/us/EXK.html
EXCELTRUST,EXL,https://quote.eastmoney.com/us/EXL.html
ExcelTrustInc,EXL_B,https://quote.eastmoney.com/us/EXL_B.html
EXTERRANPARTNERSLP,EXLP,https://quote.eastmoney.com/us/EXLP.html
伊克赛尔服务控股,EXLS,https://quote.eastmoney.com/us/EXLS.html
EXCELMARITIMECARRIERSLTD,EXM,https://quote.eastmoney.com/us/EXM.html
EAGLEMATERIALSINC,EXP,https://quote.eastmoney.com/us/EXP.html
ExperienceInvestmentCorp-A,EXPC,https://quote.eastmoney.com/us/EXPC.html
ExperienceInvestmentCorpUnitConsof1CLA+1,EXPCU,https://quote.eastmoney.com/us/EXPCU.html
ExperienceInvestmentCorpWt,EXPCW,https://quote.eastmoney.com/us/EXPCW.html
康捷空国际物流,EXPD,https://quote.eastmoney.com/us/EXPD.html
亿客行,EXPE,https://quote.eastmoney.com/us/EXPE.html
eXpWorldHoldingsInc,EXPI,https://quote.eastmoney.com/us/EXPI.html
毅博,EXPO,https://quote.eastmoney.com/us/EXPO.html
ExpressInc,EXPR,https://quote.eastmoney.com/us/EXPR.html
EXTRASPACESTORAGE,EXR,https://quote.eastmoney.com/us/EXR.html
WisdomTreeTotalEarningsTop1,EXT,https://quote.eastmoney.com/us/EXT.html
ExterranCorp,EXTN,https://quote.eastmoney.com/us/EXTN.html
极速网络,EXTR,https://quote.eastmoney.com/us/EXTR.html
EnergyXXIGulfCoastInc,EXXI,https://quote.eastmoney.com/us/EXXI.html
NationalVisionHoldingsInc,EYE,https://quote.eastmoney.com/us/EYE.html
EyeGatePharmaceuticalsInc,EYEG,https://quote.eastmoney.com/us/EYEG.html
EyegatePharmaceuticalsIncWt,EYEGW,https://quote.eastmoney.com/us/EYEGW.html
EyenoviaInc,EYEN,https://quote.eastmoney.com/us/EYEN.html
SecondSightMedicalProductsInc,EYES,https://quote.eastmoney.com/us/EYES.html
SecondSightMedicalProductsIncWt,EYESW,https://quote.eastmoney.com/us/EYESW.html
CambriaETFTrust,EYLD,https://quote.eastmoney.com/us/EYLD.html
EyePointPharmaceuticalsInc,EYPT,https://quote.eastmoney.com/us/EYPT.html
iSharesMSCISouthAfricaETF,EZA,https://quote.eastmoney.com/us/EZA.html
EZ芯半导体,EZCH,https://quote.eastmoney.com/us/EZCH.html
ProSharesUltraMSCIJapan,EZJ,https://quote.eastmoney.com/us/EZJ.html
WisdomTreeMidcapEarningsFund,EZM,https://quote.eastmoney.com/us/EZM.html
艾茨克普,EZPW,https://quote.eastmoney.com/us/EZPW.html
EntergyTexasInc,EZT,https://quote.eastmoney.com/us/EZT.html
iSharesMSCIEmuETF,EZU,https://quote.eastmoney.com/us/EZU.html
WisdomTreeLargecapValueFund,EZY,https://quote.eastmoney.com/us/EZY.html
福特汽车,F,https://quote.eastmoney.com/us/F.html
FordMotorCoNotes,F_B,https://quote.eastmoney.com/us/F_B.html
FIRSTTREXCHANGE-TRADEDFDVII,FAAR,https://quote.eastmoney.com/us/FAAR.html
FirstTrustMultiCapValueAlp,FAB,https://quote.eastmoney.com/us/FAB.html
FIRSTADVANTAGEBANCORP,FABK,https://quote.eastmoney.com/us/FABK.html
FABUNIVERSALCORP,FABU,https://quote.eastmoney.com/us/FABU.html
FIRSTACCEPTANCECORP,FAC,https://quote.eastmoney.com/us/FAC.html
FirstTrustMultiCapGrowthAl,FAD,https://quote.eastmoney.com/us/FAD.html
FIRSTAMERICANCORPORATION,FAF,https://quote.eastmoney.com/us/FAF.html
飞康软件,FALC,https://quote.eastmoney.com/us/FALC.html
iSharesFallenAngelsUSDBond,FALN,https://quote.eastmoney.com/us/FALN.html
FirstTrustAberdeenGlobalOpp,FAM,https://quote.eastmoney.com/us/FAM.html
农米良品,FAMI,https://quote.eastmoney.com/us/FAMI.html
FirstTrustGlobalWindEnergy,FAN,https://quote.eastmoney.com/us/FAN.html
DiamondbackEnergyInc,FANG,https://quote.eastmoney.com/us/FANG.html
泛华金控,FANH,https://quote.eastmoney.com/us/FANH.html
ProSportsSponsorsETF,FANZ,https://quote.eastmoney.com/us/FANZ.html
FarmerBrosCo,FARM,https://quote.eastmoney.com/us/FARM.html
法如科技,FARO,https://quote.eastmoney.com/us/FARO.html
DirexionDailyFinancialBull3,FAS,https://quote.eastmoney.com/us/FAS.html
快扣,FAST,https://quote.eastmoney.com/us/FAST.html
FATBrandsInc,FAT,https://quote.eastmoney.com/us/FAT.html
FateTherapeuticsInc,FATE,https://quote.eastmoney.com/us/FATE.html
FirstTrustAustraliaAlphadex,FAUS,https://quote.eastmoney.com/us/FAUS.html
FirstTrustDividendAndIncome,FAV,https://quote.eastmoney.com/us/FAV.html
AberdeenAsia-PacificIncomeFu,FAX,https://quote.eastmoney.com/us/FAX.html
DirexionDailyFinancialBear3,FAZ,https://quote.eastmoney.com/us/FAZ.html
DirexionDailyFinancialBear1,FAZZ,https://quote.eastmoney.com/us/FAZZ.html
FACEBOOK,FB,https://quote.eastmoney.com/us/FB.html
FLAGSTARBANCORPINC,FBC,https://quote.eastmoney.com/us/FBC.html
FisherEnhancedBigCapGrowth,FBG,https://quote.eastmoney.com/us/FBG.html
UBSAGFIEnhancedLargeCapGr,FBGX,https://quote.eastmoney.com/us/FBGX.html
FortuneBrandsHome&SecurityInc,FBHS,https://quote.eastmoney.com/us/FBHS.html
FortressBiotechInc,FBIO,https://quote.eastmoney.com/us/FBIO.html
FortressBiotechIncSeriesAP,FBIOP,https://quote.eastmoney.com/us/FBIOP.html
第一商业金融服务,FBIZ,https://quote.eastmoney.com/us/FBIZ.html
FBFinancialCorp,FBK,https://quote.eastmoney.com/us/FBK.html
FoundationBuildingMaterialsInc,FBM,https://quote.eastmoney.com/us/FBM.html
FIRSTBANKCORP,FBMI,https://quote.eastmoney.com/us/FBMI.html
第一银行(密西西比州),FBMS,https://quote.eastmoney.com/us/FBMS.html
第一银行(卡罗莱纳州),FBNC,https://quote.eastmoney.com/us/FBNC.html
FidelityTotalBondETF,FBND,https://quote.eastmoney.com/us/FBND.html
FURNITUREBRANDSINTLINC,FBNIQ,https://quote.eastmoney.com/us/FBNIQ.html
FirstConnecticutBancorpInc,FBNK,https://quote.eastmoney.com/us/FBNK.html
伟博控股,FBOX,https://quote.eastmoney.com/us/FBOX.html
FIRSTBANCORPPUERTORICO,FBP,https://quote.eastmoney.com/us/FBP.html
FIBRIACELULOSE,FBR,https://quote.eastmoney.com/us/FBR.html
FBR&Co,FBRC,https://quote.eastmoney.com/us/FBRC.html
FirstPreferredCapitalTrustI,FBS_A,https://quote.eastmoney.com/us/FBS_A.html
FirstBanksInc,FBS_A_CL,https://quote.eastmoney.com/us/FBS_A_CL.html
福基尔银行,FBSS,https://quote.eastmoney.com/us/FBSS.html
FirstTrustNyseArcaBiotechno,FBT,https://quote.eastmoney.com/us/FBT.html
FirstTrustBrazilAlphadexFun,FBZ,https://quote.eastmoney.com/us/FBZ.html
FRANKLINCOVEYCO,FC,https://quote.eastmoney.com/us/FC.html
FirstTrustChinaAlphaDEXFund,FCA,https://quote.eastmoney.com/us/FCA.html
FIRSTCALIFORNIAFINANCIALG,FCAL,https://quote.eastmoney.com/us/FCAL.html
FiatChryslerAutomobilesN.V.,FCAM,https://quote.eastmoney.com/us/FCAM.html
FirstTrustCanadaAlphaDEXFun,FCAN,https://quote.eastmoney.com/us/FCAN.html
第一资本,FCAP,https://quote.eastmoney.com/us/FCAP.html
菲亚特克莱斯勒汽车,FCAU,https://quote.eastmoney.com/us/FCAU.html
FCBFinancialHoldingsInc-A,FCB,https://quote.eastmoney.com/us/FCB.html
第一社区银行,FCBC,https://quote.eastmoney.com/us/FCBC.html
FirstChoiceBancorp,FCBP,https://quote.eastmoney.com/us/FCBP.html
第一社区集团(南卡州),FCCO,https://quote.eastmoney.com/us/FCCO.html
第一机构银行,FCCY,https://quote.eastmoney.com/us/FCCY.html
FORESTCITYENTERPRISESIncCLASSA,A,https://quote.eastmoney.com/us/FCE/A.html
FORESTCITYENTERPRISESIncCLASSB,B,https://quote.eastmoney.com/us/FCE/B.html
ForestCityRealtyTrustInc-A,FCE_A,https://quote.eastmoney.com/us/FCE_A.html
ForestCityRealtyTrustInc-B,FCE_B,https://quote.eastmoney.com/us/FCE_B.html
FirstTrustCEFIncomeOpportun,FCEF,https://quote.eastmoney.com/us/FCEF.html
燃料电池能源,FCEL,https://quote.eastmoney.com/us/FCEL.html
FIRSTCOMMONWEALTHFINLCORP,FCF,https://quote.eastmoney.com/us/FCF.html
FIRSTCITYFINANCIALCORP,FCFC,https://quote.eastmoney.com/us/FCFC.html
TrimTabsIntlFree-CashFlowET,FCFI,https://quote.eastmoney.com/us/FCFI.html
FirstCommunityFinancialPartnersInc,FCFP,https://quote.eastmoney.com/us/FCFP.html
FirstCashInc,FCFS,https://quote.eastmoney.com/us/FCFS.html
FirstCash,FCFS_NYSE,https://quote.eastmoney.com/us/FCFS_NYSE.html
FirstTrustIse-RevereNatural,FCG,https://quote.eastmoney.com/us/FCG.html
FELCORLODGINGTRUSTINC,FCH,https://quote.eastmoney.com/us/FCH.html
FelCorLodgingTrustIncorporat,FCH_A,https://quote.eastmoney.com/us/FCH_A.html
FELCORLODGINGTRUSTINCORPORATED,FCH_C_CL,https://quote.eastmoney.com/us/FCH_C_CL.html
iSharesFtseChinaETF,FCHI,https://quote.eastmoney.com/us/FCHI.html
FELCORLODGINGTRUSTINCORPORATED,CL,https://quote.eastmoney.com/us/FCHPC/CL.html
FirstCaribbeanInternationalBankLtd,FCI,https://quote.eastmoney.com/us/FCI.html
第一克洛佛利夫金融,FCLF,https://quote.eastmoney.com/us/FCLF.html
FTICONSULTINGINC,FCN,https://quote.eastmoney.com/us/FCN.html
第一公民银行股份,FCNCA,https://quote.eastmoney.com/us/FCNCA.html
AberdeenGlobalIncomeFundInc,FCO,https://quote.eastmoney.com/us/FCO.html
FidelityMSCITelecommunication,FCOM,https://quote.eastmoney.com/us/FCOM.html
FidelityCorporateBondETF,FCOR,https://quote.eastmoney.com/us/FCOR.html
FourCornersPropertyTrustInc,FCPT,https://quote.eastmoney.com/us/FCPT.html
FCGlobalRealtyIncorporated,FCRE,https://quote.eastmoney.com/us/FCRE.html
FAIRCHILD,FCS,https://quote.eastmoney.com/us/FCS.html
FibrocellScienceInc,FCSC,https://quote.eastmoney.com/us/FCSC.html
FirstTrustSeniorFloatingRat,FCT,https://quote.eastmoney.com/us/FCT.html
FirstTrustLuntU.S.FactorRo,FCTR,https://quote.eastmoney.com/us/FCTR.html
第一世纪银行,FCTY,https://quote.eastmoney.com/us/FCTY.html
FIRSTCAPITALBANCORPINC,FCVA,https://quote.eastmoney.com/us/FCVA.html
FirstTrustSSIStrategicConve,FCVT,https://quote.eastmoney.com/us/FCVT.html
自由港迈克墨伦铜金矿,FCX,https://quote.eastmoney.com/us/FCX.html
FORESTCITYENTERPRISESINC,FCY,https://quote.eastmoney.com/us/FCY.html
FIRSTCITIZENSBANCCORP,FCZA,https://quote.eastmoney.com/us/FCZA.html
FidelityD&DBancorpInc,FDBC,https://quote.eastmoney.com/us/FDBC.html
FirstDataCorp-A,FDC,https://quote.eastmoney.com/us/FDC.html
FirstTrustStoxxEuropeanSele,FDD,https://quote.eastmoney.com/us/FDD.html
第一迪法恩斯金融,FDEF,https://quote.eastmoney.com/us/FDEF.html
FidelityTargetedEmergingMark,FDEM,https://quote.eastmoney.com/us/FDEM.html
FirstTrustDynamicEuropeEqui,FDEU,https://quote.eastmoney.com/us/FDEU.html
FidelityTargetedInternational,FDEV,https://quote.eastmoney.com/us/FDEV.html
FidelityHighYieldFactorETF,FDHY,https://quote.eastmoney.com/us/FDHY.html
"FortDearbornIncomeSecurities,Inc.",FDI,https://quote.eastmoney.com/us/FDI.html
FidelityMSCIConsumerDiscreti,FDIS,https://quote.eastmoney.com/us/FDIS.html
FirstTrustStrategicIncomeET,FDIV,https://quote.eastmoney.com/us/FDIV.html
FirstTrustMorningstarDividen,FDL,https://quote.eastmoney.com/us/FDL.html
FidelityLowVolatilityFactor,FDLO,https://quote.eastmoney.com/us/FDLO.html
FirstTrustDowJonesSelectMi,FDM,https://quote.eastmoney.com/us/FDM.html
美国辉门,FDML,https://quote.eastmoney.com/us/FDML.html
FidelityMomentumFactorETF,FDMO,https://quote.eastmoney.com/us/FDMO.html
FirstTrustDowJonesInternet,FDN,https://quote.eastmoney.com/us/FDN.html
"FoundationHealthcare,Inc.",FDNH,https://quote.eastmoney.com/us/FDNH.html
FirstTrustDowJonesInternati,FDNI,https://quote.eastmoney.com/us/FDNI.html
家庭美元商店,FDO,https://quote.eastmoney.com/us/FDO.html
FRESHDELMONTEPRODUCEINC,FDP,https://quote.eastmoney.com/us/FDP.html
FidelityDividendETFforRisin,FDRR,https://quote.eastmoney.com/us/FDRR.html
FACTSET,FDS,https://quote.eastmoney.com/us/FDS.html
FirstTrustDevelopedMarketse,FDT,https://quote.eastmoney.com/us/FDT.html
FirstTrustDevelopedMarketse,FDTS,https://quote.eastmoney.com/us/FDTS.html
FidusInvestmentCorp,FDUS,https://quote.eastmoney.com/us/FDUS.html
FidusInvestmentCorpNotes,FDUSL,https://quote.eastmoney.com/us/FDUSL.html
FidusInvestmentCorpNotes,FDUSZ,https://quote.eastmoney.com/us/FDUSZ.html
FidelityCoreDividendETF,FDVV,https://quote.eastmoney.com/us/FDVV.html
联邦快递,FDX,https://quote.eastmoney.com/us/FDX.html
第一能源,FE,https://quote.eastmoney.com/us/FE.html
四季教育,FEDU,https://quote.eastmoney.com/us/FEDU.html
BarclaysETN+FIEnhancedEurop,FEEU,https://quote.eastmoney.com/us/FEEU.html
FirstTrustMlpAndEnergyInco,FEI,https://quote.eastmoney.com/us/FEI.html
FEI公司,FEIC,https://quote.eastmoney.com/us/FEIC.html
高频电子,FEIM,https://quote.eastmoney.com/us/FEIM.html
富兰克林电子,FELE,https://quote.eastmoney.com/us/FELE.html
ForesightEnergyLP,FELP,https://quote.eastmoney.com/us/FELP.html
FirstTrustEmergingMarketsAl,FEM,https://quote.eastmoney.com/us/FEM.html
FirstTrustEmergingMarketsLo,FEMB,https://quote.eastmoney.com/us/FEMB.html
FirstTrustEmergingMarketsSm,FEMS,https://quote.eastmoney.com/us/FEMS.html
FirstTrustEnergyIncomeAndG,FEN,https://quote.eastmoney.com/us/FEN.html
FennecPharmaceuticalsInc,FENC,https://quote.eastmoney.com/us/FENC.html
凤凰新媒体,FENG,https://quote.eastmoney.com/us/FENG.html
FenixPartsInc,FENX,https://quote.eastmoney.com/us/FENX.html
FidelityMSCIEnergyIndexETF,FENY,https://quote.eastmoney.com/us/FENY.html
FirstTrustAberdeenEmergingO,FEO,https://quote.eastmoney.com/us/FEO.html
FirstTrustEuropeAlphadexFun,FEP,https://quote.eastmoney.com/us/FEP.html
FORBESENERGYSERVICESLtd,FES,https://quote.eastmoney.com/us/FES.html
FORUMENERGYTECHNOLOGIES,FET,https://quote.eastmoney.com/us/FET.html
SPDRStoxxEurope50ETF,FEU,https://quote.eastmoney.com/us/FEU.html
CreditSuisseFIEnhancedEurop,FEUL,https://quote.eastmoney.com/us/FEUL.html
FirstTrustEurozoneAlphadex,FEUZ,https://quote.eastmoney.com/us/FEUZ.html
FirstTrustLargeCapCoreAlph,FEX,https://quote.eastmoney.com/us/FEX.html
FireEyeInc,FEYE,https://quote.eastmoney.com/us/FEYE.html
SPDREuroStoxx50ETF,FEZ,https://quote.eastmoney.com/us/FEZ.html
FutureFuelCorp,FF,https://quote.eastmoney.com/us/FF.html
FirstTrustEnhancedEquityInc,FFA,https://quote.eastmoney.com/us/FFA.html
第一金融银行,FFBC,https://quote.eastmoney.com/us/FFBC.html
FirstFinancialBancorpWt,FFBCW,https://quote.eastmoney.com/us/FFBCW.html
FIRSTFEDBNCSHSOFARKANSAS,FFBH,https://quote.eastmoney.com/us/FFBH.html
FFBWInc,FFBW,https://quote.eastmoney.com/us/FFBW.html
Flaherty&CrumrinePreferredS,FFC,https://quote.eastmoney.com/us/FFC.html
FIRSTFINANCIALHOLDINGSINC,FFCH,https://quote.eastmoney.com/us/FFCH.html
FEDFIRSTFINANCIALCORP,FFCO,https://quote.eastmoney.com/us/FFCO.html
BarclaysETN+FIEnhancedEurope,FFEU,https://quote.eastmoney.com/us/FFEU.html
FROZENFOODEXPRESSINDS,FFEX,https://quote.eastmoney.com/us/FFEX.html
FBLFINANCIALGROUPINC-CLA,FFG,https://quote.eastmoney.com/us/FFG.html
FormulaFoliosHedgedGrowthET,FFHG,https://quote.eastmoney.com/us/FFHG.html
富维薄膜,FFHL,https://quote.eastmoney.com/us/FFHL.html
FORTUNEINDUSTRIESINC,FFI,https://quote.eastmoney.com/us/FFI.html
法拉盛金融,FFIC,https://quote.eastmoney.com/us/FFIC.html
第一金融银行股份(德克萨斯州),FFIN,https://quote.eastmoney.com/us/FFIN.html
FieldstoneUVAUnconstrainedMe,FFIU,https://quote.eastmoney.com/us/FFIU.html
F5网络,FFIV,https://quote.eastmoney.com/us/FFIV.html
FarmersCapitalBankCorp,FFKT,https://quote.eastmoney.com/us/FFKT.html
FIRSTFINANCIALSERVICECORP,FFKY,https://quote.eastmoney.com/us/FFKY.html
FIRSTFEDERALOFNORTHERNMI,FFNM,https://quote.eastmoney.com/us/FFNM.html
FRIENDFINDERNETWORKS,FFNTQ,https://quote.eastmoney.com/us/FFNTQ.html
FirstFinancialNorthwestInc,FFNW,https://quote.eastmoney.com/us/FFNW.html
FirstTrustFTSEEpra/NareitGl,FFR,https://quote.eastmoney.com/us/FFR.html
FormulaFoliosSmartGrowthETF,FFSG,https://quote.eastmoney.com/us/FFSG.html
FormulaFoliosTacticalGrowthE,FFTG,https://quote.eastmoney.com/us/FFTG.html
FormulaFoliosIncomeETF,FFTI,https://quote.eastmoney.com/us/FFTI.html
InnovatorIbdr50Fund,FFTY,https://quote.eastmoney.com/us/FFTY.html
FirstFoundationInc,FFWM,https://quote.eastmoney.com/us/FFWM.html
FGLHoldings,FG,https://quote.eastmoney.com/us/FG.html
FGLHoldingsWt,FG_WS,https://quote.eastmoney.com/us/FG_WS.html
FirstTrustSpecialtyFinanceA,FGB,https://quote.eastmoney.com/us/FGB.html
FirstGuarantyBancsharesInc,FGBI,https://quote.eastmoney.com/us/FGBI.html
FirstTrustDowJonesGlobalSe,FGD,https://quote.eastmoney.com/us/FGD.html
FibroGenInc,FGEN,https://quote.eastmoney.com/us/FGEN.html
FIDELITY&GUARANTYLIFE,FGL,https://quote.eastmoney.com/us/FGL.html
FirstTrustGermanyAlphadexFu,FGM,https://quote.eastmoney.com/us/FGM.html
FERRELLGASPARTNERSLP,FGP,https://quote.eastmoney.com/us/FGP.html
FORMHoldingsCorp,FH,https://quote.eastmoney.com/us/FH.html
FirstHawaiianInc,FHB,https://quote.eastmoney.com/us/FHB.html
女性健康公司,FHCO,https://quote.eastmoney.com/us/FHCO.html
FirstTrustHongKongAlphaDEX,FHK,https://quote.eastmoney.com/us/FHK.html
富途证券,FHL,https://quote.eastmoney.com/us/FHL.html
FidelityMSCIHealthCareIndex,FHLC,https://quote.eastmoney.com/us/FHLC.html
第一地平线银行,FHN,https://quote.eastmoney.com/us/FHN.html
FirstHorizonNationalCorporat,FHN_A,https://quote.eastmoney.com/us/FHN_A.html
FirstTrustStrategicHighInco,FHY,https://quote.eastmoney.com/us/FHY.html
FRANK'SINTERNATIONAL,FI,https://quote.eastmoney.com/us/FI.html
FalahRussell-IdealratingsU.S.,FIA,https://quote.eastmoney.com/us/FIA.html
CSFIEnhancedBigCapGrowthE,FIBG,https://quote.eastmoney.com/us/FIBG.html
FirstInterstateBancSystemInc-A,FIBK,https://quote.eastmoney.com/us/FIBK.html
iSharesEdgeU.S.FixedIncome,FIBR,https://quote.eastmoney.com/us/FIBR.html
FairIsaacCorp,FICO,https://quote.eastmoney.com/us/FICO.html
FirstTrustS&PInternationalD,FID,https://quote.eastmoney.com/us/FID.html
FidelityInternationalHighDiv,FIDI,https://quote.eastmoney.com/us/FIDI.html
FidelityMSCIIndustrialsIndex,FIDU,https://quote.eastmoney.com/us/FIDU.html
UBSAG,FIEE,https://quote.eastmoney.com/us/FIEE.html
FIEnhancedGlobalHighYieldE,FIEG,https://quote.eastmoney.com/us/FIEG.html
FIEnhancedEurope50ETN,FIEU,https://quote.eastmoney.com/us/FIEU.html
FirstTrustEnergyInfrastructu,FIF,https://quote.eastmoney.com/us/FIF.html
FORTRESSINVESTMENTGRP-CLA,FIG,https://quote.eastmoney.com/us/FIG.html
BarclaysETN+FIEnhancedGloba,FIGY,https://quote.eastmoney.com/us/FIGY.html
UBSAG,FIHD,https://quote.eastmoney.com/us/FIHD.html
联合投资,FII,https://quote.eastmoney.com/us/FII.html
iSharesMSCIGlobalEnergyProd,FILL,https://quote.eastmoney.com/us/FILL.html
TheFinishLineInc-A,FINL,https://quote.eastmoney.com/us/FINL.html
PureFundsSolactiveFinTechETF,FINQ,https://quote.eastmoney.com/us/FINQ.html
AngelOakFinancialStrategies,FINS,https://quote.eastmoney.com/us/FINS.html
ProSharesUltraproFinancials,FINU,https://quote.eastmoney.com/us/FINU.html
GlobalXFinTechThematicETF,FINX,https://quote.eastmoney.com/us/FINX.html
ProSharesUltraproShortFinanc,FINZ,https://quote.eastmoney.com/us/FINZ.html
FUSION-IO,FIO,https://quote.eastmoney.com/us/FIO.html
SOURCEFIREINC,FIRE,https://quote.eastmoney.com/us/FIRE.html
富达国民信息服务,FIS,https://quote.eastmoney.com/us/FIS.html
MARLINMIDSTREAMPARTNERS,FISH,https://quote.eastmoney.com/us/FISH.html
FinancialInstitutionsInc,FISI,https://quote.eastmoney.com/us/FISI.html
EmpireStateRealtyOpLPSeries250,FISK,https://quote.eastmoney.com/us/FISK.html
SPDRSSGAFixedIncomeSectorR,FISR,https://quote.eastmoney.com/us/FISR.html
费哲金融服务,FISV,https://quote.eastmoney.com/us/FISV.html
FitbitInc-A,FIT,https://quote.eastmoney.com/us/FIT.html
五三银行,FITB,https://quote.eastmoney.com/us/FITB.html
FifthThirdBancorpDepositary,FITBI,https://quote.eastmoney.com/us/FITBI.html
五三银行,FITBP,https://quote.eastmoney.com/us/FITBP.html
SPDRS&PKenshoFutureSecurity,FITE,https://quote.eastmoney.com/us/FITE.html
TheHealthandFitnessETF,FITS,https://quote.eastmoney.com/us/FITS.html
FirstTrustSeniorFloatingRat,FIV,https://quote.eastmoney.com/us/FIV.html
FidelityInternationalValueFa,FIVA,https://quote.eastmoney.com/us/FIVA.html
FiveBelowInc,FIVE,https://quote.eastmoney.com/us/FIVE.html
DefianceNextGenConnectivity,FIVG,https://quote.eastmoney.com/us/FIVG.html
Five9Inc,FIVN,https://quote.eastmoney.com/us/FIVN.html
STRATEGYSHARESNASDAQ5HANDL,FIVR,https://quote.eastmoney.com/us/FIVR.html
Pimco3-7YearU.S.TreasuryIn,FIVZ,https://quote.eastmoney.com/us/FIVZ.html
FirstTrustIseWaterIndexFun,FIW,https://quote.eastmoney.com/us/FIW.html
COMFORTSYSTEMSUSAINC,FIX,https://quote.eastmoney.com/us/FIX.html
FirstTrustTCWOpportunisticF,FIXD,https://quote.eastmoney.com/us/FIXD.html
HomologyMedicinesInc,FIXX,https://quote.eastmoney.com/us/FIXX.html
BarclaysETN+FIEnhancedGlobal,FIYY,https://quote.eastmoney.com/us/FIYY.html
NationalBeverageCorp,FIZZ,https://quote.eastmoney.com/us/FIZZ.html
MERILLLYNCHDEPOSITORINC,FJA,https://quote.eastmoney.com/us/FJA.html
FirstTrustJapanAlphadexFund,FJP,https://quote.eastmoney.com/us/FJP.html
FranklyInc,FKLY,https://quote.eastmoney.com/us/FKLY.html
Frankly,FKLYU,https://quote.eastmoney.com/us/FKLYU.html
FranklyIncWt,FKLYW,https://quote.eastmoney.com/us/FKLYW.html
FirstTrustSouthKoreaAlphaDE,FKO,https://quote.eastmoney.com/us/FKO.html
FirstTrustUnitedKingdomAlph,FKU,https://quote.eastmoney.com/us/FKU.html
富乐客,FL,https://quote.eastmoney.com/us/FL.html
ForensicAccountingETF,FLAG,https://quote.eastmoney.com/us/FLAG.html
IpathrUsTreasuryFlattenerEt,FLAT,https://quote.eastmoney.com/us/FLAT.html
iPathUSTreasuryFlattenerETN,FLAT_NASDAQ,https://quote.eastmoney.com/us/FLAT_NASDAQ.html
FranklinFTSEAustraliaETF,FLAU,https://quote.eastmoney.com/us/FLAU.html
FranklinFTSEAsiaexJapanETF,FLAX,https://quote.eastmoney.com/us/FLAX.html
FranklinLibertySeniorLoanET,FLBL,https://quote.eastmoney.com/us/FLBL.html
FranklinFTSEBrazilETF,FLBR,https://quote.eastmoney.com/us/FLBR.html
Flaherty&CrumrineTotalRetur,FLC,https://quote.eastmoney.com/us/FLC.html
FranklinFTSECanadaETF,FLCA,https://quote.eastmoney.com/us/FLCA.html
FranklinFTSEChinaETF,FLCH,https://quote.eastmoney.com/us/FLCH.html
FranklinLibertyInvestmentGra,FLCO,https://quote.eastmoney.com/us/FLCO.html
FluidigmCorp,FLDM,https://quote.eastmoney.com/us/FLDM.html
FidelityLowDurationBondFact,FLDR,https://quote.eastmoney.com/us/FLDR.html
FranklinFTSEEuropeETF,FLEE,https://quote.eastmoney.com/us/FLEE.html
FranklinFTSEEuropeHedgedETF,FLEH,https://quote.eastmoney.com/us/FLEH.html
BarclaysBankPLC,FLEU,https://quote.eastmoney.com/us/FLEU.html
伟创力,FLEX,https://quote.eastmoney.com/us/FLEX.html
FederalLifeGroupInc,FLF,https://quote.eastmoney.com/us/FLF.html
FranklinFTSEFranceETF,FLFR,https://quote.eastmoney.com/us/FLFR.html
FranklinFTSEUnitedKingdomET,FLGB,https://quote.eastmoney.com/us/FLGB.html
CreditSuisseFILargeCapGrow,FLGE,https://quote.eastmoney.com/us/FLGE.html
FranklinFTSEGermanyETF,FLGR,https://quote.eastmoney.com/us/FLGR.html
FulgentGeneticsInc,FLGT,https://quote.eastmoney.com/us/FLGT.html
FranklinFTSEHongKongETF,FLHK,https://quote.eastmoney.com/us/FLHK.html
FranklinLibertyHighYieldCor,FLHY,https://quote.eastmoney.com/us/FLHY.html
FranklinLibertyInternational,FLIA,https://quote.eastmoney.com/us/FLIA.html
长岛第一国民银行,FLIC,https://quote.eastmoney.com/us/FLIC.html
FranklinFTSEIndiaETF,FLIN,https://quote.eastmoney.com/us/FLIN.html
FranklinLibertyInternational,FLIO,https://quote.eastmoney.com/us/FLIO.html
菲利尔系统,FLIR,https://quote.eastmoney.com/us/FLIR.html
FranklinFTSEItalyETF,FLIY,https://quote.eastmoney.com/us/FLIY.html
FranklinFTSEJapanHedgedETF,FLJH,https://quote.eastmoney.com/us/FLJH.html
FranklinFTSEJapanETF,FLJP,https://quote.eastmoney.com/us/FLJP.html
FranklinFTSESouthKoreaETF,FLKR,https://quote.eastmoney.com/us/FLKR.html
FlexPharmaInc,FLKS,https://quote.eastmoney.com/us/FLKS.html
FULLHOUSERESORTSINC,FLL,https://quote.eastmoney.com/us/FLL.html
FranklinFTSELatinAmericaETF,FLLA,https://quote.eastmoney.com/us/FLLA.html
沸达洲,FLLC,https://quote.eastmoney.com/us/FLLC.html
沸达洲(权利),FLLCR,https://quote.eastmoney.com/us/FLLCR.html
沸达洲,FLLCU,https://quote.eastmoney.com/us/FLLCU.html
沸达洲(权证),FLLCW,https://quote.eastmoney.com/us/FLLCW.html
FranklinLibertyU.S.LowVolat,FLLV,https://quote.eastmoney.com/us/FLLV.html
FirstTrustIseGlobalEngineer,FLM,https://quote.eastmoney.com/us/FLM.html
FranklinLibertyMunicipalBond,FLMB,https://quote.eastmoney.com/us/FLMB.html
FranklinLibertyIntermediateM,FLMI,https://quote.eastmoney.com/us/FLMI.html
弗莱莫科技,FLML,https://quote.eastmoney.com/us/FLML.html
FalconMineralsCorp-A,FLMN,https://quote.eastmoney.com/us/FLMN.html
FalconMineralsCorpWt,FLMNW,https://quote.eastmoney.com/us/FLMNW.html
FranklinFTSEMexicoETF,FLMX,https://quote.eastmoney.com/us/FLMX.html
FirstTrustLatinAmericaAlpha,FLN,https://quote.eastmoney.com/us/FLN.html
FLEXLNGLtd,FLNG,https://quote.eastmoney.com/us/FLNG.html
FluentInc,FLNT,https://quote.eastmoney.com/us/FLNT.html
FLOWERSFOODS,FLO,https://quote.eastmoney.com/us/FLO.html
iSharesFloatingRateBondETF,FLOT,https://quote.eastmoney.com/us/FLOT.html
斯必克流体,FLOW,https://quote.eastmoney.com/us/FLOW.html
FranklinLibertyQGlobalDivide,FLQD,https://quote.eastmoney.com/us/FLQD.html
FranklinLibertyQEmergingMark,FLQE,https://quote.eastmoney.com/us/FLQE.html
