name_cn,name_en,url
DeutscheX-TrackersHarvestCSI,ASHS,https://quote.eastmoney.com/us/ASHS.html
AshlandGlobalHoldingsInc,ASHW,https://quote.eastmoney.com/us/ASHW.html
DeutscheX-trackersCSI300Chi,ASHX,https://quote.eastmoney.com/us/ASHX.html
AMERICANSAFETYINSHOLDINGS,ASI,https://quote.eastmoney.com/us/ASI.html
亚信联创,ASIA,https://quote.eastmoney.com/us/ASIA.html
AdvanSixInc,ASIX,https://quote.eastmoney.com/us/ASIX.html
亚狮康药业,ASLN,https://quote.eastmoney.com/us/ASLN.html
AvinoSilver&GoldMinesLtd,ASM,https://quote.eastmoney.com/us/ASM.html
AssemblyBiosciencesInc,ASMB,https://quote.eastmoney.com/us/ASMB.html
ASMINTERNATIONALNV,ASMI,https://quote.eastmoney.com/us/ASMI.html
阿斯麦,ASML,https://quote.eastmoney.com/us/ASML.html
AscenaRetailGroupInc,ASNA,https://quote.eastmoney.com/us/ASNA.html
AscendisPharmaASADR,ASND,https://quote.eastmoney.com/us/ASND.html
ArsanisInc,ASNS,https://quote.eastmoney.com/us/ASNS.html
AspenAerogelsInc,ASPN,https://quote.eastmoney.com/us/ASPN.html
AltisourcePortfolioSolutions,ASPS,https://quote.eastmoney.com/us/ASPS.html
艾斯潘集团,ASPU,https://quote.eastmoney.com/us/ASPU.html
"AuspexPharmaceuticals,Inc.",ASPX,https://quote.eastmoney.com/us/ASPX.html
GRUPOAEROPORTUARIOSUR-ADR,ASR,https://quote.eastmoney.com/us/ASR.html
AssertioTherapeuticsInc,ASRT,https://quote.eastmoney.com/us/ASRT.html
AmeriServFinancialInc,ASRV,https://quote.eastmoney.com/us/ASRV.html
AMERISERVFINANCIALINC,ASRVP,https://quote.eastmoney.com/us/ASRVP.html
AsteriasBiotherapeuticsInc-A,AST,https://quote.eastmoney.com/us/AST.html
AstrotechCorp,ASTC,https://quote.eastmoney.com/us/ASTC.html
AstecIndustriesInc,ASTE,https://quote.eastmoney.com/us/ASTE.html
ASCENTSOLARTECHNOLOGIES,ASTI,https://quote.eastmoney.com/us/ASTI.html
AASTROMBIOSCIENCESINC,ASTM,https://quote.eastmoney.com/us/ASTM.html
ASTEXPHARMACEUTICALS,ASTX,https://quote.eastmoney.com/us/ASTX.html
AsureSoftwareInc,ASUR,https://quote.eastmoney.com/us/ASUR.html
ASVHoldingsInc,ASV,https://quote.eastmoney.com/us/ASV.html
"ASETechnologyHoldingCo.,Ltd.",ASX,https://quote.eastmoney.com/us/ASX.html
AmtechSystemsInc,ASYS,https://quote.eastmoney.com/us/ASYS.html
ATLANTICPOWER,AT,https://quote.eastmoney.com/us/AT.html
AtlanticAcquisitionCorp,ATAC,https://quote.eastmoney.com/us/ATAC.html
AtlanticAcquisitionCorpRt,ATACR,https://quote.eastmoney.com/us/ATACR.html
AtlanticAcquisitionCorpUnitConsof1Sh+1Rt,ATACU,https://quote.eastmoney.com/us/ATACU.html
ATAIncADR,ATAI,https://quote.eastmoney.com/us/ATAI.html
AmericaFirstMultifamilyInvestorsLP,ATAX,https://quote.eastmoney.com/us/ATAX.html
ADVANTESTCORP-ADR,ATE,https://quote.eastmoney.com/us/ATE.html
ASTEAINTLINC,ATEA,https://quote.eastmoney.com/us/ATEA.html
AlphatecHoldingsInc,ATEC,https://quote.eastmoney.com/us/ATEC.html
A10NetworksInc,ATEN,https://quote.eastmoney.com/us/ATEN.html
AnterixInc,ATEX,https://quote.eastmoney.com/us/ATEX.html
AdtalemGlobalEducationInc,ATGE,https://quote.eastmoney.com/us/ATGE.html
AtheneHoldingLtd-A,ATH,https://quote.eastmoney.com/us/ATH.html
AlterityTherapeuticsLtdADR,ATHE,https://quote.eastmoney.com/us/ATHE.html
ATHLONENERGY,ATHL,https://quote.eastmoney.com/us/ATHL.html
汽车之家,ATHM,https://quote.eastmoney.com/us/ATHM.html
雅典娜保健,ATHN,https://quote.eastmoney.com/us/ATHN.html
AthersysInc,ATHX,https://quote.eastmoney.com/us/ATHX.html
冶联科技,ATI,https://quote.eastmoney.com/us/ATI.html
亚洲时代国际金融,ATIF,https://quote.eastmoney.com/us/ATIF.html
AttisIndustriesInc,ATIS,https://quote.eastmoney.com/us/ATIS.html
AttisIndustriesIncWt,ATISW,https://quote.eastmoney.com/us/ATISW.html
ATK,ATK,https://quote.eastmoney.com/us/ATK.html
AtkoreInternationalGroupInc,ATKR,https://quote.eastmoney.com/us/ATKR.html
ATLATSARESOURCES,ATL,https://quote.eastmoney.com/us/ATL.html
AtlanticusHoldingsCorp,ATLC,https://quote.eastmoney.com/us/ATLC.html
艾姆斯银行控股,ATLO,https://quote.eastmoney.com/us/ATLO.html
阿特拉斯能源,ATLS,https://quote.eastmoney.com/us/ATLS.html
ATMIINC,ATMI,https://quote.eastmoney.com/us/ATMI.html
爱特梅尔公司,ATML,https://quote.eastmoney.com/us/ATML.html
BarclaysETN+SelectMLPETN,ATMP,https://quote.eastmoney.com/us/ATMP.html
AtomeraInc,ATMR,https://quote.eastmoney.com/us/ATMR.html
大西洋电讯网络国际,ATNI,https://quote.eastmoney.com/us/ATNI.html
ActiniumPharmaceuticalsInc,ATNM,https://quote.eastmoney.com/us/ATNM.html
雅典娜制药,ATNX,https://quote.eastmoney.com/us/ATNX.html
API技术公司,ATNY,https://quote.eastmoney.com/us/ATNY.html
ATMOSENERGY,ATO,https://quote.eastmoney.com/us/ATO.html
AtomeraInc,ATOM,https://quote.eastmoney.com/us/ATOM.html
AtossaGeneticsInc,ATOS,https://quote.eastmoney.com/us/ATOS.html
APTARGROUP,ATR,https://quote.eastmoney.com/us/ATR.html
AtaraBiotherapeuticsInc,ATRA,https://quote.eastmoney.com/us/ATRA.html
AtriCureInc,ATRC,https://quote.eastmoney.com/us/ATRC.html
AtrionCorp,ATRI,https://quote.eastmoney.com/us/ATRI.html
AETRIUMINC,ATRM,https://quote.eastmoney.com/us/ATRM.html
AstronicsCorp,ATRO,https://quote.eastmoney.com/us/ATRO.html
安塔尔制药,ATRS,https://quote.eastmoney.com/us/ATRS.html
美国航空运输服务,ATSG,https://quote.eastmoney.com/us/ATSG.html
AtentoSA,ATTO,https://quote.eastmoney.com/us/ATTO.html
AttunityLtd,ATTU,https://quote.eastmoney.com/us/ATTU.html
ACTUANTCORP-CLA,ATU,https://quote.eastmoney.com/us/ATU.html
阿尔蒂斯美国,ATUS,https://quote.eastmoney.com/us/ATUS.html
橡果国际,ATV,https://quote.eastmoney.com/us/ATV.html
动视暴雪,ATVI,https://quote.eastmoney.com/us/ATVI.html
ATWOODOCEANICS,ATW,https://quote.eastmoney.com/us/ATW.html
ATCROSSCO-CLA,ATX,https://quote.eastmoney.com/us/ATX.html
大道制药,ATXI,https://quote.eastmoney.com/us/ATXI.html
ANGLOGOLDASHANTI-SPONADR,AU,https://quote.eastmoney.com/us/AU.html
AtlanticUnionBanksharesCorp,AUB,https://quote.eastmoney.com/us/AUB.html
AuburnNationalBancorporationInc,AUBN,https://quote.eastmoney.com/us/AUBN.html
奥科,AUDC,https://quote.eastmoney.com/us/AUDC.html
奥云资源,AUG,https://quote.eastmoney.com/us/AUG.html
DefianceFutureTechETF,AUGR,https://quote.eastmoney.com/us/AUGR.html
ARCAPITALACQUISITIONCorp,AUMA,https://quote.eastmoney.com/us/AUMA.html
ARCAPITALACQUISITION,AUMAU,https://quote.eastmoney.com/us/AUMAU.html
ARCAPITALACQUISITIONCorp,AUMAW,https://quote.eastmoney.com/us/AUMAW.html
黄金矿业,AUMN,https://quote.eastmoney.com/us/AUMN.html
WisdomTreeDreyfusAustralia&,AUNZ,https://quote.eastmoney.com/us/AUNZ.html
友达光电,AUO,https://quote.eastmoney.com/us/AUO.html
AuriniaPharmaceuticalsInc,AUPH,https://quote.eastmoney.com/us/AUPH.html
AURICOGOLD,AUQ,https://quote.eastmoney.com/us/AUQ.html
WisdomTreeAustraliaDividendF,AUSE,https://quote.eastmoney.com/us/AUSE.html
GlobalXAdaptiveU.S.FactorE,AUSF,https://quote.eastmoney.com/us/AUSF.html
AutolusTherapeuticsLtdADR,AUTL,https://quote.eastmoney.com/us/AUTL.html
AutoWebInc,AUTO,https://quote.eastmoney.com/us/AUTO.html
AUXILIUMPHARMACEUTICALSINC,AUXL,https://quote.eastmoney.com/us/AUXL.html
AuxilioInc,AUXO,https://quote.eastmoney.com/us/AUXO.html
YAMANAGOLDINC,AUY,https://quote.eastmoney.com/us/AUY.html
AVIVAPLC,AV,https://quote.eastmoney.com/us/AV.html
AVISTACORP,AVA,https://quote.eastmoney.com/us/AVA.html
GrupoAvalAccionesyValoresSAADRPfd,AVAL,https://quote.eastmoney.com/us/AVAL.html
AeroVironmentInc,AVAV,https://quote.eastmoney.com/us/AVAV.html
AVALONBAY,AVB,https://quote.eastmoney.com/us/AVB.html
ADVOCATINC,AVCA,https://quote.eastmoney.com/us/AVCA.html
AvalonGloboCareCorp,AVCO,https://quote.eastmoney.com/us/AVCO.html
AMERICANVANGUARDCORP,AVD,https://quote.eastmoney.com/us/AVD.html
AvadelPharmaceuticalsplcADR,AVDL,https://quote.eastmoney.com/us/AVDL.html
AvedroInc,AVDR,https://quote.eastmoney.com/us/AVDR.html
AVEOPharmaceuticalsInc,AVEO,https://quote.eastmoney.com/us/AVEO.html
AMERICANINTERNATIONALGROUPINC,AVF,https://quote.eastmoney.com/us/AVF.html
AVGTECHNOLOGIES,AVG,https://quote.eastmoney.com/us/AVG.html
博通,AVGO,https://quote.eastmoney.com/us/AVGO.html
AvingerInc,AVGR,https://quote.eastmoney.com/us/AVGR.html
AVIANCAHOLDINGSS.A.,AVH,https://quote.eastmoney.com/us/AVH.html
艾威地产,AVHI,https://quote.eastmoney.com/us/AVHI.html
AdvantageInsuranceInc,AVI,https://quote.eastmoney.com/us/AVI.html
AvidTechnologyInc,AVID,https://quote.eastmoney.com/us/AVID.html
AviragenTherapeuticsInc,AVIR,https://quote.eastmoney.com/us/AVIR.html
AVIVREITINC,AVIV,https://quote.eastmoney.com/us/AVIV.html
AdventClaymoreConvertibleSec,AVK,https://quote.eastmoney.com/us/AVK.html
AVALONRAREMETALS,AVL,https://quote.eastmoney.com/us/AVL.html
AvalaraInc,AVLR,https://quote.eastmoney.com/us/AVLR.html
AVANIRPHARMACEUTICALSINC-A,AVNR,https://quote.eastmoney.com/us/AVNR.html
AvanosMedicalInc,AVNS,https://quote.eastmoney.com/us/AVNS.html
"AVENUEFINANCIALHOLDINGS,INC.",AVNU,https://quote.eastmoney.com/us/AVNU.html
阿维亚网络,AVNW,https://quote.eastmoney.com/us/AVNW.html
AVOLONHOLDINGSLTD,AVOL,https://quote.eastmoney.com/us/AVOL.html
雅芳,AVP,https://quote.eastmoney.com/us/AVP.html
AVROBIOInc,AVRO,https://quote.eastmoney.com/us/AVRO.html
安富利,AVT,https://quote.eastmoney.com/us/AVT.html
AvantorInc,AVTR,https://quote.eastmoney.com/us/AVTR.html
AvivaPlc8.25%CapitalSecurit,AVV,https://quote.eastmoney.com/us/AVV.html
AVX,AVX,https://quote.eastmoney.com/us/AVX.html
AnavexLifeSciencesCorp,AVXL,https://quote.eastmoney.com/us/AVXL.html
AnavexLifeSciencesCorp,AVXLD,https://quote.eastmoney.com/us/AVXLD.html
AveXisInc,AVXS,https://quote.eastmoney.com/us/AVXS.html
艾利丹尼森,AVY,https://quote.eastmoney.com/us/AVY.html
AvayaHoldingsCorp,AVYA,https://quote.eastmoney.com/us/AVYA.html
HOMEAWAY,AWAY,https://quote.eastmoney.com/us/AWAY.html
AluminaLtdADR,AWCMY,https://quote.eastmoney.com/us/AWCMY.html
AlliancebersteinGlobalHighIn,AWF,https://quote.eastmoney.com/us/AWF.html
ALLIEDWORLD,AWH,https://quote.eastmoney.com/us/AWH.html
ARMSTRONGWORLDINDUSTRIES,AWI,https://quote.eastmoney.com/us/AWI.html
AMERICANWATERWORKS,AWK,https://quote.eastmoney.com/us/AWK.html
AlpineGlobalPremierPropertie,AWP,https://quote.eastmoney.com/us/AWP.html
AMERICANSTATESWATERCO,AWR,https://quote.eastmoney.com/us/AWR.html
艾卫,AWRE,https://quote.eastmoney.com/us/AWRE.html
CoolHoldingsInc,AWSM,https://quote.eastmoney.com/us/AWSM.html
AwareUltra-ShortDurationEnha,AWTM,https://quote.eastmoney.com/us/AWTM.html
AVALONHOLDINGSCORP-A,AWX,https://quote.eastmoney.com/us/AWX.html
AxosFinancialInc,AX,https://quote.eastmoney.com/us/AX.html
AxarAcquisitionCorp,AXAR,https://quote.eastmoney.com/us/AXAR.html
AxarAcquisitionCorpUnitConsof1Sh+0.5Wts,AXARU,https://quote.eastmoney.com/us/AXARU.html
AxarAcquisitionCorpWt,AXARW,https://quote.eastmoney.com/us/AXARW.html
阿布拉克萨斯石油,AXAS,https://quote.eastmoney.com/us/AXAS.html
AccelerateDiagnosticsInc,AXDX,https://quote.eastmoney.com/us/AXDX.html
ANIXTERINTERNATIONALINC,AXE,https://quote.eastmoney.com/us/AXE.html
AxoGenInc,AXGN,https://quote.eastmoney.com/us/AXGN.html
AxovantGeneTherapiesLtd,AXGT,https://quote.eastmoney.com/us/AXGT.html
WisdomTreeAsia-Pacificex-Japa,AXJL,https://quote.eastmoney.com/us/AXJL.html
iSharesMSCIAllCountryAsiaE,AXJS,https://quote.eastmoney.com/us/AXJS.html
iSharesMSCIAsiaExJapanMini,AXJV,https://quote.eastmoney.com/us/AXJV.html
AMERICANAXLE&MFGHOLDINGS,AXL,https://quote.eastmoney.com/us/AXL.html
AxcellaHealthInc,AXLA,https://quote.eastmoney.com/us/AXLA.html
AXIALLCORPORATION,AXLL,https://quote.eastmoney.com/us/AXLL.html
奥星药业,AXN,https://quote.eastmoney.com/us/AXN.html
AxonicsModulationTechnologiesInc,AXNX,https://quote.eastmoney.com/us/AXNX.html
AxosFinancialIncNotes,AXO,https://quote.eastmoney.com/us/AXO.html
AXOVANTSCIENCESLTD.,AXON,https://quote.eastmoney.com/us/AXON.html
美国运通,AXP,https://quote.eastmoney.com/us/AXP.html
AXIONPOWERINTERNATIONALINC,AXPW,https://quote.eastmoney.com/us/AXPW.html
AXIONPOWERINTERNATIONALIncSERA,AXPWW,https://quote.eastmoney.com/us/AXPWW.html
AMREPCORP,AXR,https://quote.eastmoney.com/us/AXR.html
AXISCAPITAL,AXS,https://quote.eastmoney.com/us/AXS.html
AxsomeTherapeuticsInc,AXSM,https://quote.eastmoney.com/us/AXSM.html
