name_cn,name_en,url
IndustreaAcquisitionCorp-A,INDU,https://quote.eastmoney.com/us/INDU.html
工业收购公司,INDUU,https://quote.eastmoney.com/us/INDUU.html
IndustreaAcquisitionCorpWt,INDUW,https://quote.eastmoney.com/us/INDUW.html
iSharesIndia50ETF,INDY,https://quote.eastmoney.com/us/INDY.html
BrookfieldGlobalListedInfras,INF,https://quote.eastmoney.com/us/INF.html
INFORMATICA,INFA,https://quote.eastmoney.com/us/INFA.html
InfinityPharmaceuticalsInc,INFI,https://quote.eastmoney.com/us/INFI.html
英飞朗,INFN,https://quote.eastmoney.com/us/INFN.html
IHSMarkitLtd,INFO,https://quote.eastmoney.com/us/INFO.html
IHSMarkitLtd,INFO_NYSE,https://quote.eastmoney.com/us/INFO_NYSE.html
LeggMasonGlobalInfrastructur,INFR,https://quote.eastmoney.com/us/INFR.html
InfuSystemHoldingsInc,INFU,https://quote.eastmoney.com/us/INFU.html
印孚瑟斯,INFY,https://quote.eastmoney.com/us/INFY.html
荷兰国际,ING,https://quote.eastmoney.com/us/ING.html
InogenInc,INGN,https://quote.eastmoney.com/us/INGN.html
IngredionInc,INGR,https://quote.eastmoney.com/us/INGR.html
互动智能,ININ,https://quote.eastmoney.com/us/ININ.html
"InternationalIsotopes,Inc.",INIS,https://quote.eastmoney.com/us/INIS.html
SPDRSSgAIncomeAllocationETF,INKM,https://quote.eastmoney.com/us/INKM.html
INmuneBioInc,INMB,https://quote.eastmoney.com/us/INMB.html
InModeLtd,INMD,https://quote.eastmoney.com/us/INMD.html
SUMMITHOTELPROPERTIESINC,INN,https://quote.eastmoney.com/us/INN.html
SummitHotelPropertiesInc,INN_A,https://quote.eastmoney.com/us/INN_A.html
SummitHotelPropertiesInc,INN_A_CL,https://quote.eastmoney.com/us/INN_A_CL.html
SummitHotelPropertiesInc,INN_B,https://quote.eastmoney.com/us/INN_B.html
SummitHotelPropertiesInc,INN_C,https://quote.eastmoney.com/us/INN_C.html
SummitHotelProperties,INN_D,https://quote.eastmoney.com/us/INN_D.html
SummitHotelPropertiesIncSer,INN_E,https://quote.eastmoney.com/us/INN_E.html
InnocollHoldingsplc,INNL,https://quote.eastmoney.com/us/INNL.html
InnovateBiopharmaceuticalsInc,INNT,https://quote.eastmoney.com/us/INNT.html
"InnovateBiopharmaceuticals,Inc.",INNTW,https://quote.eastmoney.com/us/INNTW.html
INOVIOBIOMEDICALCORP,INO,https://quote.eastmoney.com/us/INO.html
INNOTRACCORP,INOC,https://quote.eastmoney.com/us/INOC.html
InnodataInc,INOD,https://quote.eastmoney.com/us/INOD.html
InovalonHoldingsInc-A,INOV,https://quote.eastmoney.com/us/INOV.html
iPathETNsLinkedToTheMSCII,INP,https://quote.eastmoney.com/us/INP.html
INTERPHASECORP,INPH,https://quote.eastmoney.com/us/INPH.html
Inpixon,INPX,https://quote.eastmoney.com/us/INPX.html
MarketVectors-Rupee,INR,https://quote.eastmoney.com/us/INR.html
INTELLIGENTSYSTEMSCORP,INS,https://quote.eastmoney.com/us/INS.html
InspiredEntertainmentInc,INSE,https://quote.eastmoney.com/us/INSE.html
"InspiredEntertainment,Inc.",INSEW,https://quote.eastmoney.com/us/INSEW.html
InseegoCorp,INSG,https://quote.eastmoney.com/us/INSG.html
InsightSelectIncomeFund,INSI,https://quote.eastmoney.com/us/INSI.html
InsmedInc,INSM,https://quote.eastmoney.com/us/INSM.html
InspireMedicalSystemsInc,INSP,https://quote.eastmoney.com/us/INSP.html
InstructureInc,INST,https://quote.eastmoney.com/us/INST.html
InsuranceAcquisitionCorp-A,INSU,https://quote.eastmoney.com/us/INSU.html
InsuranceAcquisitionCorpUnitConsof1CLA+0,INSUU,https://quote.eastmoney.com/us/INSUU.html
InsuranceAcquisitionCorpWt,INSUW,https://quote.eastmoney.com/us/INSUW.html
InternationalSeawaysInc,INSW,https://quote.eastmoney.com/us/INSW.html
InternationalSeawaysIncNotes,INSW_A,https://quote.eastmoney.com/us/INSW_A.html
InsysTherapeuticsInc,INSY,https://quote.eastmoney.com/us/INSY.html
WORLDFUEL,INT,https://quote.eastmoney.com/us/INT.html
英特尔,INTC,https://quote.eastmoney.com/us/INTC.html
iSharesFactorselectMSCIInter,INTF,https://quote.eastmoney.com/us/INTF.html
TheInterGroupCorp,INTG,https://quote.eastmoney.com/us/INTG.html
INTLFCStoneInc,INTL,https://quote.eastmoney.com/us/INTL.html
INTLFCStoneInc8.5%SeniorNo,INTLL,https://quote.eastmoney.com/us/INTLL.html
inTESTCorp,INTT,https://quote.eastmoney.com/us/INTT.html
财捷,INTU,https://quote.eastmoney.com/us/INTU.html
IntersectionsInc,INTX,https://quote.eastmoney.com/us/INTX.html
InuvoInc,INUV,https://quote.eastmoney.com/us/INUV.html
INNOVAROINC,INV,https://quote.eastmoney.com/us/INV.html
InnovivaInc,INVA,https://quote.eastmoney.com/us/INVA.html
单片机微系统,INVE,https://quote.eastmoney.com/us/INVE.html
InvitationHomesInc,INVH,https://quote.eastmoney.com/us/INVH.html
InvenSenseInc,INVN,https://quote.eastmoney.com/us/INVN.html
InventergyGlobalInc,INVT,https://quote.eastmoney.com/us/INVT.html
InnerWorkingsInc,INWK,https://quote.eastmoney.com/us/INWK.html
INFINITYCROSSBORDERACQUISITION,INXBU,https://quote.eastmoney.com/us/INXBU.html
InterXionHoldingNV,INXN,https://quote.eastmoney.com/us/INXN.html
EGSharesIndiaInfrastructureE,INXX,https://quote.eastmoney.com/us/INXX.html
SPDRNuveenBarclaysNewYorkM,INY,https://quote.eastmoney.com/us/INY.html
INGGROUPNV7.20%INGPERPETUALDEBT,INZ,https://quote.eastmoney.com/us/INZ.html
IONGEOPHYSICALCORP,IO,https://quote.eastmoney.com/us/IO.html
INTEROILCORP,IOC,https://quote.eastmoney.com/us/IOC.html
IQGlobalOilSmallCapETF,IOIL,https://quote.eastmoney.com/us/IOIL.html
IonisPharmaceuticalsInc,IONS,https://quote.eastmoney.com/us/IONS.html
iSharesGlobal100ETF,IOO,https://quote.eastmoney.com/us/IOO.html
IncomeOpportunityRealtyInvestorsInc,IOR,https://quote.eastmoney.com/us/IOR.html
英诺斯派材料,IOSP,https://quote.eastmoney.com/us/IOSP.html
INCOMEOPPORTUNITYREALT,IOT,https://quote.eastmoney.com/us/IOT.html
AdestoTechnologiesCorp,IOTS,https://quote.eastmoney.com/us/IOTS.html
IovanceBiotherapeuticsInc,IOVA,https://quote.eastmoney.com/us/IOVA.html
国际纸业,IP,https://quote.eastmoney.com/us/IP.html
iSharesCoreMSCIPacificETF,IPAC,https://quote.eastmoney.com/us/IPAC.html
依特香水,IPAR,https://quote.eastmoney.com/us/IPAR.html
iPassInc,IPAS,https://quote.eastmoney.com/us/IPAS.html
PureFundsISEMobilePaymentsE,IPAY,https://quote.eastmoney.com/us/IPAY.html
MERRILLLYNCH6.0518%INDEXPLUSTRUST,IPB,https://quote.eastmoney.com/us/IPB.html
InfinityPropertyandCasualtyCorp,IPCC,https://quote.eastmoney.com/us/IPCC.html
IntellipharmaceuticsInternationalInc,IPCI,https://quote.eastmoney.com/us/IPCI.html
IPCTHEHOSPITALISTCO,IPCM,https://quote.eastmoney.com/us/IPCM.html
SPDRS&PInternationalConsumer,IPD,https://quote.eastmoney.com/us/IPD.html
ProfessionalDiversityNetworkInc,IPDN,https://quote.eastmoney.com/us/IPDN.html
SPDRBarclaysTipsETF,IPE,https://quote.eastmoney.com/us/IPE.html
SPDRS&PInternationalFinancia,IPF,https://quote.eastmoney.com/us/IPF.html
iSharesInternationalPreferred,IPFF,https://quote.eastmoney.com/us/IPFF.html
埃培智,IPG,https://quote.eastmoney.com/us/IPG.html
IPGPhotonicsCorp,IPGP,https://quote.eastmoney.com/us/IPGP.html
InphiCorp,IPHI,https://quote.eastmoney.com/us/IPHI.html
InnophosHoldingsInc,IPHS,https://quote.eastmoney.com/us/IPHS.html
INTREPID,IPI,https://quote.eastmoney.com/us/IPI.html
iPicEntertainmentInc-A,IPIC,https://quote.eastmoney.com/us/IPIC.html
SPDRS&PInternationalTechnolo,IPK,https://quote.eastmoney.com/us/IPK.html
PowersharesInternationalBuyba,IPKW,https://quote.eastmoney.com/us/IPKW.html
InterstatePowerAndLightComp,IPL_D,https://quote.eastmoney.com/us/IPL_D.html
InterstatePowerandLightCoS,IPLDP,https://quote.eastmoney.com/us/IPLDP.html
SPDRS&PInternationalIndustri,IPN,https://quote.eastmoney.com/us/IPN.html
RenaissanceIpoETF,IPO,https://quote.eastmoney.com/us/IPO.html
SocialCapitalHedosophiaHoldingsCorp-A,IPOA,https://quote.eastmoney.com/us/IPOA.html
SocialCapitalHedosophiaHoldingsCorpUnitCons,IPOA_U,https://quote.eastmoney.com/us/IPOA_U.html
SocialCapitalHedosophiaHoldingsCorpWt,IPOA_WS,https://quote.eastmoney.com/us/IPOA_WS.html
RenaissanceInternationalIpoE,IPOS,https://quote.eastmoney.com/us/IPOS.html
SPDRS&PInternationalConsumer,IPS,https://quote.eastmoney.com/us/IPS.html
IPSCOTubularsInc,IPSC,https://quote.eastmoney.com/us/IPSC.html
IPARTYCORPORATION,IPT,https://quote.eastmoney.com/us/IPT.html
SPDRS&PInternationalUtilitie,IPU,https://quote.eastmoney.com/us/IPU.html
SPDRS&PInternationalEnergyS,IPW,https://quote.eastmoney.com/us/IPW.html
IdealPowerInc,IPWR,https://quote.eastmoney.com/us/IPWR.html
ImpaxLaboratoriesInc,IPXL,https://quote.eastmoney.com/us/IPXL.html
爱奇艺,IQ,https://quote.eastmoney.com/us/IQ.html
FlexSharesInternationalQualit,IQDE,https://quote.eastmoney.com/us/IQDE.html
FlexSharesInternationalQualit,IQDF,https://quote.eastmoney.com/us/IQDF.html
WISDOMTREETRUSTINTLQUALITYD,IQDG,https://quote.eastmoney.com/us/IQDG.html
FlexSharesInternationalQualit,IQDY,https://quote.eastmoney.com/us/IQDY.html
InvescoQualityMunicipalSecur,IQI,https://quote.eastmoney.com/us/IQI.html
IQ500InternationalETF,IQIN,https://quote.eastmoney.com/us/IQIN.html
iSharesMSCIInternationalDeve,IQLT,https://quote.eastmoney.com/us/IQLT.html
NEUTRALTANDEMINC,IQNT,https://quote.eastmoney.com/us/IQNT.html
IQ500ETF,IQUS,https://quote.eastmoney.com/us/IQUS.html
IQVIAHoldingsInc,IQV,https://quote.eastmoney.com/us/IQV.html
英格索兰,IR,https://quote.eastmoney.com/us/IR.html
iSharesRoboticsandArtificial,IRBO,https://quote.eastmoney.com/us/IRBO.html
iRobotCorp,IRBT,https://quote.eastmoney.com/us/IRBT.html
INLANDREALESTATECORPORATION,IRC,https://quote.eastmoney.com/us/IRC.html
InlandRealEstateCorporation,IRC_A,https://quote.eastmoney.com/us/IRC_A.html
InlandRealEstateCorporation,IRC_B,https://quote.eastmoney.com/us/IRC_B.html
IRSAPropiedadesComercialesSAADR,IRCP,https://quote.eastmoney.com/us/IRCP.html
铱星通讯,IRDM,https://quote.eastmoney.com/us/IRDM.html
IndiumCommunicationsInc6.75%,IRDMB,https://quote.eastmoney.com/us/IRDMB.html
IRIDIUMCOMMUNICATIONSINC,IRDMU,https://quote.eastmoney.com/us/IRDMU.html
IRIDIUMCOMMUNICATIONSINC,IRDMW,https://quote.eastmoney.com/us/IRDMW.html
IRIDIUMCOMMUNICATIONSINC,IRDMZ,https://quote.eastmoney.com/us/IRDMZ.html
BANKOFIRELAND-SPONSADR,IRE,https://quote.eastmoney.com/us/IRE.html
InvestorsRealEstateTrust,IRET,https://quote.eastmoney.com/us/IRET.html
InvestorsRealEstateTrust,IRET_,https://quote.eastmoney.com/us/IRET_.html
InvestorsRealEstateTrust,IRET_B,https://quote.eastmoney.com/us/IRET_B.html
InvestorsRealEstateTrustSer,IRET_C,https://quote.eastmoney.com/us/IRET_C.html
INTLRECTIFIERCORP,IRF,https://quote.eastmoney.com/us/IRF.html
IGNITERESTAURANTGROUP,IRG,https://quote.eastmoney.com/us/IRG.html
艾里德克斯,IRIX,https://quote.eastmoney.com/us/IRIX.html
NewIrelandFundInc,IRL,https://quote.eastmoney.com/us/IRL.html
铁山,IRM,https://quote.eastmoney.com/us/IRM.html
iRadimedCorp,IRMD,https://quote.eastmoney.com/us/IRMD.html
IFBancorpInc,IROQ,https://quote.eastmoney.com/us/IROQ.html
VoyaNaturalResourcesEquityI,IRR,https://quote.eastmoney.com/us/IRR.html
INVERSIONESREPRES,IRS,https://quote.eastmoney.com/us/IRS.html
INDEPENDENCEREALTYTRUST,IRT,https://quote.eastmoney.com/us/IRT.html
IndependenceRealtyTrustInc,IRT_NYSE,https://quote.eastmoney.com/us/IRT_NYSE.html
iRhythmTechnologiesInc,IRTC,https://quote.eastmoney.com/us/IRTC.html
SPDRS&PInternationalMaterial,IRV,https://quote.eastmoney.com/us/IRV.html
IronwoodPharmaceuticalsInc-A,IRWD,https://quote.eastmoney.com/us/IRWD.html
IronwoodPharmaceuticalsInc-AWI,IRWDV,https://quote.eastmoney.com/us/IRWDV.html
SPDRS&PInternationalHealthC,IRY,https://quote.eastmoney.com/us/IRY.html
投资者银行,ISBC,https://quote.eastmoney.com/us/ISBC.html
国际赛道,ISCA,https://quote.eastmoney.com/us/ISCA.html
iSharesFactorselectMSCIIntl,ISCF,https://quote.eastmoney.com/us/ISCF.html
PrudentialShortDurationHigh,ISD,https://quote.eastmoney.com/us/ISD.html
IssuerDirectCorp,ISDR,https://quote.eastmoney.com/us/ISDR.html
InvescoStrategicDevelopedex-,ISDS,https://quote.eastmoney.com/us/ISDS.html
InvescoStrategicDevelopedex-,ISDX,https://quote.eastmoney.com/us/ISDX.html
IVERICbioInc,ISEE,https://quote.eastmoney.com/us/ISEE.html
InvescoStrategicEmergingMark,ISEM,https://quote.eastmoney.com/us/ISEM.html
INGGROEPNV,ISF,https://quote.eastmoney.com/us/ISF.html
INGGroepNVDebt,ISF_CL,https://quote.eastmoney.com/us/ISF_CL.html
INGGROEPNV,ISG,https://quote.eastmoney.com/us/ISG.html
INTLSHIPHOLDINGCORP,ISH,https://quote.eastmoney.com/us/ISH.html
InternationalShipholdingCopro,ISH_A,https://quote.eastmoney.com/us/ISH_A.html
InternationalShipholdingCorpo,ISH_B,https://quote.eastmoney.com/us/ISH_B.html
iSharesInternationalTreasury,ISHG,https://quote.eastmoney.com/us/ISHG.html
InsigniaSystemsInc,ISIG,https://quote.eastmoney.com/us/ISIG.html
英特矽尔半导体,ISIL,https://quote.eastmoney.com/us/ISIL.html
ISISPHARMACEUTICALSINC,ISIS,https://quote.eastmoney.com/us/ISIS.html
AberdeemIsraelFundInc,ISL,https://quote.eastmoney.com/us/ISL.html
卡普里岛赌场,ISLE,https://quote.eastmoney.com/us/ISLE.html
SLMCORPORATION,ISM,https://quote.eastmoney.com/us/ISM.html
NorthernLtsFdTrIvInspireS,ISMD,https://quote.eastmoney.com/us/ISMD.html
图像传感系统,ISNS,https://quote.eastmoney.com/us/ISNS.html
INGGROEPNV6.20%INGPERPETUALDEB,ISP,https://quote.eastmoney.com/us/ISP.html
ISORAYINC,ISR,https://quote.eastmoney.com/us/ISR.html
MarketVectorsIsraelETF,ISRA,https://quote.eastmoney.com/us/ISRA.html
直觉外科,ISRG,https://quote.eastmoney.com/us/ISRG.html
IsramcoInc,ISRL,https://quote.eastmoney.com/us/ISRL.html
软通动力,ISS,https://quote.eastmoney.com/us/ISS.html
创新软件,ISSC,https://quote.eastmoney.com/us/ISSC.html
芯成半导体,ISSI,https://quote.eastmoney.com/us/ISSI.html
SPDRS&PInternationalTelecomm,IST,https://quote.eastmoney.com/us/IST.html
iSharesCore1-5YearUSdBond,ISTB,https://quote.eastmoney.com/us/ISTB.html
iSharesCore1-5YearUSDBond,ISTB_NASDAQ,https://quote.eastmoney.com/us/ISTB_NASDAQ.html
InvestarHoldingCorp,ISTR,https://quote.eastmoney.com/us/ISTR.html
iSharesMSCIInternationalDeve,ISZE,https://quote.eastmoney.com/us/ISZE.html
GARTNER,IT,https://quote.eastmoney.com/us/IT.html
iSharesU.S.Aerospace&Defens,ITA,https://quote.eastmoney.com/us/ITA.html
iSharesU.S.HomeConstruction,ITB,https://quote.eastmoney.com/us/ITB.html
ITCHOLDINGS,ITC,https://quote.eastmoney.com/us/ITC.html
ItauCorpbancaADR,ITCB,https://quote.eastmoney.com/us/ITCB.html
Intra-CellularTherapiesInc,ITCI,https://quote.eastmoney.com/us/ITCI.html
SPDRBarclaysIntermediateTerm,ITE,https://quote.eastmoney.com/us/ITE.html
InotekPharmaceuticalsCorp,ITEK,https://quote.eastmoney.com/us/ITEK.html
BlueStarTA-BIGITechIsraelTec,ITEQ,https://quote.eastmoney.com/us/ITEQ.html
iSharesJapanLarge-CapETF,ITF,https://quote.eastmoney.com/us/ITF.html
INVESTMENTTECHNOLOGYGROUP,ITG,https://quote.eastmoney.com/us/ITG.html
IntegerHoldingsCorp,ITGR,https://quote.eastmoney.com/us/ITGR.html
ITERISINC,ITI,https://quote.eastmoney.com/us/ITI.html
投资者不动产产权保险,ITIC,https://quote.eastmoney.com/us/ITIC.html
iSharesInternationalInflation,ITIP,https://quote.eastmoney.com/us/ITIP.html
MarketVectors-IntermediateMu,ITM,https://quote.eastmoney.com/us/ITM.html
VANECKVECTORSETFTRUST,ITML,https://quote.eastmoney.com/us/ITML.html
INTERMUNEINC,ITMN,https://quote.eastmoney.com/us/ITMN.html
ItamarMedicalLtdADR,ITMR,https://quote.eastmoney.com/us/ITMR.html
VANECKVECTORSETFTRUST,ITMS,https://quote.eastmoney.com/us/ITMS.html
iSharesCoreS&PTotalU.S.Sto,ITOT,https://quote.eastmoney.com/us/ITOT.html
IT科技包装,ITP,https://quote.eastmoney.com/us/ITP.html
SPDRBarclaysIntermediateTerm,ITR,https://quote.eastmoney.com/us/ITR.html
埃创,ITRI,https://quote.eastmoney.com/us/ITRI.html
IterumTherapeuticsplc,ITRM,https://quote.eastmoney.com/us/ITRM.html
IturanLocationandControlLtd,ITRN,https://quote.eastmoney.com/us/ITRN.html
ITT,ITT,https://quote.eastmoney.com/us/ITT.html
艾涛巴西联合银行,ITUB,https://quote.eastmoney.com/us/ITUB.html
ITUSCorp,ITUS,https://quote.eastmoney.com/us/ITUS.html
伊利诺伊工具,ITW,https://quote.eastmoney.com/us/ITW.html
InvescoStrategicUSETF,IUS,https://quote.eastmoney.com/us/IUS.html
iSharesCoreTotalUSdBondMar,IUSB,https://quote.eastmoney.com/us/IUSB.html
iSharesCoreTotalUSDBondMar,IUSB_NASDAQ,https://quote.eastmoney.com/us/IUSB_NASDAQ.html
iSharesCoreU.S.GrowthETF,IUSG,https://quote.eastmoney.com/us/IUSG.html
iSharesCoreS&PU.S.GrowthET,IUSG_NASDAQ,https://quote.eastmoney.com/us/IUSG_NASDAQ.html
InvescoStrategicUSSmallComp,IUSS,https://quote.eastmoney.com/us/IUSS.html
iSharesCoreU.S.ValueETF,IUSV,https://quote.eastmoney.com/us/IUSV.html
iSharesCoreS&PU.S.ValueETF,IUSV_NASDAQ,https://quote.eastmoney.com/us/IUSV_NASDAQ.html
因特瓦克,IVAC,https://quote.eastmoney.com/us/IVAC.html
ValueSharesInternationalQuant,IVAL,https://quote.eastmoney.com/us/IVAL.html
IVANHOEENERGYINC,IVAN,https://quote.eastmoney.com/us/IVAN.html
INVACARECORP,IVC,https://quote.eastmoney.com/us/IVC.html
iSharesS&P500ValueETF,IVE,https://quote.eastmoney.com/us/IVE.html
IvyNextShares,IVENC,https://quote.eastmoney.com/us/IVENC.html
IvyNextShares,IVFGC,https://quote.eastmoney.com/us/IVFGC.html
IvyNextShares,IVFVC,https://quote.eastmoney.com/us/IVFVC.html
IvyCreditOpportunitiesFund,IVH,https://quote.eastmoney.com/us/IVH.html
iSharesMSCIInternationalDeve,IVLU,https://quote.eastmoney.com/us/IVLU.html
VanguardS&PMid-Cap400Growth,IVOG,https://quote.eastmoney.com/us/IVOG.html
QuadraticInterestRateVolatil,IVOL,https://quote.eastmoney.com/us/IVOL.html
VanguardS&PMid-Cap400ETF,IVOO,https://quote.eastmoney.com/us/IVOO.html
iPathInverseS&P500VIXShort,IVOP,https://quote.eastmoney.com/us/IVOP.html
VanguardS&PMid-Cap400Value,IVOV,https://quote.eastmoney.com/us/IVOV.html
INVESCOMORTAGECAPITALINC,IVR,https://quote.eastmoney.com/us/IVR.html
InvescoMortgageCapitalInc,IVR_A,https://quote.eastmoney.com/us/IVR_A.html
InvescoMortgageCapitalInc,IVR_B,https://quote.eastmoney.com/us/IVR_B.html
InvescoMortgageCapitalIncSe,IVR_C,https://quote.eastmoney.com/us/IVR_C.html
InvuityInc,IVTY,https://quote.eastmoney.com/us/IVTY.html
iSharesCoreS&P500ETF,IVV,https://quote.eastmoney.com/us/IVV.html
iSharesS&P500GrowthETF,IVW,https://quote.eastmoney.com/us/IVW.html
景顺,IVZ,https://quote.eastmoney.com/us/IVZ.html
iSharesRussell1000ETF,IWB,https://quote.eastmoney.com/us/IWB.html
iSharesMicro-CapETF,IWC,https://quote.eastmoney.com/us/IWC.html
iSharesRussell1000ValueETF,IWD,https://quote.eastmoney.com/us/IWD.html
iSharesRussell1000GrowthETF,IWF,https://quote.eastmoney.com/us/IWF.html
iSharesRussellTop200ETF,IWL,https://quote.eastmoney.com/us/IWL.html
iSharesRussell2000ETF,IWM,https://quote.eastmoney.com/us/IWM.html
iSharesRussell2000ValueETF,IWN,https://quote.eastmoney.com/us/IWN.html
iSharesRussell2000GrowthETF,IWO,https://quote.eastmoney.com/us/IWO.html
iSharesRussellMid-CapGrowth,IWP,https://quote.eastmoney.com/us/IWP.html
iSharesRussellMid-CapETF,IWR,https://quote.eastmoney.com/us/IWR.html
iSharesRussellMid-CapValueE,IWS,https://quote.eastmoney.com/us/IWS.html
iSharesRussell3000ETF,IWV,https://quote.eastmoney.com/us/IWV.html
iSharesRussellTop200ValueE,IWX,https://quote.eastmoney.com/us/IWX.html
iSharesRussellTop200Growth,IWY,https://quote.eastmoney.com/us/IWY.html
ORIX-SPONSOREDADR,IX,https://quote.eastmoney.com/us/IX.html
iSharesGlobalEnergyETF,IXC,https://quote.eastmoney.com/us/IXC.html
iSharesGlobalFinancialsETF,IXG,https://quote.eastmoney.com/us/IXG.html
iSharesGlobalHealthcareETF,IXJ,https://quote.eastmoney.com/us/IXJ.html
iSharesGlobalTechETF,IXN,https://quote.eastmoney.com/us/IXN.html
iSharesGlobalTelecomETF,IXP,https://quote.eastmoney.com/us/IXP.html
WisdomTreeIndiaEx-State-Owned,IXSE,https://quote.eastmoney.com/us/IXSE.html
iSharesCoreMSCITotalInterna,IXUS,https://quote.eastmoney.com/us/IXUS.html
IXYSCorp,IXYS,https://quote.eastmoney.com/us/IXYS.html
iSharesU.S.ConsumerServices,IYC,https://quote.eastmoney.com/us/IYC.html
iSharesU.S.EnergyETF,IYE,https://quote.eastmoney.com/us/IYE.html
iSharesU.S.FinancialsETF,IYF,https://quote.eastmoney.com/us/IYF.html
iSharesU.S.FinancialServices,IYG,https://quote.eastmoney.com/us/IYG.html
iSharesU.S.HealthcareETF,IYH,https://quote.eastmoney.com/us/IYH.html
iSharesU.S.IndustrialsETF,IYJ,https://quote.eastmoney.com/us/IYJ.html
iSharesU.S.ConsumerGoodsETF,IYK,https://quote.eastmoney.com/us/IYK.html
iSharesMorningstarMulti-Asset,IYLD,https://quote.eastmoney.com/us/IYLD.html
iSharesU.S.BasicMaterialsET,IYM,https://quote.eastmoney.com/us/IYM.html
iSharesU.S.RealEstateETF,IYR,https://quote.eastmoney.com/us/IYR.html
iSharesTransportationAverage,IYT,https://quote.eastmoney.com/us/IYT.html
iSharesU.S.TechnologyETF,IYW,https://quote.eastmoney.com/us/IYW.html
iSharesDowJonesU.S.ETF,IYY,https://quote.eastmoney.com/us/IYY.html
iSharesU.S.Telecommunications,IYZ,https://quote.eastmoney.com/us/IYZ.html
IZEAWorldwideInc,IZEA,https://quote.eastmoney.com/us/IZEA.html
ARKIsraelInnovativeTechnolog,IZRL,https://quote.eastmoney.com/us/IZRL.html
JackintheBoxInc,JACK,https://quote.eastmoney.com/us/JACK.html
COLLABRIUMJAPANACQCO,JACQU,https://quote.eastmoney.com/us/JACQU.html
劳伦斯珠宝,JADE,https://quote.eastmoney.com/us/JADE.html
JAGUARMININGINC,JAG,https://quote.eastmoney.com/us/JAG.html
JPMorganU.S.AggregateBondET,JAGG,https://quote.eastmoney.com/us/JAGG.html
JaguarHealthInc,JAGX,https://quote.eastmoney.com/us/JAGX.html
JARDEN,JAH,https://quote.eastmoney.com/us/JAH.html
JAKKSPacificInc,JAKK,https://quote.eastmoney.com/us/JAKK.html
WisdomTreeJapanMultifactorFu,JAMF,https://quote.eastmoney.com/us/JAMF.html
JasonIndustriesInc,JASN,https://quote.eastmoney.com/us/JASN.html
JasonIndustriesIncWt,JASNW,https://quote.eastmoney.com/us/JASNW.html
晶澳太阳能,JASO,https://quote.eastmoney.com/us/JASO.html
J.Alexander'sHoldingsInc,JAX,https://quote.eastmoney.com/us/JAX.html
杰克逊维尔银行,JAXB,https://quote.eastmoney.com/us/JAXB.html
"J.Alexander'sHoldings,Inc.",JAXH,https://quote.eastmoney.com/us/JAXH.html
爵士制药,JAZZ,https://quote.eastmoney.com/us/JAZZ.html
JBG史密斯地产,JBGS,https://quote.eastmoney.com/us/JBGS.html
JB亨特运输服务,JBHT,https://quote.eastmoney.com/us/JBHT.html
CORPORATE-BACKEDTRUSTCTFLEHMANABSC,JBI,https://quote.eastmoney.com/us/JBI.html
LEHMANABSCORPORATIONBACKEDTRUSTCER,JBJ,https://quote.eastmoney.com/us/JBJ.html
LEHMANABSCORP3.50ADJCORPBACKEDTR,JBK,https://quote.eastmoney.com/us/JBK.html
捷普电子,JBL,https://quote.eastmoney.com/us/JBL.html
捷蓝航空,JBLU,https://quote.eastmoney.com/us/JBLU.html
SELECTASSETINC,JBN,https://quote.eastmoney.com/us/JBN.html
LEHMANABSCORP,JBO,https://quote.eastmoney.com/us/JBO.html
DefianceJuniorRoboticsETF,JBOT,https://quote.eastmoney.com/us/JBOT.html
SELECTASSETINCCBTCSERIES2006-1,JBR,https://quote.eastmoney.com/us/JBR.html
JamesBiblicallyResponsibleIn,JBRI,https://quote.eastmoney.com/us/JBRI.html
JohnB.Sanfilippo&SonInc,JBSS,https://quote.eastmoney.com/us/JBSS.html
JOHNBEANTECHNOLOGIESCORP,JBT,https://quote.eastmoney.com/us/JBT.html
JerniganCapitalInc,JCAP,https://quote.eastmoney.com/us/JCAP.html
JerniganCapitalIncSeriesBP,JCAP_B,https://quote.eastmoney.com/us/JCAP_B.html
NuveenCoreEquityAlphaFund,JCE,https://quote.eastmoney.com/us/JCE.html
江森自控,JCI,https://quote.eastmoney.com/us/JCI.html
NuveenCrOpportunities2022Ta,JCO,https://quote.eastmoney.com/us/JCO.html
j2GlobalInc,JCOM,https://quote.eastmoney.com/us/JCOM.html
彭尼,JCP,https://quote.eastmoney.com/us/JCP.html
JPMorganCorePlusBondETF,JCPB,https://quote.eastmoney.com/us/JCPB.html
COMMUNICATIONSSYSTEMSINC,JCS,https://quote.eastmoney.com/us/JCS.html
朱伊特卡梅伦贸易,JCTCF,https://quote.eastmoney.com/us/JCTCF.html
京东,JD,https://quote.eastmoney.com/us/JD.html
NuveenDiversifiedDividendAnd,JDD,https://quote.eastmoney.com/us/JDD.html
WisdomTreeJapanDividendGrowt,JDG,https://quote.eastmoney.com/us/JDG.html
JPMorganU.S.DividendETF,JDIV,https://quote.eastmoney.com/us/JDIV.html
DirexionDailyJuniorGoldMine,JDST,https://quote.eastmoney.com/us/JDST.html
捷迪讯光电,JDSU,https://quote.eastmoney.com/us/JDSU.html
JustEnergyGroupInc,JE,https://quote.eastmoney.com/us/JE.html
JustEnergyGroup,JE_A,https://quote.eastmoney.com/us/JE_A.html
雅各布斯工程,JEC,https://quote.eastmoney.com/us/JEC.html
JefferiesFinancialGroupInc,JEF,https://quote.eastmoney.com/us/JEF.html
JELD-WENHoldingInc,JELD,https://quote.eastmoney.com/us/JELD.html
iPathGEMSIndexETN,JEM,https://quote.eastmoney.com/us/JEM.html
NuveenEmergingMarketsDebt20,JEMD,https://quote.eastmoney.com/us/JEMD.html
AberdeenJapanEquityFund,JEQ,https://quote.eastmoney.com/us/JEQ.html
CROSSHAIREXPLORATION&MINI,JETMF,https://quote.eastmoney.com/us/JETMF.html
U.S.GlobalJetsETF,JETS,https://quote.eastmoney.com/us/JETS.html
JEFFERSONBANCSHARESINC,JFBI,https://quote.eastmoney.com/us/JFBI.html
JFCHINAREGIONFUNDINC,JFC,https://quote.eastmoney.com/us/JFC.html
9F玖富,JFG,https://quote.eastmoney.com/us/JFG.html
嘉银金科,JFIN,https://quote.eastmoney.com/us/JFIN.html
8iEnterprisesAcquisitionCorp,JFK,https://quote.eastmoney.com/us/JFK.html
8iEnterprisesAcquisitionCorp,JFKK,https://quote.eastmoney.com/us/JFKK.html
8iEnterprisesAcquisitionCorp,JFKKR,https://quote.eastmoney.com/us/JFKKR.html
8iEnterprisesAcquisitionCorpUnitConsof1Sh,JFKKU,https://quote.eastmoney.com/us/JFKKU.html
8iEnterprisesAcquisitionCorpWt,JFKKW,https://quote.eastmoney.com/us/JFKKW.html
NuveenFloatingRateIncomeFun,JFR,https://quote.eastmoney.com/us/JFR.html
9F玖富,JFU,https://quote.eastmoney.com/us/JFU.html
9F玖富,JFU_NYSE,https://quote.eastmoney.com/us/JFU_NYSE.html
极光,JG,https://quote.eastmoney.com/us/JG.html
WisdomtreeJapanInterestRate,JGBB,https://quote.eastmoney.com/us/JGBB.html
DB3xInverseJapaneseGovtBon,JGBD,https://quote.eastmoney.com/us/JGBD.html
DBJapaneseGovtBondFuturesE,JGBL,https://quote.eastmoney.com/us/JGBL.html
DBInverseJapaneseGovtBondF,JGBS,https://quote.eastmoney.com/us/JGBS.html
DB3xJapaneseGovtBondFuture,JGBT,https://quote.eastmoney.com/us/JGBT.html
NuveenGlobalHighIncomeFund,JGH,https://quote.eastmoney.com/us/JGH.html
NuveenGlobalEquityIncomeFun,JGV,https://quote.eastmoney.com/us/JGV.html
JGWPTHOLDINGSINC,JGW,https://quote.eastmoney.com/us/JGW.html
NuveenHighIncome2020Target,JHA,https://quote.eastmoney.com/us/JHA.html
NuveenHighIncome2023Target,JHAA,https://quote.eastmoney.com/us/JHAA.html
NuveenHighIncomeNovember202,JHB,https://quote.eastmoney.com/us/JHB.html
JohnHancockMultifactorMedia,JHCS,https://quote.eastmoney.com/us/JHCS.html
NuveenHighIncomeDecember201,JHD,https://quote.eastmoney.com/us/JHD.html
WisdomTreeJapanHedgedDividen,JHDG,https://quote.eastmoney.com/us/JHDG.html
JohnHancockMultifactorEmergi,JHEM,https://quote.eastmoney.com/us/JHEM.html
骏利亨德森,JHG,https://quote.eastmoney.com/us/JHG.html
JohnHancockInvestorsTrustCa,JHI,https://quote.eastmoney.com/us/JHI.html
JohnHancockMultifactorMateri,JHMA,https://quote.eastmoney.com/us/JHMA.html
JohnHancockMultifactorConsum,JHMC,https://quote.eastmoney.com/us/JHMC.html
JOHNHANCOCKETFTRMULTIFACTOR,JHMD,https://quote.eastmoney.com/us/JHMD.html
JohnHancockMultifactorEnergy,JHME,https://quote.eastmoney.com/us/JHME.html
JohnHancockMultifactorFinanc,JHMF,https://quote.eastmoney.com/us/JHMF.html
JohnHancockMultifactorHealth,JHMH,https://quote.eastmoney.com/us/JHMH.html
JohnHancockMultifactorIndust,JHMI,https://quote.eastmoney.com/us/JHMI.html
JohnHancockMultifactorLarge,JHML,https://quote.eastmoney.com/us/JHML.html
JohnHancockMultifactorMidCa,JHMM,https://quote.eastmoney.com/us/JHMM.html
JohnHancockMultifactorConsum,JHMS,https://quote.eastmoney.com/us/JHMS.html
JohnHancockMultifactorTechno,JHMT,https://quote.eastmoney.com/us/JHMT.html
JohnHancockMultifactorUtilit,JHMU,https://quote.eastmoney.com/us/JHMU.html
NuveenQualityPreferredIncome,JHP,https://quote.eastmoney.com/us/JHP.html
JohnHancockIncomeSecurities,JHS,https://quote.eastmoney.com/us/JHS.html
JohnHancockMultifactorSmall,JHSC,https://quote.eastmoney.com/us/JHSC.html
JAMESHARDIEINDS-SPONSADR,JHX,https://quote.eastmoney.com/us/JHX.html
NuveenHighIncome2020TargetTermFund,JHY,https://quote.eastmoney.com/us/JHY.html
JPMorganCorporateBondResearc,JIGB,https://quote.eastmoney.com/us/JIGB.html
J.JillInc,JILL,https://quote.eastmoney.com/us/JILL.html
JiveSoftwareInc,JIVE,https://quote.eastmoney.com/us/JIVE.html
iPathBloombergAgricultureSub,JJA,https://quote.eastmoney.com/us/JJA.html
iPathSeriesBBloombergAgricu,JJAB,https://quote.eastmoney.com/us/JJAB.html
iPathBloombergCopperSubindex,JJC,https://quote.eastmoney.com/us/JJC.html
iPathSeriesBBloombergCopper,JJCB,https://quote.eastmoney.com/us/JJCB.html
iPathBloombergEnergySubindex,JJE,https://quote.eastmoney.com/us/JJE.html
iPathSeriesBBloombergEnergy,JJEB,https://quote.eastmoney.com/us/JJEB.html
iPathBloombergGrainsSubindex,JJG,https://quote.eastmoney.com/us/JJG.html
iPathSeriesBBloombergGrains,JJGB,https://quote.eastmoney.com/us/JJGB.html
iPathBloombergIndustrialMeta,JJM,https://quote.eastmoney.com/us/JJM.html
iPathSeriesBBloombergIndust,JJMB,https://quote.eastmoney.com/us/JJMB.html
iPathBloombergNickelSubindex,JJN,https://quote.eastmoney.com/us/JJN.html
iPathBloombergPreciousMetals,JJP,https://quote.eastmoney.com/us/JJP.html
iPathSeriesBBloombergPrecio,JJPB,https://quote.eastmoney.com/us/JJPB.html
iPathBloombergSoftsSubindex,JJS,https://quote.eastmoney.com/us/JJS.html
iPathSeriesBBloombergSofts,JJSB,https://quote.eastmoney.com/us/JJSB.html
JJSF食品,JJSF,https://quote.eastmoney.com/us/JJSF.html
iPathBloombergTinSubindexTo,JJT,https://quote.eastmoney.com/us/JJT.html
iPathSeriesBBloombergTinSu,JJTB,https://quote.eastmoney.com/us/JJTB.html
iPathBloombergAluminumSubind,JJU,https://quote.eastmoney.com/us/JJU.html
iPathSeriesBBloombergAlumin,JJUB,https://quote.eastmoney.com/us/JJUB.html
iSharesMorningstarLarge-CapE,JKD,https://quote.eastmoney.com/us/JKD.html
iSharesMorningstarLarge-CapG,JKE,https://quote.eastmoney.com/us/JKE.html
iSharesMorningstarLarge-CapV,JKF,https://quote.eastmoney.com/us/JKF.html
iSharesMorningstarMid-CapETF,JKG,https://quote.eastmoney.com/us/JKG.html
iSharesMorningstarMid-CapGro,JKH,https://quote.eastmoney.com/us/JKH.html
杰克亨利,JKHY,https://quote.eastmoney.com/us/JKHY.html
iSharesMorningstarMid-CapVal,JKI,https://quote.eastmoney.com/us/JKI.html
iSharesMorningstarSmall-CapE,JKJ,https://quote.eastmoney.com/us/JKJ.html
iSharesMorningstarSmall-CapG,JKK,https://quote.eastmoney.com/us/JKK.html
iSharesMorningstarSmall-CapV,JKL,https://quote.eastmoney.com/us/JKL.html
晶科能源,JKS,https://quote.eastmoney.com/us/JKS.html
NUVEENEQUITYPREMIUMADVANTAGEFUND,JLA,https://quote.eastmoney.com/us/JLA.html
JONESLANGLASALLE,JLL,https://quote.eastmoney.com/us/JLL.html
NuveenMortgageOpportunityTer,JLS,https://quote.eastmoney.com/us/JLS.html
JambaInc,JMBA,https://quote.eastmoney.com/us/JMBA.html
JanusHendersonMortgage-Backed,JMBS,https://quote.eastmoney.com/us/JMBS.html
聚美优品,JMEI,https://quote.eastmoney.com/us/JMEI.html
NuveenEnergyMlpTotalReturn,JMF,https://quote.eastmoney.com/us/JMF.html
JOURNALMEDIAGROUPInc,JMG,https://quote.eastmoney.com/us/JMG.html
JAVELINMORTGAGEINVESTMENTCORP,JMI,https://quote.eastmoney.com/us/JMI.html
JumiaTechnologiesAGADR,JMIA,https://quote.eastmoney.com/us/JMIA.html
JPMorganU.S.MinimumVolatilit,JMIN,https://quote.eastmoney.com/us/JMIN.html
NuveenAllCapEnergyMlpOppor,JMLP,https://quote.eastmoney.com/us/JMLP.html
NuveenMulti-MarketIncomeFund,JMM,https://quote.eastmoney.com/us/JMM.html
JPMorganU.S.MomentumFactorE,JMOM,https://quote.eastmoney.com/us/JMOM.html
JMPGROUPINC,JMP,https://quote.eastmoney.com/us/JMP.html
JmpGroupInc8.00%SeniorNote,JMPB,https://quote.eastmoney.com/us/JMPB.html
JmpGroupInc7.25%SeniorNote,JMPC,https://quote.eastmoney.com/us/JMPC.html
JMPGroupIncNotes,JMPD,https://quote.eastmoney.com/us/JMPD.html
跳跃网络,JMPW,https://quote.eastmoney.com/us/JMPW.html
JPMorganUltra-ShortMunicipal,JMST,https://quote.eastmoney.com/us/JMST.html
NuveenMortgageOpportunityTer,JMT,https://quote.eastmoney.com/us/JMT.html
众美联,JMU,https://quote.eastmoney.com/us/JMU.html
JPMorganMunicipalETF,JMUB,https://quote.eastmoney.com/us/JMUB.html
JounceTherapeuticsInc,JNCE,https://quote.eastmoney.com/us/JNCE.html
强生,JNJ,https://quote.eastmoney.com/us/JNJ.html
SPDRBarclaysHighYieldBondE,JNK,https://quote.eastmoney.com/us/JNK.html
JuniperPharmaceuticalsInc,JNP,https://quote.eastmoney.com/us/JNP.html
瞻博网络,JNPR,https://quote.eastmoney.com/us/JNPR.html
骏利资产管理,JNS,https://quote.eastmoney.com/us/JNS.html
DirexionDailyJuniorGoldMine,JNUG,https://quote.eastmoney.com/us/JNUG.html
JONESAPPARELGROUPINC,JNY,https://quote.eastmoney.com/us/JNY.html
iPathBloombergCoffeeSubindex,JO,https://quote.eastmoney.com/us/JO.html
GENERALEMPLOYMENTENTER,JOB,https://quote.eastmoney.com/us/JOB.html
前程无忧,JOBS,https://quote.eastmoney.com/us/JOBS.html
ST.JOE,JOE,https://quote.eastmoney.com/us/JOE.html
JOE'SJEANSINC,JOEZ,https://quote.eastmoney.com/us/JOEZ.html
JapanSmallerCapitalizationFu,JOF,https://quote.eastmoney.com/us/JOF.html
XtrackersIndxxNewEnergy&En,JOLT,https://quote.eastmoney.com/us/JOLT.html
JonesEnergyInc-A,JONE,https://quote.eastmoney.com/us/JONE.html
JOSABANKCLOTHIERSINC,JOSB,https://quote.eastmoney.com/us/JOSB.html
约翰逊户外,JOUT,https://quote.eastmoney.com/us/JOUT.html
久益环球,JOY,https://quote.eastmoney.com/us/JOY.html
钜派投资,JP,https://quote.eastmoney.com/us/JP.html
JamesPurposeBasedInvestment,JPBI,https://quote.eastmoney.com/us/JPBI.html
NuveenPreferredIncomeOpportu,JPC,https://quote.eastmoney.com/us/JPC.html
JPMorganEventDrivenETF,JPED,https://quote.eastmoney.com/us/JPED.html
JPMorganDiversifiedReturnEur,JPEH,https://quote.eastmoney.com/us/JPEH.html
JpmorganDiversifiedReturnEme,JPEM,https://quote.eastmoney.com/us/JPEM.html
JPENERGYPARTNERSLP,JPEP,https://quote.eastmoney.com/us/JPEP.html
JPMorganDiversifiedReturnEur,JPEU,https://quote.eastmoney.com/us/JPEU.html
JPMorganGlobalBondOpportunit,JPGB,https://quote.eastmoney.com/us/JPGB.html
JpmorganDiversifiedReturnGlo,JPGE,https://quote.eastmoney.com/us/JPGE.html
JPMorganChase&CoETF,JPHF,https://quote.eastmoney.com/us/JPHF.html
JPMorganChase&Co,JPHY,https://quote.eastmoney.com/us/JPHY.html
NuveenPreferredAndIncomeTer,JPI,https://quote.eastmoney.com/us/JPI.html
JPMorganDiversifiedReturnInt,JPIH,https://quote.eastmoney.com/us/JPIH.html
JpmorganDiversifiedReturnInt,JPIN,https://quote.eastmoney.com/us/JPIN.html
JPMorganLong/ShortETF,JPLS,https://quote.eastmoney.com/us/JPLS.html
摩根大通,JPM,https://quote.eastmoney.com/us/JPM.html
JPMorganChase&Co,JPM_A,https://quote.eastmoney.com/us/JPM_A.html
JPMorganChase&Co,JPM_B,https://quote.eastmoney.com/us/JPM_B.html
JPMorganChase&CoSeriesTPf,JPM_B_CL,https://quote.eastmoney.com/us/JPM_B_CL.html
JPMorganChase&CoSeriesEEP,JPM_C,https://quote.eastmoney.com/us/JPM_C.html
JPMorganChase&Co,JPM_D,https://quote.eastmoney.com/us/JPM_D.html
JPMorganChase&Co,JPM_E,https://quote.eastmoney.com/us/JPM_E.html
JPMorganChase&CoSeriesWPf,JPM_E_CL,https://quote.eastmoney.com/us/JPM_E_CL.html
JPMorganChase&Co,JPM_F,https://quote.eastmoney.com/us/JPM_F.html
JPMorganChase&Co,JPM_G,https://quote.eastmoney.com/us/JPM_G.html
JPMorganChase&Co,JPM_H,https://quote.eastmoney.com/us/JPM_H.html
JPMorganChase&CoWt,JPM_WS,https://quote.eastmoney.com/us/JPM_WS.html
JPMorganUSDEmergingMarketsS,JPMB,https://quote.eastmoney.com/us/JPMB.html
JPMorganDiversifiedReturnU.S,JPME,https://quote.eastmoney.com/us/JPME.html
JPMorganManagedFuturesStrate,JPMF,https://quote.eastmoney.com/us/JPMF.html
iSharesMSCIJapanMinimumVola,JPMV,https://quote.eastmoney.com/us/JPMV.html
DeutscheX-TrackersJapanJPX-N,JPN,https://quote.eastmoney.com/us/JPN.html
DeutscheX-trackersJapanJPX-N,JPNH,https://quote.eastmoney.com/us/JPNH.html
DirexionDailyJapanBull3xSh,JPNL,https://quote.eastmoney.com/us/JPNL.html
SPDRRussell/NomuraPrimeJapan,JPP,https://quote.eastmoney.com/us/JPP.html
NuveenQualityPreferredIncome,JPS,https://quote.eastmoney.com/us/JPS.html
JPMORGANDIVERSIFIEDRETURNU,JPSE,https://quote.eastmoney.com/us/JPSE.html
JPMorganUltra-ShortIncomeETF,JPST,https://quote.eastmoney.com/us/JPST.html
NuveenPreferredandIncome202,JPT,https://quote.eastmoney.com/us/JPT.html
JPMorganDiversifiedReturnU.S,JPUS,https://quote.eastmoney.com/us/JPUS.html
NuveenFlexibleInvestmentInco,JPW,https://quote.eastmoney.com/us/JPW.html
ProSharesUltrashortMSCIPacif,JPX,https://quote.eastmoney.com/us/JPX.html
iSharesJPX-Nikkei400ETF,JPXN,https://quote.eastmoney.com/us/JPXN.html
NuveenCreditStrategiesIncome,JQC,https://quote.eastmoney.com/us/JQC.html
JPMorganU.S.QualityFactorET,JQUA,https://quote.eastmoney.com/us/JQUA.html
JAMESRIVERCOALCO,JRCCQ,https://quote.eastmoney.com/us/JRCCQ.html
NuveenRealAssetIncomeAndGr,JRI,https://quote.eastmoney.com/us/JRI.html
金融界,JRJC,https://quote.eastmoney.com/us/JRJC.html
JRjr33Inc,JRJR,https://quote.eastmoney.com/us/JRJR.html
JOURNALCOMMUNICATIONSINC-A,JRN,https://quote.eastmoney.com/us/JRN.html
NuveenFloatingRateIncomeOpp,JRO,https://quote.eastmoney.com/us/JRO.html
NuveenRealEstateIncomeFund,JRS,https://quote.eastmoney.com/us/JRS.html
NuveenRealEstateFund,JRS_NYSE,https://quote.eastmoney.com/us/JRS_NYSE.html
JerashHoldings(US)Inc,JRSH,https://quote.eastmoney.com/us/JRSH.html
JamesRiverGroupHoldingsLtd,JRVR,https://quote.eastmoney.com/us/JRVR.html
SPDRRussell/NomuraSmallCapJ,JSC,https://quote.eastmoney.com/us/JSC.html
NuveenShortDurationCreditOp,JSD,https://quote.eastmoney.com/us/JSD.html
JONESSODACO,JSDA,https://quote.eastmoney.com/us/JSDA.html
DefianceJuniorCloudComputing,JSKY,https://quote.eastmoney.com/us/JSKY.html
SLMCORP6.0%SRNTSDUE12/15/2043,JSM,https://quote.eastmoney.com/us/JSM.html
JanusSmall/MidCapGrowthAlph,JSMD,https://quote.eastmoney.com/us/JSMD.html
JanusSmallCapGrowthAlphaET,JSML,https://quote.eastmoney.com/us/JSML.html
NUVEENEQUITYPREMIUMOPPORTUNITYFUND,JSN,https://quote.eastmoney.com/us/JSN.html
金盘电气,JST,https://quote.eastmoney.com/us/JST.html
JensynAcquisitionCorp,JSYN,https://quote.eastmoney.com/us/JSYN.html
JensynAcquistionCorp,JSYNR,https://quote.eastmoney.com/us/JSYNR.html
JensynAcquisitionUnitCorpConsof1Sh+1Rt,JSYNU,https://quote.eastmoney.com/us/JSYNU.html
JensynAcquisitionCorpWt,JSYNW,https://quote.eastmoney.com/us/JSYNW.html
简普科技,JT,https://quote.eastmoney.com/us/JT.html
NuveenTax-AdvantagedTotalRet,JTA,https://quote.eastmoney.com/us/JTA.html
NuveenTax-AdvantageDividendG,JTD,https://quote.eastmoney.com/us/JTD.html
NuveenQualityPreferredIncome,JTP,https://quote.eastmoney.com/us/JTP.html
JetPayCorp,JTPY,https://quote.eastmoney.com/us/JTPY.html
DhandhoJunoonETF,JUNE,https://quote.eastmoney.com/us/JUNE.html
JunoTherapeuticsInc,JUNO,https://quote.eastmoney.com/us/JUNO.html
GlobalXJuniorMinersETF,JUNR,https://quote.eastmoney.com/us/JUNR.html
GoldmanSachsJUSTU.S.LargeC,JUST,https://quote.eastmoney.com/us/JUST.html
COFFEEHOLDINGCOINC,JVA,https://quote.eastmoney.com/us/JVA.html
JPMorganU.S.ValueFactorETF,JVAL,https://quote.eastmoney.com/us/JVAL.html
JOHNWILEY&SONSIncCLASSA,A,https://quote.eastmoney.com/us/JW/A.html
JOHNWILEY&SONSIncCLASSB,B,https://quote.eastmoney.com/us/JW/B.html
约翰威立国际出版-A,JW_A,https://quote.eastmoney.com/us/JW_A.html
约翰威立国际出版-B,JW_B,https://quote.eastmoney.com/us/JW_B.html
诺德斯特龙,JWN,https://quote.eastmoney.com/us/JWN.html
iSharesGlobalUtilitiesETF,JXI,https://quote.eastmoney.com/us/JXI.html
JacksonvilleBancorpInc,JXSB,https://quote.eastmoney.com/us/JXSB.html
BarclaysBankPLCiPathJPY/USD,JYN,https://quote.eastmoney.com/us/JYN.html
TheJointCorp,JYNT,https://quote.eastmoney.com/us/JYNT.html
LEHMANABSCORPORATION6.0%CORP-BCKDT,JZC,https://quote.eastmoney.com/us/JZC.html
LEHMANABSCORP,JZJ,https://quote.eastmoney.com/us/JZJ.html
LEHMANABSCORPORATION7%CORP-BCKDTRS,JZK,https://quote.eastmoney.com/us/JZK.html
LEHMANABSCORPORATION,JZL,https://quote.eastmoney.com/us/JZL.html
LEHMANABSCORPCORPBCKDTRUSTCERTSK,JZT,https://quote.eastmoney.com/us/JZT.html
LEHMANABSCORPORATION,JZV,https://quote.eastmoney.com/us/JZV.html
家乐氏,K,https://quote.eastmoney.com/us/K.html
KayneAndersonAcquisitionCorp-A,KAAC,https://quote.eastmoney.com/us/KAAC.html
KayneAndersonAcquisitionCorpUnitConsof1CL,KAACU,https://quote.eastmoney.com/us/KAACU.html
KayneAndersonAcquisitionCorpWt,KAACW,https://quote.eastmoney.com/us/KAACW.html
KADANTINC,KAI,https://quote.eastmoney.com/us/KAI.html
卡拉制药,KALA,https://quote.eastmoney.com/us/KALA.html
KraneSharesMSCIAllChinaInde,KALL,https://quote.eastmoney.com/us/KALL.html
凯撒铝业,KALU,https://quote.eastmoney.com/us/KALU.html
KalVistaPharmaceuticalsInc,KALV,https://quote.eastmoney.com/us/KALV.html
KamanCorp,KAMN,https://quote.eastmoney.com/us/KAMN.html
爱康国宾,KANG,https://quote.eastmoney.com/us/KANG.html
KcapFinancialInc,KAP,https://quote.eastmoney.com/us/KAP.html
KCAPFinancialIncNotes,KAP_CL,https://quote.eastmoney.com/us/KAP_CL.html
KARAUCTIONSERVICES,KAR,https://quote.eastmoney.com/us/KAR.html
KARAuctionServicesIncWI,KAR_V,https://quote.eastmoney.com/us/KAR_V.html
KraneSharesElectricVehiclesa,KARS,https://quote.eastmoney.com/us/KARS.html
KARAuctionServicesIncWI,KARW,https://quote.eastmoney.com/us/KARW.html
KateSpade&Co,KATE,https://quote.eastmoney.com/us/KATE.html
KBFINANCIALGROUPINC-ADR,KB,https://quote.eastmoney.com/us/KB.html
KraneSharesBoseraMSCIChinaA,KBA,https://quote.eastmoney.com/us/KBA.html
KimballInternationalInc-B,KBAL,https://quote.eastmoney.com/us/KBAL.html
KIMBALLINTERNATIONAL-B,KBALB,https://quote.eastmoney.com/us/KBALB.html
SPDRS&PBankETF,KBE,https://quote.eastmoney.com/us/KBE.html
KBHOME,KBH,https://quote.eastmoney.com/us/KBH.html
KALOBIOSPHARMACEUTICALSINC,KBIO,https://quote.eastmoney.com/us/KBIO.html
KBL收购公司,KBLM,https://quote.eastmoney.com/us/KBLM.html
KBLMergerCorpIVRt,KBLMR,https://quote.eastmoney.com/us/KBLMR.html
KBL收购公司,KBLMU,https://quote.eastmoney.com/us/KBLMU.html
KBLMergerCorpIVWt,KBLMW,https://quote.eastmoney.com/us/KBLMW.html
KraneSharesBloombergBarclays,KBND,https://quote.eastmoney.com/us/KBND.html
KBR,KBR,https://quote.eastmoney.com/us/KBR.html
KBS服饰,KBSF,https://quote.eastmoney.com/us/KBSF.html
AQUASITIONCORP,KBSFU,https://quote.eastmoney.com/us/KBSFU.html
KBWINC,KBW,https://quote.eastmoney.com/us/KBW.html
PowerSharesKbwBankPortfolio,KBWB,https://quote.eastmoney.com/us/KBWB.html
PowerSharesKbwCapitalMarkets,KBWC,https://quote.eastmoney.com/us/KBWC.html
PowerSharesKbwHighDividendY,KBWD,https://quote.eastmoney.com/us/KBWD.html
PowerSharesKbwInsurancePortf,KBWI,https://quote.eastmoney.com/us/KBWI.html
PowerSharesKbwProperty&Casu,KBWP,https://quote.eastmoney.com/us/KBWP.html
PowerSharesKbwRegionalBankin,KBWR,https://quote.eastmoney.com/us/KBWR.html
PowerSharesKbwPremiumYieldE,KBWY,https://quote.eastmoney.com/us/KBWY.html
KIMBERRESOURCESINC,KBX,https://quote.eastmoney.com/us/KBX.html
KIMBERRESOURCESINC,KBXRF,https://quote.eastmoney.com/us/KBXRF.html
科尔伯格资本金融,KCAP,https://quote.eastmoney.com/us/KCAP.html
KCAPFinancialIncNotes,KCAPL,https://quote.eastmoney.com/us/KCAPL.html
STRUCTUREDPRODUCTSCORTSPROVIDENTFIN,KCC,https://quote.eastmoney.com/us/KCC.html
KraneSharesCCBSChinaCorporat,KCCB,https://quote.eastmoney.com/us/KCCB.html
SPDRS&PCapitalMarketsETF,KCE,https://quote.eastmoney.com/us/KCE.html
KNIGHTCAPITALGROUPINC-A,KCG,https://quote.eastmoney.com/us/KCG.html
堪萨斯城人寿保险,KCLI,https://quote.eastmoney.com/us/KCLI.html
KraneSharesEFundChinaCommer,KCNY,https://quote.eastmoney.com/us/KCNY.html
KadmonHoldingsInc,KDMN,https://quote.eastmoney.com/us/KDMN.html
KAYDONCORP,KDN,https://quote.eastmoney.com/us/KDN.html
KeurigDrPepperInc,KDP,https://quote.eastmoney.com/us/KDP.html
CadusCorporation,KDUS,https://quote.eastmoney.com/us/KDUS.html
KimballElectronicsInc,KE,https://quote.eastmoney.com/us/KE.html
KED基金,KED,https://quote.eastmoney.com/us/KED.html
KoreaEquityFund,KEF,https://quote.eastmoney.com/us/KEF.html
KEYENERGYSERVICESINC,KEG,https://quote.eastmoney.com/us/KEG.html
凯利服务-A,KELYA,https://quote.eastmoney.com/us/KELYA.html
凯利服务-B,KELYB,https://quote.eastmoney.com/us/KELYB.html
KEMET,KEM,https://quote.eastmoney.com/us/KEM.html
KraneSharesFTSEEmergingMarke,KEMP,https://quote.eastmoney.com/us/KEMP.html
KraneSharesEmergingMarketsCo,KEMQ,https://quote.eastmoney.com/us/KEMQ.html
KraneSharesMSCIEmergingMarke,KEMX,https://quote.eastmoney.com/us/KEMX.html
KenonHoldingsLtd,KEN,https://quote.eastmoney.com/us/KEN.html
韩国电力,KEP,https://quote.eastmoney.com/us/KEP.html
基瓦尼科技,KEQU,https://quote.eastmoney.com/us/KEQU.html
AkernaCorp,KERN,https://quote.eastmoney.com/us/KERN.html
AkernaCorpWt,KERNW,https://quote.eastmoney.com/us/KERNW.html
克律克斯生物制药,KERX,https://quote.eastmoney.com/us/KERX.html
KIRBY,KEX,https://quote.eastmoney.com/us/KEX.html
KEYCORP,KEY,https://quote.eastmoney.com/us/KEY.html
Keycorp7.750%Non-CumulativeP,KEY_G,https://quote.eastmoney.com/us/KEY_G.html
KeyCorp,KEY_H,https://quote.eastmoney.com/us/KEY_H.html
KeyCorp,KEY_I,https://quote.eastmoney.com/us/KEY_I.html
KeyCorpSeriesFPfd,KEY_J,https://quote.eastmoney.com/us/KEY_J.html
KeyCorpSeriesGPfd,KEY_K,https://quote.eastmoney.com/us/KEY_K.html
KEYNOTESYSTEMSINC,KEYN,https://quote.eastmoney.com/us/KEYN.html
是德科技,KEYS,https://quote.eastmoney.com/us/KEYS.html
TheKeyWHoldingCorp,KEYW,https://quote.eastmoney.com/us/KEYW.html
KoreaFundInc,KF,https://quote.eastmoney.com/us/KF.html
肯塔基第一联邦银行,KFFB,https://quote.eastmoney.com/us/KFFB.html
KkrFinancialHoldingsLlc8.37,KFH,https://quote.eastmoney.com/us/KFH.html
KkrFinancialHoldingsLlc7.50,KFI,https://quote.eastmoney.com/us/KFI.html
KKRFinancialHoldingsLLC,KFI_CL,https://quote.eastmoney.com/us/KFI_CL.html
KKRFINANCIALHOLDINGLLC,KFN,https://quote.eastmoney.com/us/KFN.html
KkrFinancialHoldingsLlc7.37,KFN_,https://quote.eastmoney.com/us/KFN_.html
KforceInc,KFRC,https://quote.eastmoney.com/us/KFRC.html
KINGSWAYFINANCIALSERVICES,KFS,https://quote.eastmoney.com/us/KFS.html
KOFAXLTD,KFX,https://quote.eastmoney.com/us/KFX.html
KORN/FERRYINTERNATIONAL,KFY,https://quote.eastmoney.com/us/KFY.html
KraneSharesCSINewChinaETF,KFYP,https://quote.eastmoney.com/us/KFYP.html
KINROSSGOLDCORP,KGC,https://quote.eastmoney.com/us/KGC.html
金凰珠宝,KGJI,https://quote.eastmoney.com/us/KGJI.html
KEEGANRESOURCESINC,KGN,https://quote.eastmoney.com/us/KGN.html
KraneSharesMSCIChinaEnvironm,KGRN,https://quote.eastmoney.com/us/KGRN.html
TheKraftHeinzCo,KHC,https://quote.eastmoney.com/us/KHC.html
DeutscheHighIncomeTrust,KHI,https://quote.eastmoney.com/us/KHI.html
KIDBRANDSINC,KIDB,https://quote.eastmoney.com/us/KIDB.html
KIDBRANDSINC,KIDBQ,https://quote.eastmoney.com/us/KIDBQ.html
OrthoPediatricsCorp,KIDS,https://quote.eastmoney.com/us/KIDS.html
SPDRS&PInsuranceETF,KIE,https://quote.eastmoney.com/us/KIE.html
金克地产,KIM,https://quote.eastmoney.com/us/KIM.html
KimcoRealtyCorporation,KIM_H,https://quote.eastmoney.com/us/KIM_H.html
KimcoRealtyCorporation,KIM_H_CL,https://quote.eastmoney.com/us/KIM_H_CL.html
KimcoRealtyCorporation,KIM_I,https://quote.eastmoney.com/us/KIM_I.html
KimcoRealtyCorpClassIPfd,KIM_I_CL,https://quote.eastmoney.com/us/KIM_I_CL.html
KimcoRealtyCorporation,KIM_J,https://quote.eastmoney.com/us/KIM_J.html
KimcoRealtyCorporation,KIM_K,https://quote.eastmoney.com/us/KIM_K.html
KimcoRealtyCorpClassKPfd,KIM_K_CL,https://quote.eastmoney.com/us/KIM_K_CL.html
KimcoRealtyCorpClassLPfd,KIM_L,https://quote.eastmoney.com/us/KIM_L.html
KimcoRealtyCorpClassMPfd,KIM_M,https://quote.eastmoney.com/us/KIM_M.html
KINDREDBIOSCIENCES,KIN,https://quote.eastmoney.com/us/KIN.html
KINGDIGITALENTERTAINMENTPLC,KING,https://quote.eastmoney.com/us/KING.html
金石保险,KINS,https://quote.eastmoney.com/us/KINS.html
KkrIncomeOpportunitiesFund,KIO,https://quote.eastmoney.com/us/KIO.html
KIORINC,KIOR,https://quote.eastmoney.com/us/KIOR.html
KIORINC,KIORQ,https://quote.eastmoney.com/us/KIORQ.html
KIPSBAYMEDICALINC,KIPS,https://quote.eastmoney.com/us/KIPS.html
KelsoTechnologiesInc,KIQ,https://quote.eastmoney.com/us/KIQ.html
Kirkland'sInc,KIRK,https://quote.eastmoney.com/us/KIRK.html
KITDIGITALINC,KITD,https://quote.eastmoney.com/us/KITD.html
KitePharmaInc,KITE,https://quote.eastmoney.com/us/KITE.html
KRISPYKREMEDOUGHNUTSINC,KKD,https://quote.eastmoney.com/us/KKD.html
KKR&COLP,KKR,https://quote.eastmoney.com/us/KKR.html
KKR&CoLP,KKR_A,https://quote.eastmoney.com/us/KKR_A.html
KKR&CoL.P.,KKR_B,https://quote.eastmoney.com/us/KKR_B.html
柯克兰湖金矿,KL,https://quote.eastmoney.com/us/KL.html
科磊,KLAC,https://quote.eastmoney.com/us/KLAC.html
KFALargeCapQualityDividend,KLCD,https://quote.eastmoney.com/us/KLCD.html
iSharesMSCIUSAEsgSelectETF,KLD,https://quote.eastmoney.com/us/KLD.html
KaleidoBiosciencesInc,KLDO,https://quote.eastmoney.com/us/KLDO.html
ExchangeListedFundsTrustGav,KLDW,https://quote.eastmoney.com/us/KLDW.html
KlondexMinesLtd,KLDX,https://quote.eastmoney.com/us/KLDX.html
ExchangeListedFundsTrustGav,KLEM,https://quote.eastmoney.com/us/KLEM.html
库力索法工业,KLIC,https://quote.eastmoney.com/us/KLIC.html
"KLOXTECHNOLOGIES,INC.",KLOX,https://quote.eastmoney.com/us/KLOX.html
KLREnergyAcquisitionCorp.,KLRE,https://quote.eastmoney.com/us/KLRE.html
KLREnergyAcquisitionCorp.,KLREU,https://quote.eastmoney.com/us/KLREU.html
KLREnergyAcquisitionCorp.,KLREW,https://quote.eastmoney.com/us/KLREW.html
KLXEnergyServicesHoldingsInc,KLXE,https://quote.eastmoney.com/us/KLXE.html
KLXInc,KLXI,https://quote.eastmoney.com/us/KLXI.html
金佰利,KMB,https://quote.eastmoney.com/us/KMB.html
KamadaLtd,KMDA,https://quote.eastmoney.com/us/KMDA.html
KraneSharesEmergingMarketsHe,KMED,https://quote.eastmoney.com/us/KMED.html
KayneAndersonMidstream/Energy,KMF,https://quote.eastmoney.com/us/KMF.html
KMGCHEMICALSINC,KMG,https://quote.eastmoney.com/us/KMG.html
金德尔摩根,KMI,https://quote.eastmoney.com/us/KMI.html
"KinderMorgan,Inc.",KMI_A,https://quote.eastmoney.com/us/KMI_A.html
KinderMorganIncWt,KMI_WS,https://quote.eastmoney.com/us/KMI_WS.html
DeutscheMulti-MarketIncomeTr,KMM,https://quote.eastmoney.com/us/KMM.html
KINDERMORGANENERGYPTNR,KMP,https://quote.eastmoney.com/us/KMP.html
KemperCorporation,KMPA,https://quote.eastmoney.com/us/KMPA.html
KemPharmInc,KMPH,https://quote.eastmoney.com/us/KMPH.html
KemperCorp,KMPR,https://quote.eastmoney.com/us/KMPR.html
KINDERMORGANMANAGEMENT,KMR,https://quote.eastmoney.com/us/KMR.html
KENNAMETAL,KMT,https://quote.eastmoney.com/us/KMT.html
CARMAX,KMX,https://quote.eastmoney.com/us/KMX.html
KnowlesCorp,KN,https://quote.eastmoney.com/us/KN.html
MicroSectorsU.S.BigBanksInd,KNAB,https://quote.eastmoney.com/us/KNAB.html
KINDREDHEALTHCAREINC,KND,https://quote.eastmoney.com/us/KND.html
康迪,KNDI,https://quote.eastmoney.com/us/KNDI.html
CboeVestS&P500DividendAris,KNG,https://quote.eastmoney.com/us/KNG.html
KNOLLINC,KNL,https://quote.eastmoney.com/us/KNL.html
KONAMICORP-ADR,KNM,https://quote.eastmoney.com/us/KNM.html
KINEMEDINC,KNMD,https://quote.eastmoney.com/us/KNMD.html
KNOTOffshorePartnersLP,KNOP,https://quote.eastmoney.com/us/KNOP.html
DirexionAllCapInsiderSentim,KNOW,https://quote.eastmoney.com/us/KNOW.html
KiniksaPharmaceuticalsLtd-A,KNSA,https://quote.eastmoney.com/us/KNSA.html
KinsaleCapitalGroupInc,KNSL,https://quote.eastmoney.com/us/KNSL.html
KNIGHTSWIFTTRANSPORTATIONHOLDINGINC,KNX,https://quote.eastmoney.com/us/KNX.html
可口可乐,KO,https://quote.eastmoney.com/us/KO.html
KodiakSciencesInc,KOD,https://quote.eastmoney.com/us/KOD.html
柯达,KODK,https://quote.eastmoney.com/us/KODK.html
EastmanKodakCoWt,KODK_WS,https://quote.eastmoney.com/us/KODK_WS.html
EastmanKodakCoWt,KODK_WS_A,https://quote.eastmoney.com/us/KODK_WS_A.html
COCA-COLAFEMSASAB-SPADR,KOF,https://quote.eastmoney.com/us/KOF.html
KodiakOil&GasCorp,KOG,https://quote.eastmoney.com/us/KOG.html
InnovationSharesNextGenProto,KOIN,https://quote.eastmoney.com/us/KOIN.html
MarketVectors-CoalETF,KOL,https://quote.eastmoney.com/us/KOL.html
ProSharesUltrashortBloomberg,KOLD,https://quote.eastmoney.com/us/KOLD.html
SPDRKenshoNewEconomiesCompo,KOMP,https://quote.eastmoney.com/us/KOMP.html
科纳烧烤,KONA,https://quote.eastmoney.com/us/KONA.html
联合信息,KONE,https://quote.eastmoney.com/us/KONE.html
空中网,KONG,https://quote.eastmoney.com/us/KONG.html
热动力医疗,KOOL,https://quote.eastmoney.com/us/KOOL.html
KOPPERSHOLDINGSINC,KOP,https://quote.eastmoney.com/us/KOP.html
高平电子,KOPN,https://quote.eastmoney.com/us/KOPN.html
AdvisorSharesKIMKoreaEquity,KOR,https://quote.eastmoney.com/us/KOR.html
AmericanCenturyDiversifiedCo,KORP,https://quote.eastmoney.com/us/KORP.html
迈克高仕,KORS,https://quote.eastmoney.com/us/KORS.html
DirexionDailySouthKoreaBull,KORU,https://quote.eastmoney.com/us/KORU.html
KOSMOSENERGY,KOS,https://quote.eastmoney.com/us/KOS.html
高斯电子,KOSS,https://quote.eastmoney.com/us/KOSS.html
PepperFoodServiceCoLtdADR,KPFS,https://quote.eastmoney.com/us/KPFS.html
KaryopharmTherapeuticsInc,KPTI,https://quote.eastmoney.com/us/KPTI.html
克罗格,KR,https://quote.eastmoney.com/us/KR.html
POLYMERHOLDINGS,KRA,https://quote.eastmoney.com/us/KRA.html
KILROYREALTY,KRC,https://quote.eastmoney.com/us/KRC.html
KilroyRealtyCorporation,KRC_G,https://quote.eastmoney.com/us/KRC_G.html
KilroyRealtyCorporation,KRC_H,https://quote.eastmoney.com/us/KRC_H.html
KilroyRealtyCorpSeriesHPfd,KRC_H_CL,https://quote.eastmoney.com/us/KRC_H_CL.html
SPDRS&PRegionalBankingETF,KRE,https://quote.eastmoney.com/us/KRE.html
KKRRealEstateFinanceTrustInc,KREF,https://quote.eastmoney.com/us/KREF.html
卡夫北美杂货,KRFT,https://quote.eastmoney.com/us/KRFT.html
KITEREALTYGROUPTRUST,KRG,https://quote.eastmoney.com/us/KRG.html
KiteRealtyGroupTrust,KRG_A,https://quote.eastmoney.com/us/KRG_A.html
KiteRealtyGroupTrust,KRG_A_CL,https://quote.eastmoney.com/us/KRG_A_CL.html
STRUCTUREDPRODUCTSCORTSIIIPROVIDEN,KRJ,https://quote.eastmoney.com/us/KRJ.html
GlobalXConsciousCompaniesET,KRMA,https://quote.eastmoney.com/us/KRMA.html
KornitDigitalLtd,KRNT,https://quote.eastmoney.com/us/KRNT.html
卡尼金融储蓄,KRNY,https://quote.eastmoney.com/us/KRNY.html
KRONOS,KRO,https://quote.eastmoney.com/us/KRO.html
IQAustraliaSmallCapETF,KROO,https://quote.eastmoney.com/us/KROO.html
KimbellRoyaltyPartnersLP,KRP,https://quote.eastmoney.com/us/KRP.html
ProSharesShortS&PRegionalBa,KRS,https://quote.eastmoney.com/us/KRS.html
KarunaTherapeuticsInc,KRTX,https://quote.eastmoney.com/us/KRTX.html
ProSharesUltraS&PRegionalBa,KRU,https://quote.eastmoney.com/us/KRU.html
KuraSushiUSAInc-A,KRUS,https://quote.eastmoney.com/us/KRUS.html
KrystalBiotechInc,KRYS,https://quote.eastmoney.com/us/KRYS.html
KAPSTONEPAPERANDPACKAGING,KS,https://quote.eastmoney.com/us/KS.html
STRUCTUREDPRODUCTSCORTSPROVIDENTFIN,KSA,https://quote.eastmoney.com/us/KSA.html
KFASmallCapQualityDividend,KSCD,https://quote.eastmoney.com/us/KSCD.html
DeutscheStrategicMunicipalIn,KSM,https://quote.eastmoney.com/us/KSM.html
柯尔百货,KSS,https://quote.eastmoney.com/us/KSS.html
DeutscheStrategicIncomeTrust,KST,https://quote.eastmoney.com/us/KST.html
堪萨斯南方铁路,KSU,https://quote.eastmoney.com/us/KSU.html
KansasCitySouthernNon-Cumula,KSU_,https://quote.eastmoney.com/us/KSU_.html
K-SWISSINC-CLA,KSWS,https://quote.eastmoney.com/us/KSWS.html
KOREATELECOM,KT,https://quote.eastmoney.com/us/KT.html
KontoorBrandsInc,KTB,https://quote.eastmoney.com/us/KTB.html
KontoorBrandsIncWI,KTBW,https://quote.eastmoney.com/us/KTBW.html
KeyTronicCorp,KTCC,https://quote.eastmoney.com/us/KTCC.html
KeyTechnologyInc,KTEC,https://quote.eastmoney.com/us/KTEC.html
DeutscheMunicipalIncomeTrust,KTF,https://quote.eastmoney.com/us/KTF.html
STRUCTUREDPRODUCTSCORTSPECOENERGYC,KTH,https://quote.eastmoney.com/us/KTH.html
STRUCTUREDPRODUCTSCORTSAONCAPITALA,KTN,https://quote.eastmoney.com/us/KTN.html
克瑞拓斯安全防卫,KTOS,https://quote.eastmoney.com/us/KTOS.html
KitovPharmaLtdADR,KTOV,https://quote.eastmoney.com/us/KTOV.html
KitovPharmaLtdWt,KTOVW,https://quote.eastmoney.com/us/KTOVW.html
STRUCTUREDPRODUCTSCORTSJCPENNEYD,KTP,https://quote.eastmoney.com/us/KTP.html
K2MGroupHoldingsInc,KTWO,https://quote.eastmoney.com/us/KTWO.html
KUBOTACORP-SPONSADR,KUBTY,https://quote.eastmoney.com/us/KUBTY.html
KuraOncologyInc,KURA,https://quote.eastmoney.com/us/KURA.html
KraneSharesMSCIAllChinaHeal,KURE,https://quote.eastmoney.com/us/KURE.html
酷6,KUTV,https://quote.eastmoney.com/us/KUTV.html
KVH工业,KVHI,https://quote.eastmoney.com/us/KVHI.html
KENNEDY-WILSONHOLDINGS,KW,https://quote.eastmoney.com/us/KW.html
KranesharesCsiChinaInternet,KWEB,https://quote.eastmoney.com/us/KWEB.html
QUICKSILVERRESOURCESINC,KWK,https://quote.eastmoney.com/us/KWK.html
Kennedy-WilsonHoldingsInc7.7,KWN,https://quote.eastmoney.com/us/KWN.html
QUAKERCHEMICALCORP,KWR,https://quote.eastmoney.com/us/KWR.html
MarketVectors-SolarEnergyETF,KWT,https://quote.eastmoney.com/us/KWT.html
iSharesGlobalConsumerStaples,KXI,https://quote.eastmoney.com/us/KXI.html
开心汽车,KXIN,https://quote.eastmoney.com/us/KXIN.html
开心汽车(权证),KXINW,https://quote.eastmoney.com/us/KXINW.html
KOBEXMINERALSINC,KXM,https://quote.eastmoney.com/us/KXM.html
KAYAKSOFTWARE,KYAK,https://quote.eastmoney.com/us/KYAK.html
KayneAndersonEnergyTotalRet,KYE,https://quote.eastmoney.com/us/KYE.html
KAYNEANDERSONMLPINVESTMENTCOMPANY,KYN,https://quote.eastmoney.com/us/KYN.html
KayneAndersonMlpInvestmentC,KYN_E,https://quote.eastmoney.com/us/KYN_E.html
KayneAndersonMLPInvestmentC,KYN_E_CL,https://quote.eastmoney.com/us/KYN_E_CL.html
KayneAndersonMlpInvestmentC,KYN_F,https://quote.eastmoney.com/us/KYN_F.html
KayneAndersonMlpInvestmentC,KYN_G,https://quote.eastmoney.com/us/KYN_G.html
KayneAndersonMLPInvestmentC,KYN_G_CL,https://quote.eastmoney.com/us/KYN_G_CL.html
KYOCERACORP-SPONSADR,KYO,https://quote.eastmoney.com/us/KYO.html
KYTHERABIOPHARMACEUTICALSINC,KYTH,https://quote.eastmoney.com/us/KYTH.html
空中网,KZ,https://quote.eastmoney.com/us/KZ.html
KaziaTherapeuticsLtdADR,KZIA,https://quote.eastmoney.com/us/KZIA.html
KezarLifeSciencesInc,KZR,https://quote.eastmoney.com/us/KZR.html
洛斯保险,L,https://quote.eastmoney.com/us/L.html
LOUISIANABANCORPINC,LABC,https://quote.eastmoney.com/us/LABC.html
DirexionDailyS&PBiotechBear,LABD,https://quote.eastmoney.com/us/LABD.html
Multi-ColorCorp,LABL,https://quote.eastmoney.com/us/LABL.html
DirexionDailyS&PBiotechBear,LABS,https://quote.eastmoney.com/us/LABS.html
DirexionDailyS&PBiotechBull,LABU,https://quote.eastmoney.com/us/LABU.html
LithiumAmericasCorp,LAC,https://quote.eastmoney.com/us/LAC.html
DirexionDailyConsumerStaples,LACK,https://quote.eastmoney.com/us/LACK.html
LAKESENTERTAINMENTINC,LACO,https://quote.eastmoney.com/us/LACO.html
LeisureAcquisitionCorp,LACQ,https://quote.eastmoney.com/us/LACQ.html
LeisureAcquisitionCorpUnitConsof1Sh+0.5W,LACQU,https://quote.eastmoney.com/us/LACQU.html
LeisureAcquisitionCorpWt,LACQW,https://quote.eastmoney.com/us/LACQW.html
LITHIAMOTORSINC-CLA,LAD,https://quote.eastmoney.com/us/LAD.html
LadderCapitalCorp-A,LADR,https://quote.eastmoney.com/us/LADR.html
SPDRBarclaysAggregateBondET,LAG,https://quote.eastmoney.com/us/LAG.html
流利说,LAIX,https://quote.eastmoney.com/us/LAIX.html
雷克兰工业,LAKE,https://quote.eastmoney.com/us/LAKE.html
PowersharesMulti-StrategyAlte,LALT,https://quote.eastmoney.com/us/LALT.html
拉马尔户外广告,LAMR,https://quote.eastmoney.com/us/LAMR.html
兰卡斯特食品,LANC,https://quote.eastmoney.com/us/LANC.html
GladstoneLandCorp,LAND,https://quote.eastmoney.com/us/LAND.html
GladstoneLandCorporation,LANDP,https://quote.eastmoney.com/us/LANDP.html
AberdeenLatinAmericaEquityF,LAQ,https://quote.eastmoney.com/us/LAQ.html
TierraXPLatinAmericaRealEs,LARE,https://quote.eastmoney.com/us/LARE.html
兰德马克银行,LARK,https://quote.eastmoney.com/us/LARK.html
联拓集团,LAS,https://quote.eastmoney.com/us/LAS.html
恩耐激光,LASR,https://quote.eastmoney.com/us/LASR.html
LaureateEducationInc-A,LAUR,https://quote.eastmoney.com/us/LAUR.html
劳森产品,LAWS,https://quote.eastmoney.com/us/LAWS.html
莱恩工程,LAYN,https://quote.eastmoney.com/us/LAYN.html
LAZARD,LAZ,https://quote.eastmoney.com/us/LAZ.html
LazydaysHoldingsInc,LAZY,https://quote.eastmoney.com/us/LAZY.html
LazydaysHoldingsIncWt,LAZYW,https://quote.eastmoney.com/us/LAZYW.html
LIMITEDBRANDS,LB,https://quote.eastmoney.com/us/LB.html
雷克兰银行,LBAI,https://quote.eastmoney.com/us/LBAI.html
LutherBurbankCorp,LBC,https://quote.eastmoney.com/us/LBC.html
LongBlockchainCorp.,LBCC,https://quote.eastmoney.com/us/LBCC.html
UBSAG,LBDC,https://quote.eastmoney.com/us/LBDC.html
DeutscheGlobalHighIncomeFun,LBF,https://quote.eastmoney.com/us/LBF.html
LionBiotechnologiesInc,LBIO,https://quote.eastmoney.com/us/LBIO.html
LeadingBrandsInc,LBIX,https://quote.eastmoney.com/us/LBIX.html
DirexionDailyLatinAmericaBu,LBJ,https://quote.eastmoney.com/us/LBJ.html
"LIBERATORMEDICALHOLDINGS,INC.",LBMH,https://quote.eastmoney.com/us/LBMH.html
DB3xLong25+YearTreasuryBo,LBND,https://quote.eastmoney.com/us/LBND.html
LibertyBroadbandCorp-A,LBRDA,https://quote.eastmoney.com/us/LBRDA.html
LibertyBroadbandCorp-C,LBRDK,https://quote.eastmoney.com/us/LBRDK.html
LibertyOilfieldServicesInc-A,LBRT,https://quote.eastmoney.com/us/LBRT.html
LibertyGlobalplc,LBTAV,https://quote.eastmoney.com/us/LBTAV.html
LibertyGlobalplc,LBTBV,https://quote.eastmoney.com/us/LBTBV.html
LibertyGlobalplc,LBTKV,https://quote.eastmoney.com/us/LBTKV.html
自由全球-A,LBTYA,https://quote.eastmoney.com/us/LBTYA.html
自由全球-B,LBTYB,https://quote.eastmoney.com/us/LBTYB.html
自由全球-C,LBTYK,https://quote.eastmoney.com/us/LBTYK.html
LIBBEY,LBY,https://quote.eastmoney.com/us/LBY.html
LendingClubCorp,LC,https://quote.eastmoney.com/us/LC.html
LandcadiaHoldingsIIInc-A,LCA,https://quote.eastmoney.com/us/LCA.html
LandcadiaHoldingsIIIncUnitConsof1CLA+1/,LCAHU,https://quote.eastmoney.com/us/LCAHU.html
LandcadiaHoldingsIIIncWt,LCAHW,https://quote.eastmoney.com/us/LCAHW.html
LCA-VISIONINC,LCAV,https://quote.eastmoney.com/us/LCAV.html
全美航空,LCC,https://quote.eastmoney.com/us/LCC.html
LANNETTCOINC,LCI,https://quote.eastmoney.com/us/LCI.html
LCIIndustries,LCII,https://quote.eastmoney.com/us/LCII.html
Advent/ClaymoreEnhancedGrowth,LCM,https://quote.eastmoney.com/us/LCM.html
LCNBCorp,LCNB,https://quote.eastmoney.com/us/LCNB.html
LoanCoreRealtyTrustInc,LCRT,https://quote.eastmoney.com/us/LCRT.html
LineageCellTherapeuticsInc,LCTX,https://quote.eastmoney.com/us/LCTX.html
美国生牌,LCUT,https://quote.eastmoney.com/us/LCUT.html
iPathBloombergLeadSubindexT,LD,https://quote.eastmoney.com/us/LD.html
LatinAmericanDiscoveryFd,LDF,https://quote.eastmoney.com/us/LDF.html
"LOANDEPOT,INC.",LDI,https://quote.eastmoney.com/us/LDI.html
赛维LDK,LDKSY,https://quote.eastmoney.com/us/LDKSY.html
LYDALLINC,LDL,https://quote.eastmoney.com/us/LDL.html
LeidosHoldingsInc,LDOS,https://quote.eastmoney.com/us/LDOS.html
