name_cn,name_en,url
ARLINGTONASSETINVESTMENTCORP,AI,https://quote.eastmoney.com/us/AI.html
iSharesAsia50ETF,AIA,https://quote.eastmoney.com/us/AIA.html
ApolloInvestmentCorporation6,AIB,https://quote.eastmoney.com/us/AIB.html
ArlingtonAssetInvestmentCorp,AIC,https://quote.eastmoney.com/us/AIC.html
AIPoweredEquityETF,AIEQ,https://quote.eastmoney.com/us/AIEQ.html
ApolloTacticalIncomeFundInc,AIF,https://quote.eastmoney.com/us/AIF.html
美国国际集团,AIG,https://quote.eastmoney.com/us/AIG.html
爱鸿森,AIHS,https://quote.eastmoney.com/us/AIHS.html
ACRERealtyInvestors,AIII,https://quote.eastmoney.com/us/AIII.html
AIPoweredInternationalEquity,AIIQ,https://quote.eastmoney.com/us/AIIQ.html
AEROSONICCORP,AIM,https://quote.eastmoney.com/us/AIM.html
奥创控股,AIMC,https://quote.eastmoney.com/us/AIMC.html
AimmuneTherapeuticsInc,AIMT,https://quote.eastmoney.com/us/AIMT.html
ALBANYINTLCORP-CLA,AIN,https://quote.eastmoney.com/us/AIN.html
AshfordInc,AINC,https://quote.eastmoney.com/us/AINC.html
ApolloInvestmentCorp,AINV,https://quote.eastmoney.com/us/AINV.html
PrecisionTherapeuticsInc,AIPT,https://quote.eastmoney.com/us/AIPT.html
ALLIANCEHEALTHCARESERVICE,AIQ,https://quote.eastmoney.com/us/AIQ.html
AARCORP,AIR,https://quote.eastmoney.com/us/AIR.html
AirgainInc,AIRG,https://quote.eastmoney.com/us/AIRG.html
AirIndustriesGroup,AIRI,https://quote.eastmoney.com/us/AIRI.html
空中方法公司,AIRM,https://quote.eastmoney.com/us/AIRM.html
AirTIncPfd,AIRPV,https://quote.eastmoney.com/us/AIRPV.html
FirstTrustRbaAmericanIndust,AIRR,https://quote.eastmoney.com/us/AIRR.html
AirTInc,AIRT,https://quote.eastmoney.com/us/AIRT.html
AirTIncPfd,AIRTP,https://quote.eastmoney.com/us/AIRTP.html
AirTIncWI,AIRTV,https://quote.eastmoney.com/us/AIRTV.html
AirTIncWt,AIRTW,https://quote.eastmoney.com/us/AIRTW.html
AirTIncWt,AIRWV,https://quote.eastmoney.com/us/AIRWV.html
APPLIEDINDUSTRIALTECHINC,AIT,https://quote.eastmoney.com/us/AIT.html
BeyondAirInc,AITB,https://quote.eastmoney.com/us/AITB.html
ADVANCEDINHALATIONTHERAPIES(AIT)LTD.,AITP,https://quote.eastmoney.com/us/AITP.html
ADVANCEDINHALATIONTHERAPIES(AIT)LTD.,AITPU,https://quote.eastmoney.com/us/AITPU.html
ADVANCEDINHALATIONTHERAPIES(AIT)LTD.,AITPW,https://quote.eastmoney.com/us/AITPW.html
公寓投资与管理,AIV,https://quote.eastmoney.com/us/AIV.html
ArlingtonAssetInvestmentCorp,AIW,https://quote.eastmoney.com/us/AIW.html
AIXTRONAG-SPONSOREDADR,AIXG,https://quote.eastmoney.com/us/AIXG.html
ApolloInvestmentCorporation6,AIY,https://quote.eastmoney.com/us/AIY.html
ASSURANT,AIZ,https://quote.eastmoney.com/us/AIZ.html
AssurantIncSeriesDPfd,AIZP,https://quote.eastmoney.com/us/AIZP.html
AspenREITInc,AJAX,https://quote.eastmoney.com/us/AJAX.html
ARTHURJ.GALLAGHER&CO.,AJG,https://quote.eastmoney.com/us/AJG.html
AerojetRocketdyneHoldingsInc,AJRD,https://quote.eastmoney.com/us/AJRD.html
GreatAjaxCorp,AJX,https://quote.eastmoney.com/us/AJX.html
GreatAjaxCorp,AJXA,https://quote.eastmoney.com/us/AJXA.html
阿卡迈技术,AKAM,https://quote.eastmoney.com/us/AKAM.html
AchaogenInc,AKAO,https://quote.eastmoney.com/us/AKAO.html
AkebiaTherapeuticsInc,AKBA,https://quote.eastmoney.com/us/AKBA.html
阿克希亚制药,AKCA,https://quote.eastmoney.com/us/AKCA.html
AkersBiosciencesInc,AKER,https://quote.eastmoney.com/us/AKER.html
AsankoGoldInc,AKG,https://quote.eastmoney.com/us/AKG.html
EMBOTELLADORAANDINAS.A.SERIESA,A,https://quote.eastmoney.com/us/AKO/A.html
EMBOTELLADORAANDINAS.A.SERIESB,B,https://quote.eastmoney.com/us/AKO/B.html
AllianceCaliforniaMunicipalI,AKP,https://quote.eastmoney.com/us/AKP.html
ACADIAREALTYTRUST,AKR,https://quote.eastmoney.com/us/AKR.html
AkeroTherapeuticsInc,AKRO,https://quote.eastmoney.com/us/AKRO.html
爱克龙药业,AKRX,https://quote.eastmoney.com/us/AKRX.html
AKSTEEL,AKS,https://quote.eastmoney.com/us/AKS.html
AkoustisTechnologiesInc,AKTS,https://quote.eastmoney.com/us/AKTS.html
AkariTherapeuticsPLCADR,AKTX,https://quote.eastmoney.com/us/AKTX.html
AIRLEASE,AL,https://quote.eastmoney.com/us/AL.html
AlbertonAcquisitionCorp,ALAC,https://quote.eastmoney.com/us/ALAC.html
AlbertonAcquisitionCorpRt,ALACR,https://quote.eastmoney.com/us/ALACR.html
AlbertonAcquisitionCorpUnitConsof1Sh+1Wt,ALACU,https://quote.eastmoney.com/us/ALACU.html
AlbertonAcquisitionCorpWt,ALACW,https://quote.eastmoney.com/us/ALACW.html
ALBEMARLE,ALB,https://quote.eastmoney.com/us/ALB.html
AlbireoPharmaInc,ALBO,https://quote.eastmoney.com/us/ALBO.html
ASSISTEDLIVINGCONCEPTSI-A,ALC,https://quote.eastmoney.com/us/ALC.html
阿里科,ALCO,https://quote.eastmoney.com/us/ALCO.html
ALCOSTORES,ALCS,https://quote.eastmoney.com/us/ALCS.html
ALCOSTORES,ALCSQ,https://quote.eastmoney.com/us/ALCSQ.html
WisdomTreeAsiaLocalDebtFund,ALD,https://quote.eastmoney.com/us/ALD.html
AlderBioPharmaceuticalsInc,ALDR,https://quote.eastmoney.com/us/ALDR.html
AlonUSAPartnersLP,ALDW,https://quote.eastmoney.com/us/ALDW.html
AldeyraTherapeuticsInc,ALDX,https://quote.eastmoney.com/us/ALDX.html
ALLETEINC,ALE,https://quote.eastmoney.com/us/ALE.html
AlectorInc,ALEC,https://quote.eastmoney.com/us/ALEC.html
亚历山大&鲍德温,ALEX,https://quote.eastmoney.com/us/ALEX.html
AlphaCloneAlternativeAlphaET,ALFA,https://quote.eastmoney.com/us/ALFA.html
ETFSeriesSolutionsTrust,ALFI,https://quote.eastmoney.com/us/ALFI.html
ALAMOGROUPINC,ALG,https://quote.eastmoney.com/us/ALG.html
艾利科技,ALGN,https://quote.eastmoney.com/us/ALGN.html
AllegroMergerCorp,ALGR,https://quote.eastmoney.com/us/ALGR.html
AllegroMergerCorpRt,ALGRR,https://quote.eastmoney.com/us/ALGRR.html
AllegroMergerCorpUnitConsof1Sh+1Rt+1W,ALGRU,https://quote.eastmoney.com/us/ALGRU.html
AllegroMergerCorpWt,ALGRW,https://quote.eastmoney.com/us/ALGRW.html
忠实航空,ALGT,https://quote.eastmoney.com/us/ALGT.html
AlimeraSciencesInc,ALIM,https://quote.eastmoney.com/us/ALIM.html
AlightInc-A,ALIT,https://quote.eastmoney.com/us/ALIT.html
ALONUSAENERGYINC,ALJ,https://quote.eastmoney.com/us/ALJ.html
ALJRegionalHoldingsInc,ALJJ,https://quote.eastmoney.com/us/ALJJ.html
ALASKAAIRGROUPINC,ALK,https://quote.eastmoney.com/us/ALK.html
阿尔凯默斯,ALKS,https://quote.eastmoney.com/us/ALKS.html
全州保险,ALL,https://quote.eastmoney.com/us/ALL.html
ALLIANCEBANCORPINCOFPENN,ALLB,https://quote.eastmoney.com/us/ALLB.html
安朗杰,ALLE,https://quote.eastmoney.com/us/ALLE.html
AllakosInc,ALLK,https://quote.eastmoney.com/us/ALLK.html
AllogeneTherapeuticsInc,ALLO,https://quote.eastmoney.com/us/ALLO.html
艾奥特,ALLT,https://quote.eastmoney.com/us/ALLT.html
AllyFinancialInc,ALLY,https://quote.eastmoney.com/us/ALLY.html
绿润集团,ALN,https://quote.eastmoney.com/us/ALN.html
AllenaPharmaceuticalsInc,ALNA,https://quote.eastmoney.com/us/ALNA.html
ALLIANCEFINANCIALCORP,ALNC,https://quote.eastmoney.com/us/ALNC.html
阿尔尼拉姆制药,ALNY,https://quote.eastmoney.com/us/ALNY.html
AlioGoldInc,ALO,https://quote.eastmoney.com/us/ALO.html
安络杰医疗器械,ALOG,https://quote.eastmoney.com/us/ALOG.html
AstroNovaInc,ALOT,https://quote.eastmoney.com/us/ALOT.html
AlpineImmuneSciencesInc,ALPN,https://quote.eastmoney.com/us/ALPN.html
AlliquaBioMedicalInc,ALQA,https://quote.eastmoney.com/us/ALQA.html
ALERE,ALR,https://quote.eastmoney.com/us/ALR.html
Alarm.comHoldingsInc,ALRM,https://quote.eastmoney.com/us/ALRM.html
艾勒朗制药,ALRN,https://quote.eastmoney.com/us/ALRN.html
AlerusFinancialCorp,ALRS,https://quote.eastmoney.com/us/ALRS.html
阿拉斯加通信系统,ALSK,https://quote.eastmoney.com/us/ALSK.html
艾里逊变速箱,ALSN,https://quote.eastmoney.com/us/ALSN.html
AltimmuneInc,ALT,https://quote.eastmoney.com/us/ALT.html
ALTERRACAPITALHOLDINGSLTD,ALTE,https://quote.eastmoney.com/us/ALTE.html
ALTAIRNANOTECHNOLOGIESINC,ALTI,https://quote.eastmoney.com/us/ALTI.html
RBSUSLargeCapAlternatorExc,ALTL,https://quote.eastmoney.com/us/ALTL.html
AltusMidstreamCo-A,ALTM,https://quote.eastmoney.com/us/ALTM.html
AltusMidstreamCoWt,ALTMW,https://quote.eastmoney.com/us/ALTMW.html
AltairEngineeringInc-A,ALTR,https://quote.eastmoney.com/us/ALTR.html
ProSharesMorningstarAlternati,ALTS,https://quote.eastmoney.com/us/ALTS.html
ALTEVA,ALTV,https://quote.eastmoney.com/us/ALTV.html
GlobalXSuperDividendAlternat,ALTY,https://quote.eastmoney.com/us/ALTY.html
阿尔卡特朗讯,ALU,https://quote.eastmoney.com/us/ALU.html
AUTOLIVINC,ALV,https://quote.eastmoney.com/us/ALV.html
